species,replicate,dose,time,rawod,OD_minimum_of_each_well,od_corrected,OD_zero_mean_of_each_group_replicate_timepoint,od_normalized
KT2440,1,0,0.0,0.029348812,0.021248009,0.03,0.03,1.0
KT2440,1,0,0.25,0.028950412,0.021248009,0.03,0.03,1.0
KT2440,1,0,0.5,0.036652815,0.021248009,0.03,0.03,1.0
KT2440,1,0,0.75,0.04807362,0.021248009,0.03,0.03,1.0
KT2440,1,0,1.0,0.052057622,0.021248009,0.030809612999999996,0.030809612999999996,1.0
KT2440,1,0,1.25,0.04807362,0.021248009,0.03,0.03,1.0
KT2440,1,0,1.5,0.055776023,0.021248009,0.034528013999999996,0.034528013999999996,1.0
KT2440,1,0,1.75,0.052190422,0.021248009,0.030942413,0.030942413,1.0
KT2440,1,0,2.0,0.059892825,0.021248009,0.038644816,0.038644816,1.0
KT2440,1,0,2.25,0.063611227,0.021248009,0.04236321800000001,0.04236321800000001,1.0
KT2440,1,0,2.5,0.075563232,0.021248009,0.054315222999999996,0.054315222999999996,1.0
KT2440,1,0,2.75,0.090436838,0.021248009,0.06918882900000001,0.06918882900000001,1.0
KT2440,1,0,3.0,0.105974444,0.021248009,0.084726435,0.084726435,1.0
KT2440,1,0,3.25,0.125097652,0.021248009,0.103849643,0.103849643,1.0
KT2440,1,0,3.5,0.159758467,0.021248009,0.13851045799999998,0.13851045799999998,1.0
KT2440,1,0,3.75,0.194684881,0.021248009,0.173436872,0.173436872,1.0
KT2440,1,0,4.0,0.256171307,0.021248009,0.234923298,0.234923298,1.0
KT2440,1,0,4.25,0.398665767,0.021248009,0.377417758,0.377417758,1.0
KT2440,1,0,4.5,0.660680276,0.021248009,0.639432267,0.639432267,1.0
KT2440,1,0,4.75,0.891619573,0.021248009,0.870371564,0.870371564,1.0
KT2440,1,0,5.0,1.030395631,0.021248009,1.009147622,1.009147622,1.0
KT2440,1,0,5.25,1.103568461,0.021248009,1.082320452,1.082320452,1.0
KT2440,1,0,5.5,1.176475692,0.021248009,1.155227683,1.155227683,1.0
KT2440,1,0,5.75,1.092014857,0.021248009,1.0707668479999999,1.0707668479999999,1.0
KT2440,1,0,6.0,1.245930121,0.021248009,1.224682112,1.224682112,1.0
KT2440,1,0,6.25,1.546589447,0.021248009,1.5253414379999999,1.5253414379999999,1.0
KT2440,1,0,6.5,1.638885485,0.021248009,1.617637476,1.617637476,1.0
KT2440,1,0,6.75,1.688951106,0.021248009,1.667703097,1.667703097,1.0
KT2440,1,0,7.0,1.850701574,0.021248009,1.829453565,1.829453565,1.0
KT2440,1,0,7.25,2.077789669,0.021248009,2.05654166,2.05654166,1.0
KT2440,1,0,7.5,2.235821735,0.021248009,2.2145737260000002,2.2145737260000002,1.0
KT2440,1,0,7.75,2.382300196,0.021248009,2.3610521870000003,2.3610521870000003,1.0
KT2440,1,0,8.0,2.555604268,0.021248009,2.5343562590000004,2.5343562590000004,1.0
KT2440,1,0,8.25,2.786676365,0.021248009,2.765428356,2.765428356,1.0
KT2440,1,0,8.5,2.959714837,0.021248009,2.938466828,2.938466828,1.0
KT2440,1,0,8.75,3.13301891,0.021248009,3.1117709010000003,3.1117709010000003,1.0
KT2440,1,0,9.0,3.329695792,0.021248009,3.308447783,3.308447783,1.0
KT2440,1,0,9.25,3.537527879,0.021248009,3.5162798700000004,3.5162798700000004,1.0
KT2440,1,0,9.5,3.722518356,0.021248009,3.7012703470000003,3.7012703470000003,1.0
KT2440,1,0,9.75,3.857177612,0.021248009,3.8359296030000003,3.8359296030000003,1.0
KT2440,1,0,10.0,4.061158498,0.021248009,4.039910489,4.039910489,1.0
KT2440,1,0,10.25,4.219057764,0.021248009,4.197809755000001,4.197809755000001,1.0
KT2440,1,0,10.5,4.373504228,0.021248009,4.352256219,4.352256219,1.0
KT2440,1,0,10.75,4.539105898,0.021248009,4.517857889,4.517857889,1.0
KT2440,1,0,11.0,4.770045194,0.021248009,4.748797185,4.748797185,1.0
KT2440,1,0,11.25,5.228205386,0.021248009,5.206957377,5.206957377,1.0
KT2440,1,0,11.5,5.763522409,0.021248009,5.7422744,5.7422744,1.0
KT2440,1,0,11.75,5.71744079,0.021248009,5.696192781000001,5.696192781000001,1.0
KT2440,1,0,12.0,5.694466381,0.021248009,5.673218372,5.673218372,1.0
KT2440,1,0,12.25,5.563392726,0.021248009,5.542144717,5.542144717,1.0
KT2440,1,0,12.5,5.444271076,0.021248009,5.423023067,5.423023067,1.0
KT2440,1,0,12.75,5.47840069,0.021248009,5.457152681,5.457152681,1.0
KT2440,1,0,13.0,5.517311107,0.021248009,5.4960630980000005,5.4960630980000005,1.0
KT2440,1,0,13.25,5.567509528,0.021248009,5.546261519000001,5.546261519000001,1.0
KT2440,1,0,13.5,5.62129355,0.021248009,5.600045541,5.600045541,1.0
KT2440,1,0,13.75,5.671491971,0.021248009,5.650243962,5.650243962,1.0
KT2440,1,0,14.0,5.698184782,0.021248009,5.676936773,5.676936773,1.0
KT2440,1,0,14.25,5.710003987,0.021248009,5.6887559780000005,5.6887559780000005,1.0
KT2440,1,0,14.5,5.732978397,0.021248009,5.711730388,5.711730388,1.0
KT2440,1,0,14.75,5.751968805,0.021248009,5.730720796,5.730720796,1.0
KT2440,1,0,15.0,5.767904811,0.021248009,5.746656802,5.746656802,1.0
KT2440,1,0,15.25,5.38212065,0.021248009,5.360872641,5.360872641,1.0
KT2440,1,0,15.5,5.713323988,0.021248009,5.692075979,5.692075979,1.0
KT2440,1,0,15.75,5.721557592,0.021248009,5.700309583,5.700309583,1.0
KT2440,1,0,16.0,5.721557592,0.021248009,5.700309583,5.700309583,1.0
KT2440,1,0,16.25,5.710003987,0.021248009,5.6887559780000005,5.6887559780000005,1.0
KT2440,1,0,16.5,5.721557592,0.021248009,5.700309583,5.700309583,1.0
KT2440,1,0,16.75,5.733243997,0.021248009,5.711995988,5.711995988,1.0
KT2440,1,0,17.0,5.725674394,0.021248009,5.7044263850000005,5.7044263850000005,1.0
KT2440,1,0,17.25,5.733376797,0.021248009,5.712128788,5.712128788,1.0
KT2440,1,0,17.5,5.737227998,0.021248009,5.715979989,5.715979989,1.0
KT2440,1,0,17.75,5.748781603,0.021248009,5.7275335940000005,5.7275335940000005,1.0
KT2440,1,0,18.0,5.76418641,0.021248009,5.742938401,5.742938401,1.0
KT2440,1,0,18.25,5.76392081,0.021248009,5.742672801,5.742672801,1.0
KT2440,1,0,18.5,5.76365521,0.021248009,5.742407201,5.742407201,1.0
KT2440,1,0,18.75,5.775474414,0.021248009,5.754226405,5.754226405,1.0
KT2440,1,0,19.0,5.771756013,0.021248009,5.750508004,5.750508004,1.0
KT2440,1,0,19.25,5.775607215,0.021248009,5.754359206,5.754359206,1.0
KT2440,1,0,19.5,5.775607215,0.021248009,5.754359206,5.754359206,1.0
KT2440,1,0,19.75,5.787028019,0.021248009,5.76578001,5.76578001,1.0
KT2440,1,0,20.0,5.783309618,0.021248009,5.762061609,5.762061609,1.0
KT2440,1,0,20.25,5.787028019,0.021248009,5.76578001,5.76578001,1.0
KT2440,1,0,20.5,5.791012021,0.021248009,5.769764012,5.769764012,1.0
KT2440,1,0,20.75,5.783176818,0.021248009,5.7619288090000005,5.7619288090000005,1.0
KT2440,1,0,21.0,5.787028019,0.021248009,5.76578001,5.76578001,1.0
KT2440,1,0,21.25,5.798448824,0.021248009,5.7772008150000005,5.7772008150000005,1.0
KT2440,1,0,21.5,5.794996023,0.021248009,5.773748014000001,5.773748014000001,1.0
KT2440,1,0,21.75,5.767904811,0.021248009,5.746656802,5.746656802,1.0
KT2440,1,0,22.0,5.752367205,0.021248009,5.731119196,5.731119196,1.0
KT2440,1,0,22.25,5.729392795,0.021248009,5.708144786,5.708144786,1.0
KT2440,1,0,22.5,5.71797199,0.021248009,5.696723981,5.696723981,1.0
KT2440,1,0,22.75,5.694997581,0.021248009,5.673749572,5.673749572,1.0
KT2440,1,0,23.0,5.691146379,0.021248009,5.66989837,5.66989837,1.0
KT2440,1,0,23.25,5.679459974,0.021248009,5.6582119650000005,5.6582119650000005,1.0
KT2440,1,0,23.5,5.671491971,0.021248009,5.650243962,5.650243962,1.0
KT2440,1,0,23.75,5.652103163,0.021248009,5.630855154,5.630855154,1.0
KT2440,1,0,24.0,5.652235963,0.021248009,5.630987954,5.630987954,1.0
KT2440,1,0,24.25,5.640815158,0.021248009,5.619567149,5.619567149,1.0
KT2440,1,0,24.5,5.628995953,0.021248009,5.607747944000001,5.607747944000001,1.0
KT2440,1,0,24.75,5.625410352,0.021248009,5.6041623430000005,5.6041623430000005,1.0
KT2440,1,0,25.0,5.606021544,0.021248009,5.584773535,5.584773535,1.0
KT2440,1,0,25.25,5.590616737,0.021248009,5.569368728000001,5.569368728000001,1.0
KT2440,1,0,25.5,5.571095129,0.021248009,5.54984712,5.54984712,1.0
KT2440,1,0,25.75,5.559674324,0.021248009,5.538426315000001,5.538426315000001,1.0
KT2440,1,0,26.0,5.52527911,0.021248009,5.504031101,5.504031101,1.0
KT2440,1,0,26.25,5.47893189,0.021248009,5.457683881,5.457683881,1.0
KT2440,1,0,26.5,5.390487054,0.021248009,5.3692390450000005,5.3692390450000005,1.0
KT2440,1,0,26.75,5.355693439,0.021248009,5.334445430000001,5.334445430000001,1.0
KT2440,1,0,27.0,5.289957411,0.021248009,5.268709402,5.268709402,1.0
KT2440,1,0,27.25,5.197794173,0.021248009,5.176546164,5.176546164,1.0
KT2440,1,0,27.5,5.101514133,0.021248009,5.080266124,5.080266124,1.0
KT2440,1,0,27.75,5.005366893,0.021248009,4.984118884,4.984118884,1.0
KT2440,1,0,28.0,4.920507657,0.021248009,4.899259648,4.899259648,1.0
KT2440,1,0,28.25,4.816392413,0.021248009,4.795144404,4.795144404,1.0
KT2440,1,0,28.5,4.738969981,0.021248009,4.7177219720000005,4.7177219720000005,1.0
KT2440,1,0,28.75,4.719979573,0.021248009,4.698731564,4.698731564,1.0
KT2440,1,0,29.0,4.708425968,0.021248009,4.6871779590000004,4.6871779590000004,1.0
KT2440,1,0,29.25,4.700723565,0.021248009,4.679475556,4.679475556,1.0
KT2440,1,0,29.5,4.685318759,0.021248009,4.6640707500000005,4.6640707500000005,1.0
KT2440,1,0,29.75,4.662344349,0.021248009,4.64109634,4.64109634,1.0
KT2440,1,0,30.0,4.646806743,0.021248009,4.625558734,4.625558734,1.0
KT2440,1,0,30.25,4.635651538,0.021248009,4.6144035290000005,4.6144035290000005,1.0
KT2440,1,0,30.5,4.627683535,0.021248009,4.606435526,4.606435526,1.0
KT2440,1,0,30.75,4.612411528,0.021248009,4.591163519,4.591163519,1.0
KT2440,1,0,31.0,4.59302272,0.021248009,4.571774711,4.571774711,1.0
KT2440,1,0,31.25,4.59302272,0.021248009,4.571774711,4.571774711,1.0
KT2440,1,0,31.5,4.570048311,0.021248009,4.548800302,4.548800302,1.0
KT2440,1,0,31.75,4.566197109,0.021248009,4.5449491,4.5449491,1.0
KT2440,1,0,32.0,4.554643504,0.021248009,4.533395495000001,4.533395495000001,1.0
KT2440,1,0,32.25,4.527685093,0.021248009,4.506437084,4.506437084,1.0
KT2440,1,0,32.5,4.52011549,0.021248009,4.4988674810000004,4.4988674810000004,1.0
KT2440,1,0,32.75,4.508296285,0.021248009,4.487048276,4.487048276,1.0
KT2440,1,0,33.0,4.492758678,0.021248009,4.471510669000001,4.471510669000001,1.0
KT2440,1,0,33.25,4.481736274,0.021248009,4.460488265,4.460488265,1.0
KT2440,1,0,33.5,4.462347465,0.021248009,4.441099456,4.441099456,1.0
KT2440,1,0,33.75,4.443091457,0.021248009,4.421843448000001,4.421843448000001,1.0
KT2440,1,0,34.0,4.431405053,0.021248009,4.410157044,4.410157044,1.0
KT2440,1,0,34.25,4.427686651,0.021248009,4.406438642,4.406438642,1.0
KT2440,1,0,34.5,4.40072824,0.021248009,4.3794802310000005,4.3794802310000005,1.0
KT2440,1,0,34.75,4.393025837,0.021248009,4.371777828,4.371777828,1.0
KT2440,1,0,35.0,4.365934625,0.021248009,4.344686616000001,4.344686616000001,1.0
KT2440,1,0,35.25,4.358099422,0.021248009,4.336851413,4.336851413,1.0
KT2440,1,0,35.5,4.346811417,0.021248009,4.325563408,4.325563408,1.0
KT2440,1,0,35.75,4.323704208,0.021248009,4.302456199,4.302456199,1.0
KT2440,1,0,36.0,4.308299401,0.021248009,4.287051392,4.287051392,1.0
KT2440,1,0,36.25,4.296612996,0.021248009,4.275364987000001,4.275364987000001,1.0
KT2440,1,0,36.5,4.269654585,0.021248009,4.248406576,4.248406576,1.0
KT2440,1,0,36.75,4.273904187,0.021248009,4.2526561780000005,4.2526561780000005,1.0
KT2440,1,0,37.0,4.25876498,0.021248009,4.237516971,4.237516971,1.0
KT2440,1,0,37.25,4.227689767,0.021248009,4.206441758,4.206441758,1.0
KT2440,1,0,37.5,4.216003363,0.021248009,4.194755354,4.194755354,1.0
KT2440,1,0,37.75,4.204449758,0.021248009,4.183201749,4.183201749,1.0
KT2440,1,0,38.0,4.169257743,0.021248009,4.148009734,4.148009734,1.0
KT2440,1,0,38.25,4.153188936,0.021248009,4.1319409270000005,4.1319409270000005,1.0
KT2440,1,0,38.5,4.149868935,0.021248009,4.128620926,4.128620926,1.0
KT2440,1,0,38.75,4.130214527,0.021248009,4.108966518,4.108966518,1.0
KT2440,1,0,39.0,4.106841717,0.021248009,4.085593708,4.085593708,1.0
KT2440,1,0,39.25,4.09143691,0.021248009,4.070188901,4.070188901,1.0
KT2440,1,0,39.5,4.079484905,0.021248009,4.058236896,4.058236896,1.0
KT2440,1,0,39.75,4.052659294,0.021248009,4.031411285,4.031411285,1.0
KT2440,1,0,40.0,4.032606486,0.021248009,4.011358477,4.011358477,1.0
KT2440,2,0,0.0,0.025497611,0.021248009,0.03,0.03,1.0
KT2440,2,0,0.25,0.02509921,0.021248009,0.03,0.03,1.0
KT2440,2,0,0.5,0.02509921,0.021248009,0.03,0.03,1.0
KT2440,2,0,0.75,0.032668814,0.021248009,0.03,0.03,1.0
KT2440,2,0,1.0,0.036652815,0.021248009,0.03,0.03,1.0
KT2440,2,0,1.25,0.04807362,0.021248009,0.03,0.03,1.0
KT2440,2,0,1.5,0.055776023,0.021248009,0.034528013999999996,0.034528013999999996,1.0
KT2440,2,0,1.75,0.056041623,0.021248009,0.034793614,0.034793614,1.0
KT2440,2,0,2.0,0.056041623,0.021248009,0.034793614,0.034793614,1.0
KT2440,2,0,2.25,0.059760025,0.021248009,0.038512015999999996,0.038512015999999996,1.0
KT2440,2,0,2.5,0.067860828,0.021248009,0.046612819,0.046612819,1.0
KT2440,2,0,2.75,0.075032031,0.021248009,0.053784022,0.053784022,1.0
KT2440,2,0,3.0,0.086718436,0.021248009,0.065470427,0.065470427,1.0
KT2440,2,0,3.25,0.098139241,0.021248009,0.076891232,0.076891232,1.0
KT2440,2,0,3.5,0.121246451,0.021248009,0.099998442,0.099998442,1.0
KT2440,2,0,3.75,0.14461926,0.021248009,0.123371251,0.123371251,1.0
KT2440,2,0,4.0,0.186849678,0.021248009,0.16560166899999998,0.16560166899999998,1.0
KT2440,2,0,4.25,0.252320105,0.021248009,0.231072096,0.231072096,1.0
KT2440,2,0,4.5,0.402649768,0.021248009,0.381401759,0.381401759,1.0
KT2440,2,0,4.75,0.76452992,0.021248009,0.743281911,0.743281911,1.0
KT2440,2,0,5.0,1.022693228,0.021248009,1.001445219,1.001445219,1.0
KT2440,2,0,5.25,1.138229276,0.021248009,1.1169812669999999,1.1169812669999999,1.0
KT2440,2,0,5.5,1.207285305,0.021248009,1.186037296,1.186037296,1.0
KT2440,2,0,5.75,1.061205244,0.021248009,1.039957235,1.039957235,1.0
KT2440,2,0,6.0,1.215120508,0.021248009,1.193872499,1.193872499,1.0
KT2440,2,0,6.25,1.307814947,0.021248009,1.286566938,1.286566938,1.0
KT2440,2,0,6.5,1.276872534,0.021248009,1.255624525,1.255624525,1.0
KT2440,2,0,6.75,1.569563856,0.021248009,1.548315847,1.548315847,1.0
KT2440,2,0,7.0,1.715909517,0.021248009,1.694661508,1.694661508,1.0
KT2440,2,0,7.25,1.896783193,0.021248009,1.875535184,1.875535184,1.0
KT2440,2,0,7.5,2.089476074,0.021248009,2.068228065,2.068228065,1.0
KT2440,2,0,7.75,2.208996123,0.021248009,2.187748114,2.187748114,1.0
KT2440,2,0,8.0,2.363044188,0.021248009,2.341796179,2.341796179,1.0
KT2440,2,0,8.25,2.486282639,0.021248009,2.4650346300000003,2.4650346300000003,1.0
KT2440,2,0,8.5,2.709386733,0.021248009,2.6881387240000003,2.6881387240000003,1.0
KT2440,2,0,8.75,2.898095612,0.021248009,2.8768476030000003,2.8768476030000003,1.0
KT2440,2,0,9.0,3.121730905,0.021248009,3.1004828960000004,3.1004828960000004,1.0
KT2440,2,0,9.25,3.341116597,0.021248009,3.3198685880000003,3.3198685880000003,1.0
KT2440,2,0,9.5,3.533809477,0.021248009,3.5125614680000004,3.5125614680000004,1.0
KT2440,2,0,9.75,3.676171137,0.021248009,3.654923128,3.654923128,1.0
KT2440,2,0,10.0,3.880152022,0.021248009,3.858904013,3.858904013,1.0
KT2440,2,0,10.25,4.026497683,0.021248009,4.005249674,4.005249674,1.0
KT2440,2,0,10.5,4.211753761,0.021248009,4.190505752,4.190505752,1.0
KT2440,2,0,10.75,4.381206632,0.021248009,4.359958623,4.359958623,1.0
KT2440,2,0,11.0,4.515865888,0.021248009,4.494617879000001,4.494617879000001,1.0
KT2440,2,0,11.25,4.685185959,0.021248009,4.66393795,4.66393795,1.0
KT2440,2,0,11.5,4.866192434,0.021248009,4.844944425,4.844944425,1.0
KT2440,2,0,11.75,5.486368694,0.021248009,5.4651206850000005,5.4651206850000005,1.0
KT2440,2,0,12.0,5.890877663,0.021248009,5.869629654000001,5.869629654000001,1.0
KT2440,2,0,12.25,5.875340056,0.021248009,5.854092047,5.854092047,1.0
KT2440,2,0,12.5,5.783176818,0.021248009,5.7619288090000005,5.7619288090000005,1.0
KT2440,2,0,12.75,5.751836005,0.021248009,5.730587996000001,5.730587996000001,1.0
KT2440,2,0,13.0,5.463394284,0.021248009,5.442146275,5.442146275,1.0
KT2440,2,0,13.25,5.521295108,0.021248009,5.5000470990000006,5.5000470990000006,1.0
KT2440,2,0,13.5,5.536567115,0.021248009,5.515319106000001,5.515319106000001,1.0
KT2440,2,0,13.75,5.579063132,0.021248009,5.557815123,5.557815123,1.0
KT2440,2,0,14.0,5.613458347,0.021248009,5.592210338,5.592210338,1.0
KT2440,2,0,14.25,5.652235963,0.021248009,5.630987954,5.630987954,1.0
KT2440,2,0,14.5,5.686763977,0.021248009,5.665515968,5.665515968,1.0
KT2440,2,0,14.75,5.725010393,0.021248009,5.703762384,5.703762384,1.0
KT2440,2,0,15.0,5.756351206,0.021248009,5.735103197,5.735103197,1.0
KT2440,2,0,15.25,5.509210303,0.021248009,5.487962294,5.487962294,1.0
KT2440,2,0,15.5,5.71717519,0.021248009,5.695927181,5.695927181,1.0
KT2440,2,0,15.75,5.694599181,0.021248009,5.673351172,5.673351172,1.0
KT2440,2,0,16.0,5.690747979,0.021248009,5.66949997,5.66949997,1.0
KT2440,2,0,16.25,5.690747979,0.021248009,5.66949997,5.66949997,1.0
KT2440,2,0,16.5,5.698450382,0.021248009,5.677202373,5.677202373,1.0
KT2440,2,0,16.75,5.710136787,0.021248009,5.688888778,5.688888778,1.0
KT2440,2,0,17.0,5.714120789,0.021248009,5.69287278,5.69287278,1.0
KT2440,2,0,17.25,5.71797199,0.021248009,5.696723981,5.696723981,1.0
KT2440,2,0,17.5,5.725674394,0.021248009,5.7044263850000005,5.7044263850000005,1.0
KT2440,2,0,17.75,5.733376797,0.021248009,5.712128788,5.712128788,1.0
KT2440,2,0,18.0,5.737227998,0.021248009,5.715979989,5.715979989,1.0
KT2440,2,0,18.25,5.748516003,0.021248009,5.727267994,5.727267994,1.0
KT2440,2,0,18.5,5.752101605,0.021248009,5.730853596,5.730853596,1.0
KT2440,2,0,18.75,5.76392081,0.021248009,5.742672801,5.742672801,1.0
KT2440,2,0,19.0,5.767904811,0.021248009,5.746656802,5.746656802,1.0
KT2440,2,0,19.25,5.767904811,0.021248009,5.746656802,5.746656802,1.0
KT2440,2,0,19.5,5.775607215,0.021248009,5.754359206,5.754359206,1.0
KT2440,2,0,19.75,5.775474414,0.021248009,5.754226405,5.754226405,1.0
KT2440,2,0,20.0,5.783309618,0.021248009,5.762061609,5.762061609,1.0
KT2440,2,0,20.25,5.783176818,0.021248009,5.7619288090000005,5.7619288090000005,1.0
KT2440,2,0,20.5,5.791012021,0.021248009,5.769764012,5.769764012,1.0
KT2440,2,0,20.75,5.790879221,0.021248009,5.769631212,5.769631212,1.0
KT2440,2,0,21.0,5.798581624,0.021248009,5.777333615,5.777333615,1.0
KT2440,2,0,21.25,5.802300026,0.021248009,5.781052017,5.781052017,1.0
KT2440,2,0,21.5,5.814252031,0.021248009,5.793004022,5.793004022,1.0
KT2440,2,0,21.75,5.814119231,0.021248009,5.7928712220000005,5.7928712220000005,1.0
KT2440,2,0,22.0,5.817837632,0.021248009,5.796589623,5.796589623,1.0
KT2440,2,0,22.25,5.817970432,0.021248009,5.796722423,5.796722423,1.0
KT2440,2,0,22.5,5.818103232,0.021248009,5.796855223000001,5.796855223000001,1.0
KT2440,2,0,22.75,5.814384831,0.021248009,5.793136822,5.793136822,1.0
KT2440,2,0,23.0,5.822087234,0.021248009,5.800839225,5.800839225,1.0
KT2440,2,0,23.25,5.814252031,0.021248009,5.793004022,5.793004022,1.0
KT2440,2,0,23.5,5.813986431,0.021248009,5.792738422,5.792738422,1.0
KT2440,2,0,23.75,5.825407235,0.021248009,5.804159226,5.804159226,1.0
KT2440,2,0,24.0,5.821688834,0.021248009,5.800440825,5.800440825,1.0
KT2440,2,0,24.25,5.825672835,0.021248009,5.804424826,5.804424826,1.0
KT2440,2,0,24.5,5.821556034,0.021248009,5.8003080250000005,5.8003080250000005,1.0
KT2440,2,0,24.75,5.829524037,0.021248009,5.808276028,5.808276028,1.0
KT2440,2,0,25.0,5.829391237,0.021248009,5.8081432280000005,5.8081432280000005,1.0
KT2440,2,0,25.25,5.821688834,0.021248009,5.800440825,5.800440825,1.0
KT2440,2,0,25.5,5.821423234,0.021248009,5.800175225,5.800175225,1.0
KT2440,2,0,25.75,5.817704832,0.021248009,5.796456823000001,5.796456823000001,1.0
KT2440,2,0,26.0,5.817970432,0.021248009,5.796722423,5.796722423,1.0
KT2440,2,0,26.25,5.817837632,0.021248009,5.796589623,5.796589623,1.0
KT2440,2,0,26.5,5.825672835,0.021248009,5.804424826,5.804424826,1.0
KT2440,2,0,26.75,5.821688834,0.021248009,5.800440825,5.800440825,1.0
KT2440,2,0,27.0,5.81372083,0.021248009,5.7924728210000005,5.7924728210000005,1.0
KT2440,2,0,27.25,5.813986431,0.021248009,5.792738422,5.792738422,1.0
KT2440,2,0,27.5,5.806284027,0.021248009,5.7850360180000004,5.7850360180000004,1.0
KT2440,2,0,27.75,5.798714424,0.021248009,5.777466415,5.777466415,1.0
KT2440,2,0,28.0,5.798581624,0.021248009,5.777333615,5.777333615,1.0
KT2440,2,0,28.25,5.783044018,0.021248009,5.761796009,5.761796009,1.0
KT2440,2,0,28.5,5.767240811,0.021248009,5.745992802,5.745992802,1.0
KT2440,2,0,28.75,5.767506411,0.021248009,5.7462584020000005,5.7462584020000005,1.0
KT2440,2,0,29.0,5.755952806,0.021248009,5.734704797,5.734704797,1.0
KT2440,2,0,29.25,5.752101605,0.021248009,5.730853596,5.730853596,1.0
KT2440,2,0,29.5,5.725143193,0.021248009,5.703895184,5.703895184,1.0
KT2440,2,0,29.75,5.713722389,0.021248009,5.69247438,5.69247438,1.0
KT2440,2,0,30.0,5.694333581,0.021248009,5.673085572000001,5.673085572000001,1.0
KT2440,2,0,30.25,5.683178376,0.021248009,5.661930367,5.661930367,1.0
KT2440,2,0,30.5,5.682912776,0.021248009,5.661664767,5.661664767,1.0
KT2440,2,0,30.75,5.671491971,0.021248009,5.650243962,5.650243962,1.0
KT2440,2,0,31.0,5.663656768,0.021248009,5.642408759,5.642408759,1.0
KT2440,2,0,31.25,5.652103163,0.021248009,5.630855154,5.630855154,1.0
KT2440,2,0,31.5,5.629128753,0.021248009,5.607880744,5.607880744,1.0
KT2440,2,0,31.75,5.617575148,0.021248009,5.5963271390000005,5.5963271390000005,1.0
KT2440,2,0,32.0,5.613723947,0.021248009,5.592475938000001,5.592475938000001,1.0
KT2440,2,0,32.25,5.606021544,0.021248009,5.584773535,5.584773535,1.0
KT2440,2,0,32.5,5.602303142,0.021248009,5.5810551330000004,5.5810551330000004,1.0
KT2440,2,0,32.75,5.590483937,0.021248009,5.569235928,5.569235928,1.0
KT2440,2,0,33.0,5.574946331,0.021248009,5.553698322,5.553698322,1.0
KT2440,2,0,33.25,5.560072724,0.021248009,5.5388247150000005,5.5388247150000005,1.0
KT2440,2,0,33.5,5.54838632,0.021248009,5.527138311,5.527138311,1.0
KT2440,2,0,33.75,5.521427908,0.021248009,5.500179899,5.500179899,1.0
KT2440,2,0,34.0,5.47893189,0.021248009,5.457683881,5.457683881,1.0
KT2440,2,0,34.25,5.440552674,0.021248009,5.419304665,5.419304665,1.0
KT2440,2,0,34.5,5.38278465,0.021248009,5.361536641,5.361536641,1.0
KT2440,2,0,34.75,5.317314223,0.021248009,5.2960662140000005,5.2960662140000005,1.0
KT2440,2,0,35.0,5.278669407,0.021248009,5.257421398,5.257421398,1.0
KT2440,2,0,35.25,5.216917381,0.021248009,5.195669372,5.195669372,1.0
KT2440,2,0,35.5,5.159414957,0.021248009,5.138166948,5.138166948,1.0
KT2440,2,0,35.75,5.090093328,0.021248009,5.068845319,5.068845319,1.0
KT2440,2,0,36.0,5.005366893,0.021248009,4.984118884,4.984118884,1.0
KT2440,2,0,36.25,4.916656455,0.021248009,4.895408446,4.895408446,1.0
KT2440,2,0,36.5,4.889698044,0.021248009,4.868450035,4.868450035,1.0
KT2440,2,0,36.75,4.83232842,0.021248009,4.811080411,4.811080411,1.0
KT2440,2,0,37.0,4.73631398,0.021248009,4.7150659710000005,4.7150659710000005,1.0
KT2440,2,0,37.25,4.582000316,0.021248009,4.5607523070000004,4.5607523070000004,1.0
KT2440,2,0,37.5,4.574165112,0.021248009,4.552917103,4.552917103,1.0
KT2440,2,0,37.75,4.562611507,0.021248009,4.541363498,4.541363498,1.0
KT2440,2,0,38.0,4.546675501,0.021248009,4.525427492,4.525427492,1.0
KT2440,2,0,38.25,4.538309097,0.021248009,4.517061088,4.517061088,1.0
KT2440,2,0,38.5,4.511881886,0.021248009,4.4906338770000005,4.4906338770000005,1.0
KT2440,2,0,38.75,4.511483486,0.021248009,4.490235477000001,4.490235477000001,1.0
KT2440,2,0,39.0,4.499664281,0.021248009,4.4784162720000005,4.4784162720000005,1.0
KT2440,2,0,39.25,4.488110676,0.021248009,4.466862667,4.466862667,1.0
KT2440,2,0,39.5,4.476158671,0.021248009,4.4549106620000005,4.4549106620000005,1.0
KT2440,2,0,39.75,4.457035463,0.021248009,4.435787454000001,4.435787454000001,1.0
KT2440,2,0,40.0,4.436982655,0.021248009,4.415734646000001,4.415734646000001,1.0
KT2440,3,0,0.0,0.029348812,0.021248009,0.03,0.03,1.0
KT2440,3,0,0.25,0.021248009,0.021248009,0.03,0.03,1.0
KT2440,3,0,0.5,0.021248009,0.021248009,0.03,0.03,1.0
KT2440,3,0,0.75,0.036520015,0.021248009,0.03,0.03,1.0
KT2440,3,0,1.0,0.04820642,0.021248009,0.03,0.03,1.0
KT2440,3,0,1.25,0.04807362,0.021248009,0.03,0.03,1.0
KT2440,3,0,1.5,0.044222418,0.021248009,0.03,0.03,1.0
KT2440,3,0,1.75,0.036785615,0.021248009,0.03,0.03,1.0
KT2440,3,0,2.0,0.04833922,0.021248009,0.03,0.03,1.0
KT2440,3,0,2.25,0.055908823,0.021248009,0.034660814,0.034660814,1.0
KT2440,3,0,2.5,0.060158425,0.021248009,0.038910416,0.038910416,1.0
KT2440,3,0,2.75,0.075032031,0.021248009,0.053784022,0.053784022,1.0
KT2440,3,0,3.0,0.090569638,0.021248009,0.069321629,0.069321629,1.0
KT2440,3,0,3.25,0.117395249,0.021248009,0.09614724,0.09614724,1.0
KT2440,3,0,3.5,0.152056064,0.021248009,0.13080805499999998,0.13080805499999998,1.0
KT2440,3,0,3.75,0.19083368,0.021248009,0.169585671,0.169585671,1.0
KT2440,3,0,4.0,0.275427315,0.021248009,0.254179306,0.254179306,1.0
KT2440,3,0,4.25,0.42947538,0.021248009,0.408227371,0.408227371,1.0
KT2440,3,0,4.5,0.699192292,0.021248009,0.677944283,0.677944283,1.0
KT2440,3,0,4.75,0.907024379,0.021248009,0.88577637,0.88577637,1.0
KT2440,3,0,5.0,1.084312453,0.021248009,1.0630644439999999,1.0630644439999999,1.0
KT2440,3,0,5.25,1.192146098,0.021248009,1.170898089,1.170898089,1.0
KT2440,3,0,5.5,1.26890453,0.021248009,1.247656521,1.247656521,1.0
KT2440,3,0,5.75,1.222955711,0.021248009,1.201707702,1.201707702,1.0
KT2440,3,0,6.0,1.141947677,0.021248009,1.120699668,1.120699668,1.0
KT2440,3,0,6.25,1.180725294,0.021248009,1.159477285,1.159477285,1.0
KT2440,3,0,6.5,1.419366993,0.021248009,1.398118984,1.398118984,1.0
KT2440,3,0,6.75,1.631183082,0.021248009,1.609935073,1.609935073,1.0
KT2440,3,0,7.0,1.846850372,0.021248009,1.825602363,1.825602363,1.0
KT2440,3,0,7.25,2.054682459,0.021248009,2.03343445,2.03343445,1.0
KT2440,3,0,7.5,2.216565727,0.021248009,2.195317718,2.195317718,1.0
KT2440,3,0,7.75,2.347639381,0.021248009,2.3263913720000002,2.3263913720000002,1.0
KT2440,3,0,8.0,2.505538647,0.021248009,2.484290638,2.484290638,1.0
KT2440,3,0,8.25,2.65573551,0.021248009,2.634487501,2.634487501,1.0
KT2440,3,0,8.5,2.840327587,0.021248009,2.819079578,2.819079578,1.0
KT2440,3,0,8.75,3.055994878,0.021248009,3.034746869,3.034746869,1.0
KT2440,3,0,9.0,3.268076566,0.021248009,3.246828557,3.246828557,1.0
KT2440,3,0,9.25,3.456652645,0.021248009,3.4354046360000003,3.4354046360000003,1.0
KT2440,3,0,9.5,3.664750332,0.021248009,3.6435023230000003,3.6435023230000003,1.0
KT2440,3,0,9.75,3.80326079,0.021248009,3.782012781,3.782012781,1.0
KT2440,3,0,10.0,3.999539272,0.021248009,3.978291263,3.978291263,1.0
KT2440,3,0,10.25,4.165140941,0.021248009,4.143892932,4.143892932,1.0
KT2440,3,0,10.5,4.334992212,0.021248009,4.313744203000001,4.313744203000001,1.0
KT2440,3,0,10.75,4.500593881,0.021248009,4.479345872000001,4.479345872000001,1.0
KT2440,3,0,11.0,4.642955541,0.021248009,4.621707532,4.621707532,1.0
KT2440,3,0,11.25,4.835382821,0.021248009,4.814134812,4.814134812,1.0
KT2440,3,0,11.5,5.35914624,0.021248009,5.3378982310000005,5.3378982310000005,1.0
KT2440,3,0,11.75,5.856084048,0.021248009,5.834836039,5.834836039,1.0
KT2440,3,0,12.0,5.906282469,0.021248009,5.88503446,5.88503446,1.0
KT2440,3,0,12.25,5.744399201,0.021248009,5.723151192,5.723151192,1.0
KT2440,3,0,12.5,5.517443907,0.021248009,5.496195898,5.496195898,1.0
KT2440,3,0,12.75,5.470698287,0.021248009,5.4494502780000005,5.4494502780000005,1.0
KT2440,3,0,13.0,5.521162308,0.021248009,5.499914299,5.499914299,1.0
KT2440,3,0,13.25,5.532848713,0.021248009,5.511600704,5.511600704,1.0
KT2440,3,0,13.5,5.582781534,0.021248009,5.561533525000001,5.561533525000001,1.0
KT2440,3,0,13.75,5.625277552,0.021248009,5.604029543,5.604029543,1.0
KT2440,3,0,14.0,5.655821564,0.021248009,5.634573555,5.634573555,1.0
KT2440,3,0,14.25,5.694599181,0.021248009,5.673351172,5.673351172,1.0
KT2440,3,0,14.5,5.721424792,0.021248009,5.700176783,5.700176783,1.0
KT2440,3,0,14.75,5.748117603,0.021248009,5.726869594,5.726869594,1.0
KT2440,3,0,15.0,5.771756013,0.021248009,5.750508004,5.750508004,1.0
KT2440,3,0,15.25,5.38212065,0.021248009,5.360872641,5.360872641,1.0
KT2440,3,0,15.5,5.736431198,0.021248009,5.715183189,5.715183189,1.0
KT2440,3,0,15.75,5.733111197,0.021248009,5.711863188000001,5.711863188000001,1.0
KT2440,3,0,16.0,5.736962398,0.021248009,5.715714389,5.715714389,1.0
KT2440,3,0,16.25,5.733111197,0.021248009,5.711863188000001,5.711863188000001,1.0
KT2440,3,0,16.5,5.729259995,0.021248009,5.708011986,5.708011986,1.0
KT2440,3,0,16.75,5.737095198,0.021248009,5.715847189,5.715847189,1.0
KT2440,3,0,17.0,5.733376797,0.021248009,5.712128788,5.712128788,1.0
KT2440,3,0,17.25,5.737227998,0.021248009,5.715979989,5.715979989,1.0
KT2440,3,0,17.5,5.7410792,0.021248009,5.719831191,5.719831191,1.0
KT2440,3,0,17.75,5.744930402,0.021248009,5.723682393,5.723682393,1.0
KT2440,3,0,18.0,5.744930402,0.021248009,5.723682393,5.723682393,1.0
KT2440,3,0,18.25,5.748516003,0.021248009,5.727267994,5.727267994,1.0
KT2440,3,0,18.5,5.752101605,0.021248009,5.730853596,5.730853596,1.0
KT2440,3,0,18.75,5.760069608,0.021248009,5.738821599,5.738821599,1.0
KT2440,3,0,19.0,5.760202408,0.021248009,5.738954399,5.738954399,1.0
KT2440,3,0,19.25,5.76405361,0.021248009,5.742805601000001,5.742805601000001,1.0
KT2440,3,0,19.5,5.771756013,0.021248009,5.750508004,5.750508004,1.0
KT2440,3,0,19.75,5.775474414,0.021248009,5.754226405,5.754226405,1.0
KT2440,3,0,20.0,5.783309618,0.021248009,5.762061609,5.762061609,1.0
KT2440,3,0,20.25,5.783176818,0.021248009,5.7619288090000005,5.7619288090000005,1.0
KT2440,3,0,20.5,5.787160819,0.021248009,5.7659128100000006,5.7659128100000006,1.0
KT2440,3,0,20.75,5.787028019,0.021248009,5.76578001,5.76578001,1.0
KT2440,3,0,21.0,5.790879221,0.021248009,5.769631212,5.769631212,1.0
KT2440,3,0,21.25,5.794597622,0.021248009,5.773349613000001,5.773349613000001,1.0
KT2440,3,0,21.5,5.814252031,0.021248009,5.793004022,5.793004022,1.0
KT2440,3,0,21.75,5.814119231,0.021248009,5.7928712220000005,5.7928712220000005,1.0
KT2440,3,0,22.0,5.817837632,0.021248009,5.796589623,5.796589623,1.0
KT2440,3,0,22.25,5.814119231,0.021248009,5.7928712220000005,5.7928712220000005,1.0
KT2440,3,0,22.5,5.806549627,0.021248009,5.785301618,5.785301618,1.0
KT2440,3,0,22.75,5.802831226,0.021248009,5.7815832170000006,5.7815832170000006,1.0
KT2440,3,0,23.0,5.798980024,0.021248009,5.777732015,5.777732015,1.0
KT2440,3,0,23.25,5.810400829,0.021248009,5.78915282,5.78915282,1.0
KT2440,3,0,23.5,5.813986431,0.021248009,5.792738422,5.792738422,1.0
KT2440,3,0,23.75,5.817704832,0.021248009,5.796456823000001,5.796456823000001,1.0
KT2440,3,0,24.0,5.817837632,0.021248009,5.796589623,5.796589623,1.0
KT2440,3,0,24.25,5.817970432,0.021248009,5.796722423,5.796722423,1.0
KT2440,3,0,24.5,5.817704832,0.021248009,5.796456823000001,5.796456823000001,1.0
KT2440,3,0,24.75,5.825672835,0.021248009,5.804424826,5.804424826,1.0
KT2440,3,0,25.0,5.821688834,0.021248009,5.800440825,5.800440825,1.0
KT2440,3,0,25.25,5.829391237,0.021248009,5.8081432280000005,5.8081432280000005,1.0
KT2440,3,0,25.5,5.832976838,0.021248009,5.811728829000001,5.811728829000001,1.0
KT2440,3,0,25.75,5.829258437,0.021248009,5.808010428,5.808010428,1.0
KT2440,3,0,26.0,5.829524037,0.021248009,5.808276028,5.808276028,1.0
KT2440,3,0,26.25,5.825540035,0.021248009,5.804292026000001,5.804292026000001,1.0
KT2440,3,0,26.5,5.829524037,0.021248009,5.808276028,5.808276028,1.0
KT2440,3,0,26.75,5.833242439,0.021248009,5.81199443,5.81199443,1.0
KT2440,3,0,27.0,5.832976838,0.021248009,5.811728829000001,5.811728829000001,1.0
KT2440,3,0,27.25,5.825540035,0.021248009,5.804292026000001,5.804292026000001,1.0
KT2440,3,0,27.5,5.825540035,0.021248009,5.804292026000001,5.804292026000001,1.0
KT2440,3,0,27.75,5.817970432,0.021248009,5.796722423,5.796722423,1.0
KT2440,3,0,28.0,5.817837632,0.021248009,5.796589623,5.796589623,1.0
KT2440,3,0,28.25,5.817704832,0.021248009,5.796456823000001,5.796456823000001,1.0
KT2440,3,0,28.5,5.801901625,0.021248009,5.780653616,5.780653616,1.0
KT2440,3,0,28.75,5.794464822,0.021248009,5.773216813,5.773216813,1.0
KT2440,3,0,29.0,5.786762419,0.021248009,5.765514410000001,5.765514410000001,1.0
KT2440,3,0,29.25,5.775208814,0.021248009,5.753960805,5.753960805,1.0
KT2440,3,0,29.5,5.755952806,0.021248009,5.734704797,5.734704797,1.0
KT2440,3,0,29.75,5.76378801,0.021248009,5.742540001,5.742540001,1.0
KT2440,3,0,30.0,5.76365521,0.021248009,5.742407201,5.742407201,1.0
KT2440,3,0,30.25,5.76405361,0.021248009,5.742805601000001,5.742805601000001,1.0
KT2440,3,0,30.5,5.759936808,0.021248009,5.738688799,5.738688799,1.0
KT2440,3,0,30.75,5.756218406,0.021248009,5.7349703970000006,5.7349703970000006,1.0
KT2440,3,0,31.0,5.736829598,0.021248009,5.715581589,5.715581589,1.0
KT2440,3,0,31.25,5.71757359,0.021248009,5.696325581,5.696325581,1.0
KT2440,3,0,31.5,5.694599181,0.021248009,5.673351172,5.673351172,1.0
KT2440,3,0,31.75,5.694599181,0.021248009,5.673351172,5.673351172,1.0
KT2440,3,0,32.0,5.698450382,0.021248009,5.677202373,5.677202373,1.0
KT2440,3,0,32.25,5.679194374,0.021248009,5.657946365,5.657946365,1.0
KT2440,3,0,32.5,5.671624771,0.021248009,5.6503767620000005,5.6503767620000005,1.0
KT2440,3,0,32.75,5.667507969,0.021248009,5.64625996,5.64625996,1.0
KT2440,3,0,33.0,5.648119161,0.021248009,5.6268711520000005,5.6268711520000005,1.0
KT2440,3,0,33.25,5.640947958,0.021248009,5.619699949,5.619699949,1.0
KT2440,3,0,33.5,5.633112755,0.021248009,5.611864746,5.611864746,1.0
KT2440,3,0,33.75,5.610005545,0.021248009,5.588757536,5.588757536,1.0
KT2440,3,0,34.0,5.586765536,0.021248009,5.565517527,5.565517527,1.0
KT2440,3,0,34.25,5.544535118,0.021248009,5.523287109,5.523287109,1.0
KT2440,3,0,34.5,5.517576707,0.021248009,5.496328698,5.496328698,1.0
KT2440,3,0,34.75,5.509874303,0.021248009,5.488626294,5.488626294,1.0
KT2440,3,0,35.0,5.498187899,0.021248009,5.476939890000001,5.476939890000001,1.0
KT2440,3,0,35.25,5.451840679,0.021248009,5.43059267,5.43059267,1.0
KT2440,3,0,35.5,5.409743062,0.021248009,5.388495053000001,5.388495053000001,1.0
KT2440,3,0,35.75,5.367379844,0.021248009,5.346131835,5.346131835,1.0
KT2440,3,0,36.0,5.359677441,0.021248009,5.338429432,5.338429432,1.0
KT2440,3,0,36.25,5.301776616,0.021248009,5.280528607,5.280528607,1.0
KT2440,3,0,36.5,5.197794173,0.021248009,5.176546164,5.176546164,1.0
KT2440,3,0,36.75,5.136573347,0.021248009,5.115325338,5.115325338,1.0
KT2440,3,0,37.0,5.090624528,0.021248009,5.069376519,5.069376519,1.0
KT2440,3,0,37.25,5.028739702,0.021248009,5.007491693,5.007491693,1.0
KT2440,3,0,37.5,4.959285273,0.021248009,4.938037264,4.938037264,1.0
KT2440,3,0,37.75,4.905368451,0.021248009,4.884120442,4.884120442,1.0
KT2440,3,0,38.0,4.847069226,0.021248009,4.8258212170000006,4.8258212170000006,1.0
KT2440,3,0,38.25,4.819446815,0.021248009,4.798198806,4.798198806,1.0
KT2440,3,0,38.5,4.742953983,0.021248009,4.721705974,4.721705974,1.0
KT2440,3,0,38.75,4.646275542,0.021248009,4.625027533,4.625027533,1.0
KT2440,3,0,39.0,4.534325096,0.021248009,4.513077087,4.513077087,1.0
KT2440,3,0,39.25,4.526622692,0.021248009,4.505374683,4.505374683,1.0
KT2440,3,0,39.5,4.506968284,0.021248009,4.485720275,4.485720275,1.0
KT2440,3,0,39.75,4.495547479,0.021248009,4.47429947,4.47429947,1.0
KT2440,3,0,40.0,4.479345873,0.021248009,4.458097864,4.458097864,1.0
KT2440,1,1,0.0,0.029348812,0.02509921,0.03,0.03,1.0
KT2440,1,1,0.25,0.032801614,0.02509921,0.03,0.03,1.0
KT2440,1,1,0.5,0.036652815,0.02509921,0.03,0.03,1.0
KT2440,1,1,0.75,0.040371217,0.02509921,0.03,0.03,1.0
KT2440,1,1,1.0,0.052057622,0.02509921,0.03,0.030809612999999996,0.9737220652528158
KT2440,1,1,1.25,0.051924822,0.02509921,0.03,0.03,1.0
KT2440,1,1,1.5,0.051924822,0.02509921,0.03,0.034528013999999996,0.8688597033122148
KT2440,1,1,1.75,0.059892825,0.02509921,0.034793615,0.030942413,1.1244635316579867
KT2440,1,1,2.0,0.067595228,0.02509921,0.042496017999999997,0.038644816,1.0996563678812703
KT2440,1,1,2.25,0.086718436,0.02509921,0.061619226,0.04236321800000001,1.4545454502535664
KT2440,1,1,2.5,0.102521643,0.02509921,0.077422433,0.054315222999999996,1.4254278768219364
KT2440,1,1,2.75,0.125097652,0.02509921,0.099998442,0.06918882900000001,1.4452975060468214
KT2440,1,1,3.0,0.159891267,0.02509921,0.134792057,0.084726435,1.5909091064671845
KT2440,1,1,3.25,0.198270483,0.02509921,0.173171273,0.103849643,1.66751919407176
KT2440,1,1,3.5,0.271443313,0.02509921,0.246344103,0.13851045799999998,1.7785234888184405
KT2440,1,1,3.75,0.398798567,0.02509921,0.373699357,0.173436872,2.1546707611285796
KT2440,1,1,4.0,0.606630654,0.02509921,0.581531444,0.234923298,2.475409842066835
KT2440,1,1,4.25,0.752976315,0.02509921,0.7278771049999999,0.377417758,1.9285714293284524
KT2440,1,1,4.5,0.887901171,0.02509921,0.862801961,0.639432267,1.3493250271025186
KT2440,1,1,4.75,0.995602016,0.02509921,0.9705028059999999,0.870371564,1.1150442479299563
KT2440,1,1,5.0,1.084312453,0.02509921,1.0592132429999999,1.009147622,1.0496117910883804
KT2440,1,1,5.25,1.180592494,0.02509921,1.155493284,1.082320452,1.0676073632950254
KT2440,1,1,5.5,1.288160539,0.02509921,1.263061329,1.155227683,1.0933440633278175
KT2440,1,1,5.75,1.403962187,0.02509921,1.378862977,1.0707668479999999,1.2877340940985131
KT2440,1,1,6.0,1.434639,0.02509921,1.40953979,1.224682112,1.1509433968118576
KT2440,1,1,6.25,1.561994253,0.02509921,1.536895043,1.5253414379999999,1.0075744385566217
KT2440,1,1,6.5,1.646587888,0.02509921,1.621488678,1.617637476,1.0023807571579777
KT2440,1,1,6.75,1.777528743,0.02509921,1.752429533,1.667703097,1.0508042685490078
KT2440,1,1,7.0,1.96238642,0.02509921,1.93728721,1.829453565,1.0589430893808995
KT2440,1,1,7.25,2.139408894,0.02509921,2.1143096839999997,2.05654166,1.02808988756396
KT2440,1,1,7.5,2.41682821,0.02509921,2.3917289999999998,2.2145737260000002,1.079995202652377
KT2440,1,1,7.75,2.478580236,0.02509921,2.453481026,2.3610521870000003,1.0391473087756868
KT2440,1,1,8.0,2.717354736,0.02509921,2.692255526,2.5343562590000004,1.0623035007171024
KT2440,1,1,8.25,2.906063615,0.02509921,2.880964405,2.765428356,1.0417787171196562
KT2440,1,1,8.5,3.082953289,0.02509921,3.057854079,2.938466828,1.0406290960518545
KT2440,1,1,8.75,3.25240616,0.02509921,3.22730695,3.1117709010000003,1.0371287130948075
KT2440,1,1,9.0,3.487595058,0.02509921,3.462495848,3.308447783,1.0465620360676553
KT2440,1,1,9.25,3.66076633,0.02509921,3.63566712,3.5162798700000004,1.0339527154873482
KT2440,1,1,9.5,3.880417622,0.02509921,3.855318412,3.7012703470000003,1.0416203223644176
KT2440,1,1,9.75,4.04203529,0.02509921,4.016936080000001,3.8359296030000003,1.0471871216975512
KT2440,1,1,10.0,4.222908965,0.02509921,4.197809755000001,4.039910489,1.0390848427038009
KT2440,1,1,10.25,4.369254627,0.02509921,4.3441554170000005,4.197809755000001,1.0348623855156103
KT2440,1,1,10.5,4.477486672,0.02509921,4.452387462000001,4.352256219,1.0230067436202108
KT2440,1,1,10.75,4.619981131,0.02509921,4.594881921000001,4.517857889,1.0170487947811588
KT2440,1,1,11.0,4.754640388,0.02509921,4.729541178000001,4.748797185,0.9959450769847946
KT2440,1,1,11.25,4.870043636,0.02509921,4.8449444260000005,5.206957377,0.9304751460806898
KT2440,1,1,11.5,5.0240917,0.02509921,4.99899249,5.7422744,0.8705596670894027
KT2440,1,1,11.75,5.151314154,0.02509921,5.126214944,5.696192781000001,0.8999370528853594
KT2440,1,1,12.0,5.463394284,0.02509921,5.438295074,5.673218372,0.9585908240092683
KT2440,1,1,12.25,5.898447266,0.02509921,5.873348056,5.542144717,1.0597608608061182
KT2440,1,1,12.5,5.902564068,0.02509921,5.877464858000001,5.423023067,1.0837986092600924
KT2440,1,1,12.75,5.878925658,0.02509921,5.853826448,5.457152681,1.0726887793301234
KT2440,1,1,13.0,5.555823123,0.02509921,5.530723913,5.4960630980000005,1.0063064805447035
KT2440,1,1,13.25,5.374949447,0.02509921,5.349850237,5.546261519000001,0.9645867254316898
KT2440,1,1,13.5,5.390221453,0.02509921,5.365122243,5.600045541,0.9580497522243275
KT2440,1,1,13.75,5.448122278,0.02509921,5.423023068,5.650243962,0.9597856489864605
KT2440,1,1,14.0,5.509475903,0.02509921,5.484376693000001,5.676936773,0.9660802845443281
KT2440,1,1,14.25,5.559807124,0.02509921,5.534707914,5.6887559780000005,0.9729206060875617
KT2440,1,1,14.5,5.59818634,0.02509921,5.57308713,5.711730388,0.9757265752089277
KT2440,1,1,14.75,5.647986361,0.02509921,5.6228871510000005,5.730720796,0.9811832317716008
KT2440,1,1,15.0,5.698583182,0.02509921,5.6734839720000005,5.746656802,0.987266887075189
KT2440,1,1,15.25,5.559275924,0.02509921,5.534176714,5.360872641,1.0323275863102153
KT2440,1,1,15.5,5.774943214,0.02509921,5.749844004000001,5.692075979,1.0101488499473876
KT2440,1,1,15.75,5.787028019,0.02509921,5.7619288090000005,5.700309583,1.010809803415549
KT2440,1,1,16.0,5.790879221,0.02509921,5.765780011,5.700309583,1.0114854161948068
KT2440,1,1,16.25,5.802432826,0.02509921,5.777333616000001,5.6887559780000005,1.0155706517105945
KT2440,1,1,16.5,5.813986431,0.02509921,5.788887221,5.700309583,1.015539092519495
KT2440,1,1,16.75,5.833375239,0.02509921,5.808276029000001,5.711995988,1.0168557613139557
KT2440,1,1,17.0,5.833508039,0.02509921,5.808408829,5.7044263850000005,1.0182283786277662
KT2440,1,1,17.25,5.83735924,0.02509921,5.81226003,5.712128788,1.0175295841036278
KT2440,1,1,17.5,5.845061644,0.02509921,5.819962434000001,5.715979989,1.0181915341201522
KT2440,1,1,17.75,5.852764047,0.02509921,5.827664837,5.7275335940000005,1.0174824366119641
KT2440,1,1,18.0,5.856615248,0.02509921,5.831516038,5.742938401,1.0154237484045756
KT2440,1,1,18.25,5.871754455,0.02509921,5.846655245,5.742672801,1.0181069769431914
KT2440,1,1,18.5,5.871488855,0.02509921,5.846389645,5.742407201,1.01810781443397
KT2440,1,1,18.75,5.879456858,0.02509921,5.854357648000001,5.754226405,1.0174013387643202
KT2440,1,1,19.0,5.875738456,0.02509921,5.850639246,5.750508004,1.0174125906668332
KT2440,1,1,19.25,5.875738456,0.02509921,5.850639246,5.754359206,1.016731670122298
KT2440,1,1,19.5,5.879589658,0.02509921,5.854490448000001,5.754359206,1.0174009369967025
KT2440,1,1,19.75,5.887159261,0.02509921,5.862060051,5.76578001,1.016698528357484
KT2440,1,1,20.0,5.891143263,0.02509921,5.866044053,5.762061609,1.0180460486291203
KT2440,1,1,20.25,5.891010463,0.02509921,5.865911253,5.76578001,1.0173664695542208
KT2440,1,1,20.5,5.875738456,0.02509921,5.850639246,5.769764012,1.014017078312353
KT2440,1,1,20.75,5.867903253,0.02509921,5.842804043,5.7619288090000005,1.0140361390570591
KT2440,1,1,21.0,5.856349648,0.02509921,5.8312504380000005,5.76578001,1.0113549993039017
KT2440,1,1,21.25,5.86006805,0.02509921,5.83496884,5.7772008150000005,1.009999310539805
KT2440,1,1,21.5,5.887424861,0.02509921,5.862325651000001,5.773748014000001,1.0153414448959706
KT2440,1,1,21.75,5.856482448,0.02509921,5.831383238000001,5.746656802,1.0147436046590625
KT2440,1,1,22.0,5.852498447,0.02509921,5.827399237000001,5.731119196,1.0167995181581984
KT2440,1,1,22.25,5.844928843,0.02509921,5.819829633,5.708144786,1.0195658749360952
KT2440,1,1,22.5,5.841210442,0.02509921,5.816111232000001,5.696723981,1.0209571766857912
KT2440,1,1,22.75,5.829789637,0.02509921,5.804690427000001,5.673749572,1.0230783634946095
KT2440,1,1,23.0,5.829789637,0.02509921,5.804690427000001,5.66989837,1.0237732756751334
KT2440,1,1,23.25,5.852764047,0.02509921,5.827664837,5.6582119650000005,1.0299481307961216
KT2440,1,1,23.5,5.875605656,0.02509921,5.850506446000001,5.650243962,1.0354431570294735
KT2440,1,1,23.75,5.867770453,0.02509921,5.842671243000001,5.630855154,1.0376170374138523
KT2440,1,1,24.0,5.852498447,0.02509921,5.827399237000001,5.630987954,1.034880430326703
KT2440,1,1,24.25,5.829524037,0.02509921,5.804424827,5.619567149,1.0328953588592487
KT2440,1,1,24.5,5.829258437,0.02509921,5.804159227,5.607747944000001,1.0350249841757153
KT2440,1,1,24.75,5.841077642,0.02509921,5.8159784320000005,5.6041623430000005,1.0377962086099404
KT2440,1,1,25.0,5.840944842,0.02509921,5.815845632,5.584773535,1.0413753745880405
KT2440,1,1,25.25,5.829391237,0.02509921,5.804292027000001,5.569368728000001,1.0421813154189132
KT2440,1,1,25.5,5.817572032,0.02509921,5.792472822000001,5.54984712,1.0437175469438877
KT2440,1,1,25.75,5.794597622,0.02509921,5.769498412000001,5.538426315000001,1.0417216161880092
KT2440,1,1,26.0,5.783309618,0.02509921,5.758210408,5.504031101,1.0461805724451338
KT2440,1,1,26.25,5.779325616,0.02509921,5.754226406000001,5.457683881,1.0543348664865626
KT2440,1,1,26.5,5.783309618,0.02509921,5.758210408,5.3692390450000005,1.0724444115339251
KT2440,1,1,26.75,5.752367205,0.02509921,5.727267995,5.334445430000001,1.0736388758971707
KT2440,1,1,27.0,5.732845597,0.02509921,5.707746387,5.268709402,1.0833291327157544
KT2440,1,1,27.25,5.71770639,0.02509921,5.69260718,5.176546164,1.0996921498718426
KT2440,1,1,27.5,5.710003987,0.02509921,5.684904777000001,5.080266124,1.1190171219857143
KT2440,1,1,27.75,5.706285586,0.02509921,5.681186376,4.984118884,1.139857717727746
KT2440,1,1,28.0,5.686896777,0.02509921,5.661797567000001,4.899259648,1.1556434999952059
KT2440,1,1,28.25,5.663656768,0.02509921,5.6385575580000005,4.795144404,1.1758889999843267
KT2440,1,1,28.5,5.632448755,0.02509921,5.607349545000001,4.7177219720000005,1.1885714288124651
KT2440,1,1,28.75,5.628863153,0.02509921,5.603763943000001,4.698731564,1.1926120627818015
KT2440,1,1,29.0,5.609607145,0.02509921,5.584507935,4.6871779590000004,1.1914435474499123
KT2440,1,1,29.25,5.578797532,0.02509921,5.553698322000001,4.679475556,1.186820671576984
KT2440,1,1,29.5,5.521029508,0.02509921,5.495930298,4.6640707500000005,1.1783548304879379
KT2440,1,1,29.75,5.486501494,0.02509921,5.461402284,4.64109634,1.176748312016294
KT2440,1,1,30.0,5.444005476,0.02509921,5.4189062660000005,4.625558734,1.1715138813757846
KT2440,1,1,30.25,5.409743062,0.02509921,5.384643852000001,4.6144035290000005,1.166920885475077
KT2440,1,1,30.5,5.394072655,0.02509921,5.368973445000001,4.606435526,1.1655375212995005
KT2440,1,1,30.75,5.371098245,0.02509921,5.345999035,4.591163519,1.1644105057195633
KT2440,1,1,31.0,5.351709437,0.02509921,5.326610227000001,4.571774711,1.1651077674899017
KT2440,1,1,31.25,5.336304631,0.02509921,5.311205421,4.571774711,1.1617382213128045
KT2440,1,1,31.5,5.297925415,0.02509921,5.272826205,4.548800302,1.1591685400393732
KT2440,1,1,31.75,5.28637181,0.02509921,5.261272600000001,4.5449491,1.1576086957717526
KT2440,1,1,32.0,5.251710995,0.02509921,5.226611785,4.533395495000001,1.1529132613213575
KT2440,1,1,32.25,5.228603786,0.02509921,5.203504576,4.506437084,1.1546826193302293
KT2440,1,1,32.5,5.201778175,0.02509921,5.176678965000001,4.4988674810000004,1.1506626916357485
KT2440,1,1,32.75,5.16685176,0.02509921,5.1417525500000005,4.487048276,1.1459097905190445
KT2440,1,1,33.0,5.120504541,0.02509921,5.095405331,4.471510669000001,1.1395265958606169
KT2440,1,1,33.25,5.067118918,0.02509921,5.042019708000001,4.460488265,1.1303739430418611
KT2440,1,1,33.5,5.024622901,0.02509921,4.999523691,4.441099456,1.1257400876815673
KT2440,1,1,33.75,4.978408481,0.02509921,4.953309271,4.421843448000001,1.1201910083995357
KT2440,1,1,34.0,4.935912463,0.02509921,4.910813253000001,4.410157044,1.1135234423638363
KT2440,1,1,34.25,4.920640457,0.02509921,4.895541247000001,4.406438642,1.110997257589863
KT2440,1,1,34.5,4.859021231,0.02509921,4.833922021,4.3794802310000005,1.103766147129344
KT2440,1,1,34.75,4.751187586,0.02509921,4.726088376000001,4.371777828,1.0810449574383085
KT2440,1,1,35.0,4.674030754,0.02509921,4.648931544000001,4.344686616000001,1.0700268983451118
KT2440,1,1,35.25,4.539105898,0.02509921,4.514006688,4.336851413,1.04084882282777
KT2440,1,1,35.5,4.535520296,0.02509921,4.510421086,4.325563408,1.0427360925187483
KT2440,1,1,35.75,4.477752272,0.02509921,4.452653062,4.302456199,1.0349095623646116
KT2440,1,1,36.0,4.454645062,0.02509921,4.429545852,4.287051392,1.0332383372557434
KT2440,1,1,36.25,4.442958657,0.02509921,4.4178594470000006,4.275364987000001,1.033329191877952
KT2440,1,1,36.5,4.435256254,0.02509921,4.410157044,4.248406576,1.0380732081796873
KT2440,1,1,36.75,4.420249848,0.02509921,4.3951506380000005,4.2526561780000005,1.0335071668236802
KT2440,1,1,37.0,4.408961843,0.02509921,4.383862633000001,4.237516971,1.0345357111255333
KT2440,1,1,37.25,4.385589033,0.02509921,4.360489823,4.206441758,1.0366219417413838
KT2440,1,1,37.5,4.373902629,0.02509921,4.348803419,4.194755354,1.0367239688610457
KT2440,1,1,37.75,4.366200225,0.02509921,4.3411010150000005,4.183201749,1.0377460317417744
KT2440,1,1,38.0,4.338710614,0.02509921,4.313611404,4.148009734,1.039923163304708
KT2440,1,1,38.25,4.318790605,0.02509921,4.293691395000001,4.1319409270000005,1.0391463650758046
KT2440,1,1,38.5,4.307768201,0.02509921,4.282668991,4.128620926,1.0373122327675768
KT2440,1,1,38.75,4.291964994,0.02509921,4.266865784,4.108966518,1.0384279758202692
KT2440,1,1,39.0,4.264740983,0.02509921,4.239641773000001,4.085593708,1.03770518460961
KT2440,1,1,39.25,4.264740983,0.02509921,4.239641773000001,4.070188901,1.0416326799865157
KT2440,1,1,39.5,4.248937776,0.02509921,4.223838566,4.058236896,1.0408063093022553
KT2440,1,1,39.75,4.229814568,0.02509921,4.2047153580000005,4.031411285,1.0429884377326688
KT2440,1,1,40.0,4.178952147,0.02509921,4.153852937000001,4.011358477,1.0355227439325165
KT2440,2,1,0.0,0.029348812,0.02509921,0.03,0.03,1.0
KT2440,2,1,0.25,0.02509921,0.02509921,0.03,0.03,1.0
KT2440,2,1,0.5,0.028950412,0.02509921,0.03,0.03,1.0
KT2440,2,1,0.75,0.036520015,0.02509921,0.03,0.03,1.0
KT2440,2,1,1.0,0.036652815,0.02509921,0.03,0.03,1.0
KT2440,2,1,1.25,0.04807362,0.02509921,0.03,0.03,1.0
KT2440,2,1,1.5,0.055776023,0.02509921,0.030676813,0.034528013999999996,0.8884615547248099
KT2440,2,1,1.75,0.063744027,0.02509921,0.038644817,0.034793614,1.1106870645860472
KT2440,2,1,2.0,0.056041623,0.02509921,0.030942413,0.034793614,0.8893129928957653
KT2440,2,1,2.25,0.067462428,0.02509921,0.04236321800000001,0.038512015999999996,1.1000000103863692
KT2440,2,1,2.5,0.079414433,0.02509921,0.05431522300000001,0.046612819,1.1652421837005826
KT2440,2,1,2.75,0.098139241,0.02509921,0.073040031,0.053784022,1.358024712246325
KT2440,2,1,3.0,0.121379251,0.02509921,0.096280041,0.065470427,1.4705882550605633
KT2440,2,1,3.25,0.14435366,0.02509921,0.11925445,0.076891232,1.55094991845104
KT2440,2,1,3.5,0.186716878,0.02509921,0.161617668,0.099998442,1.6162018604249853
KT2440,2,1,3.75,0.248601704,0.02509921,0.223502494,0.123371251,1.8116254166864207
KT2440,2,1,4.0,0.42947538,0.02509921,0.40437617000000003,0.16560166899999998,2.4418604742443755
KT2440,2,1,4.25,0.648993871,0.02509921,0.623894661,0.231072096,2.7000000077897766
KT2440,2,1,4.5,0.826281945,0.02509921,0.8011827349999999,0.381401759,2.100626743569895
KT2440,2,1,4.75,0.964792403,0.02509921,0.939693193,0.743281911,1.2642487044192308
KT2440,2,1,5.0,1.084312453,0.02509921,1.0592132429999999,1.001445219,1.0576846570376406
KT2440,2,1,5.25,1.188294897,0.02509921,1.163195687,1.1169812669999999,1.041374391286009
KT2440,2,1,5.5,1.303565345,0.02509921,1.278466135,1.186037296,1.0779308031136314
KT2440,2,1,5.75,1.350045364,0.02509921,1.324946154,1.039957235,1.2740390752702444
KT2440,2,1,6.0,1.38842458,0.02509921,1.3633253699999999,1.193872499,1.1419354840168738
KT2440,2,1,6.25,1.450309406,0.02509921,1.4252101959999999,1.286566938,1.1077621800351285
KT2440,2,1,6.5,1.565712655,0.02509921,1.540613445,1.255624525,1.2269698578880497
KT2440,2,1,6.75,1.727463122,0.02509921,1.702363912,1.548315847,1.099493953574448
KT2440,2,1,7.0,1.893064791,0.02509921,1.867965581,1.694661508,1.1022647131488397
KT2440,2,1,7.25,2.00846804,0.02509921,1.9833688299999999,1.875535184,1.0574948670224464
KT2440,2,1,7.5,2.178053711,0.02509921,2.152954501,2.068228065,1.0409657123572589
KT2440,2,1,7.75,2.366895389,0.02509921,2.341796179,2.187748114,1.0704139859676733
KT2440,2,1,8.0,2.586413881,0.02509921,2.561314671,2.341796179,1.0937393672295337
KT2440,2,1,8.25,2.667289115,0.02509921,2.642189905,2.4650346300000003,1.071867256079887
KT2440,2,1,8.5,2.805666773,0.02509921,2.780567563,2.6881387240000003,1.0343839542858353
KT2440,2,1,8.75,2.994375652,0.02509921,2.969276442,2.8768476030000003,1.0321285141776764
KT2440,2,1,9.0,3.233415752,0.02509921,3.208316542,3.1004828960000004,1.0347796293729334
KT2440,2,1,9.25,3.418140629,0.02509921,3.393041419,3.3198685880000003,1.0220408817579376
KT2440,2,1,9.5,3.61083351,0.02509921,3.5857343,3.5125614680000004,1.0208317584379991
KT2440,2,1,9.75,3.760897572,0.02509921,3.735798362,3.654923128,1.0221277523952346
KT2440,2,1,10.0,3.961027256,0.02509921,3.935928046,3.858904013,1.01996008004877
KT2440,2,1,10.25,4.165140941,0.02509921,4.140041731,4.005249674,1.0336538463194942
KT2440,2,1,10.5,4.323438607,0.02509921,4.298339397,4.190505752,1.0257328473892524
KT2440,2,1,10.75,4.47363547,0.02509921,4.44853626,4.359958623,1.0203161645921885
KT2440,2,1,11.0,4.589038718,0.02509921,4.563939508000001,4.494617879000001,1.0154232530698302
KT2440,2,1,11.25,4.696739563,0.02509921,4.671640353000001,4.66393795,1.0016514805905599
KT2440,2,1,11.5,4.823829217,0.02509921,4.7987300070000005,4.844944425,0.990461311019063
KT2440,2,1,11.75,4.943349267,0.02509921,4.918250057000001,5.4651206850000005,0.8999343912933188
KT2440,2,1,12.0,5.055166913,0.02509921,5.030067703,5.869629654000001,0.8569650897092186
KT2440,2,1,12.25,5.174421363,0.02509921,5.149322153000001,5.854092047,0.8796107255673974
KT2440,2,1,12.5,5.394205455,0.02509921,5.369106245,5.7619288090000005,0.9318244676354869
KT2440,2,1,12.75,5.659407166,0.02509921,5.634307956000001,5.730587996000001,0.9831989247757466
KT2440,2,1,13.0,5.994860106,0.02509921,5.969760896,5.442146275,1.0969497316571117
KT2440,2,1,13.25,5.975736898,0.02509921,5.9506376880000005,5.5000470990000006,1.0819248600765483
KT2440,2,1,13.5,5.744532002,0.02509921,5.719432792,5.515319106000001,1.037008499794318
KT2440,2,1,13.75,5.563658326,0.02509921,5.538559116,5.557815123,0.9965353278988514
KT2440,2,1,14.0,5.467112686,0.02509921,5.4420134760000005,5.592210338,0.97314177169278
KT2440,2,1,14.25,5.440419874,0.02509921,5.415320664,5.630987954,0.9616999198432311
KT2440,2,1,14.5,5.459543082,0.02509921,5.434443872,5.665515968,0.9592142891653395
KT2440,2,1,14.75,5.52474791,0.02509921,5.499648700000001,5.703762384,0.9642142027913765
KT2440,2,1,15.0,5.575344731,0.02509921,5.550245521000001,5.735103197,0.9677673322257397
KT2440,2,1,15.25,5.536168714,0.02509921,5.511069504000001,5.487962294,1.0042105263779353
KT2440,2,1,15.5,5.678663174,0.02509921,5.653563964000001,5.695927181,0.9925625423826852
KT2440,2,1,15.75,5.71770639,0.02509921,5.69260718,5.673351172,1.0033941152973282
KT2440,2,1,16.0,5.752367205,0.02509921,5.727267995,5.66949997,1.0101892627754965
KT2440,2,1,16.25,5.771623213,0.02509921,5.746524003,5.66949997,1.013585683641868
KT2440,2,1,16.5,5.790879221,0.02509921,5.765780011,5.677202373,1.0156023393531404
KT2440,2,1,16.75,5.810268029,0.02509921,5.785168819000001,5.688888778,1.0169242262869216
KT2440,2,1,17.0,5.818103232,0.02509921,5.793004022000001,5.69287278,1.0175888775086943
KT2440,2,1,17.25,5.829656837,0.02509921,5.804557627,5.696723981,1.0189290628016474
KT2440,2,1,17.5,5.833508039,0.02509921,5.808408829,5.7044263850000005,1.0182283786277662
KT2440,2,1,17.75,5.841210442,0.02509921,5.816111232000001,5.712128788,1.0182037989441775
KT2440,2,1,18.0,5.845061644,0.02509921,5.819962434000001,5.715979989,1.0181915341201522
KT2440,2,1,18.25,5.844796043,0.02509921,5.819696833,5.727267994,1.016138382051762
KT2440,2,1,18.5,5.840679242,0.02509921,5.815580032000001,5.730853596,1.014784261119345
KT2440,2,1,18.75,5.840944842,0.02509921,5.815845632,5.742672801,1.0127419467442509
KT2440,2,1,19.0,5.841077642,0.02509921,5.8159784320000005,5.746656802,1.0120629493614226
KT2440,2,1,19.25,5.841077642,0.02509921,5.8159784320000005,5.746656802,1.0120629493614226
KT2440,2,1,19.5,5.83722644,0.02509921,5.812127230000001,5.754359206,1.0100390020733787
KT2440,2,1,19.75,5.844796043,0.02509921,5.819696833,5.754226405,1.0113777984027725
KT2440,2,1,20.0,5.848780045,0.02509921,5.823680835,5.762061609,1.0106939547303269
KT2440,2,1,20.25,5.848647245,0.02509921,5.823548035000001,5.7619288090000005,1.01069420120286
KT2440,2,1,20.5,5.852631247,0.02509921,5.827532037,5.769764012,1.010012198918336
KT2440,2,1,20.75,5.848647245,0.02509921,5.823548035000001,5.769631212,1.0093449340207155
KT2440,2,1,21.0,5.856349648,0.02509921,5.8312504380000005,5.777333615,1.0093324752546768
KT2440,2,1,21.25,5.86006805,0.02509921,5.83496884,5.781052017,1.0093264725592244
KT2440,2,1,21.5,5.868168853,0.02509921,5.843069643000001,5.793004022,1.008642428144339
KT2440,2,1,21.75,5.86033365,0.02509921,5.835234440000001,5.7928712220000005,1.0073129914987777
KT2440,2,1,22.0,5.867903253,0.02509921,5.842804043,5.796589623,1.0079726913591793
KT2440,2,1,22.25,5.86033365,0.02509921,5.835234440000001,5.796722423,1.0066437573148568
KT2440,2,1,22.5,5.856615248,0.02509921,5.831516038,5.796855223000001,1.0059792445501272
KT2440,2,1,22.75,5.86059925,0.02509921,5.83550004,5.793136822,1.007312656217461
KT2440,2,1,23.0,5.872152855,0.02509921,5.847053645000001,5.800839225,1.0079668506930566
KT2440,2,1,23.25,5.864317652,0.02509921,5.839218442000001,5.793004022,1.0079776260856186
KT2440,2,1,23.5,5.856349648,0.02509921,5.8312504380000005,5.792738422,1.0066483264381034
KT2440,2,1,23.75,5.863919251,0.02509921,5.838820041000001,5.804159226,1.0059717202182765
KT2440,2,1,24.0,5.867903253,0.02509921,5.842804043,5.800440825,1.0073034480099192
KT2440,2,1,24.25,5.871887255,0.02509921,5.846788045,5.804424826,1.0072984352920278
KT2440,2,1,24.5,5.871621655,0.02509921,5.846522445000001,5.8003080250000005,1.0079675803079442
KT2440,2,1,24.75,5.875738456,0.02509921,5.850639246,5.808276028,1.0072935958614535
KT2440,2,1,25.0,5.864052051,0.02509921,5.838952841,5.8081432280000005,1.005304554621083
KT2440,2,1,25.25,5.875605656,0.02509921,5.850506446000001,5.800440825,1.008631347601068
KT2440,2,1,25.5,5.871488855,0.02509921,5.846389645,5.800175225,1.0079677627325474
KT2440,2,1,25.75,5.871621655,0.02509921,5.846522445000001,5.796456823000001,1.0086372802435692
KT2440,2,1,26.0,5.871887255,0.02509921,5.846788045,5.796722423,1.0086368844920626
KT2440,2,1,26.25,5.875605656,0.02509921,5.850506446000001,5.796589623,1.0093014731948708
KT2440,2,1,26.5,5.879589658,0.02509921,5.854490448000001,5.804424826,1.0086254234486318
KT2440,2,1,26.75,5.879456858,0.02509921,5.854357648000001,5.800440825,1.0092952974828426
KT2440,2,1,27.0,5.883042459,0.02509921,5.857943249000001,5.7924728210000005,1.0113026733181456
KT2440,2,1,27.25,5.887159261,0.02509921,5.862060051,5.792738422,1.011966987623112
KT2440,2,1,27.5,5.887159261,0.02509921,5.862060051,5.7850360180000004,1.0133143566885914
KT2440,2,1,27.75,5.887292061,0.02509921,5.8621928510000005,5.777466415,1.014664981137757
KT2440,2,1,28.0,5.891010463,0.02509921,5.865911253,5.777333615,1.0153319236697742
KT2440,2,1,28.25,5.890877663,0.02509921,5.865778453000001,5.761796009,1.0180468804930924
KT2440,2,1,28.5,5.886628061,0.02509921,5.861528851,5.745992802,1.020107238728142
KT2440,2,1,28.75,5.886893661,0.02509921,5.861794451000001,5.7462584020000005,1.0201063093437963
KT2440,2,1,29.0,5.894596064,0.02509921,5.869496854,5.734704797,1.02350461998855
KT2440,2,1,29.25,5.890744863,0.02509921,5.8656456530000005,5.730853596,1.02352041536955
KT2440,2,1,29.5,5.879191258,0.02509921,5.854092048,5.703895184,1.0263323324070395
KT2440,2,1,29.75,5.883175259,0.02509921,5.858076049,5.69247438,1.0290913332138703
KT2440,2,1,30.0,5.883042459,0.02509921,5.857943249000001,5.673085572000001,1.0325850323697532
KT2440,2,1,30.25,5.891143263,0.02509921,5.866044053,5.661930367,1.0360501936211821
KT2440,2,1,30.5,5.887026461,0.02509921,5.861927251,5.661664767,1.035371660499446
KT2440,2,1,30.75,5.894861664,0.02509921,5.869762454,5.650243962,1.0388511528840778
KT2440,2,1,31.0,5.887026461,0.02509921,5.861927251,5.642408759,1.0389051026567073
KT2440,2,1,31.25,5.890877663,0.02509921,5.865778453000001,5.630855154,1.0417207142742995
KT2440,2,1,31.5,5.88330806,0.02509921,5.8582088500000005,5.607880744,1.044638628641993
KT2440,2,1,31.75,5.879456858,0.02509921,5.854357648000001,5.5963271390000005,1.0461071167912652
KT2440,2,1,32.0,5.88330806,0.02509921,5.8582088500000005,5.592475938000001,1.0475161475786396
KT2440,2,1,32.25,5.879456858,0.02509921,5.854357648000001,5.584773535,1.048271270322871
KT2440,2,1,32.5,5.891143263,0.02509921,5.866044053,5.5810551330000004,1.0510636274339775
KT2440,2,1,32.75,5.906282469,0.02509921,5.881183259,5.569235928,1.0560125904222601
KT2440,2,1,33.0,5.898447266,0.02509921,5.873348056,5.553698322,1.057556193272826
KT2440,2,1,33.25,5.898978466,0.02509921,5.873879256,5.5388247150000005,1.0604919921175011
KT2440,2,1,33.5,5.902696868,0.02509921,5.877597658,5.527138311,1.0634070159421418
KT2440,2,1,33.75,5.902696868,0.02509921,5.877597658,5.500179899,1.0686191662692013
KT2440,2,1,34.0,5.902564068,0.02509921,5.877464858000001,5.457683881,1.0769155902307563
KT2440,2,1,34.25,5.902696868,0.02509921,5.877597658,5.419304665,1.0845667518860558
KT2440,2,1,34.5,5.910399271,0.02509921,5.885300061000001,5.361536641,1.0976890498135832
KT2440,2,1,34.75,5.891143263,0.02509921,5.866044053,5.2960662140000005,1.107622868742328
KT2440,2,1,35.0,5.844796043,0.02509921,5.819696833,5.257421398,1.1069488999329402
KT2440,2,1,35.25,5.825407235,0.02509921,5.8003080250000005,5.195669372,1.1163735814789255
KT2440,2,1,35.5,5.825672835,0.02509921,5.800573625,5.138166948,1.128918870037463
KT2440,2,1,35.75,5.821821634,0.02509921,5.796722424,5.068845319,1.1435982081109546
KT2440,2,1,36.0,5.817970432,0.02509921,5.7928712220000005,4.984118884,1.1622658601897027
KT2440,2,1,36.25,5.810135229,0.02509921,5.7850360190000005,4.895408446,1.181726935109349
KT2440,2,1,36.5,5.802432826,0.02509921,5.777333616000001,4.868450035,1.1866884890398182
KT2440,2,1,36.75,5.798980024,0.02509921,5.773880814,4.811080411,1.20012145313528
KT2440,2,1,37.0,5.795394423,0.02509921,5.770295213000001,4.7150659710000005,1.2237994650531265
KT2440,2,1,37.25,5.795128823,0.02509921,5.770029613,4.5607523070000004,1.265148647547458
KT2440,2,1,37.5,5.775740015,0.02509921,5.750640805000001,4.552917103,1.2630673203364056
KT2440,2,1,37.75,5.771888813,0.02509921,5.746789603000001,4.541363498,1.2654326405562704
KT2440,2,1,38.0,5.752101605,0.02509921,5.727002395,4.525427492,1.265516330805019
KT2440,2,1,38.25,5.736032798,0.02509921,5.7109335880000005,4.517061088,1.2643029343064753
KT2440,2,1,38.5,5.721159192,0.02509921,5.696059982,4.4906338770000005,1.2684311698564241
KT2440,2,1,38.75,5.71690959,0.02509921,5.691810380000001,4.490235477000001,1.267597302893075
KT2440,2,1,39.0,5.705090385,0.02509921,5.6799911750000005,4.4784162720000005,1.268303531878557
KT2440,2,1,39.25,5.69353678,0.02509921,5.66843757,4.466862667,1.268997502850696
KT2440,2,1,39.5,5.677733574,0.02509921,5.652634364000001,4.4549106620000005,1.2688547072821188
KT2440,2,1,39.75,5.67016397,0.02509921,5.64506476,4.435787454000001,1.2726184062109482
KT2440,2,1,40.0,5.650111162,0.02509921,5.625011952,4.415734646000001,1.2738564254750737
KT2440,3,1,0.0,0.029348812,0.02509921,0.03,0.03,1.0
KT2440,3,1,0.25,0.02509921,0.02509921,0.03,0.03,1.0
KT2440,3,1,0.5,0.02509921,0.02509921,0.03,0.03,1.0
KT2440,3,1,0.75,0.032668814,0.02509921,0.03,0.03,1.0
KT2440,3,1,1.0,0.044355219,0.02509921,0.03,0.03,1.0
KT2440,3,1,1.25,0.04807362,0.02509921,0.03,0.03,1.0
KT2440,3,1,1.5,0.04807362,0.02509921,0.03,0.03,1.0
KT2440,3,1,1.75,0.052190422,0.02509921,0.03,0.03,1.0
KT2440,3,1,2.0,0.059892825,0.02509921,0.034793615,0.03,1.1597871666666668
KT2440,3,1,2.25,0.063611227,0.02509921,0.03851201700000001,0.034660814,1.1111111527848136
KT2440,3,1,2.5,0.087116836,0.02509921,0.062017626000000006,0.038910416,1.5938566680962754
KT2440,3,1,2.75,0.117395249,0.02509921,0.092296039,0.053784022,1.7160494058997668
KT2440,3,1,3.0,0.14448646,0.02509921,0.11938725000000001,0.069321629,1.72222222302364
KT2440,3,1,3.25,0.186716878,0.02509921,0.161617668,0.09614724,1.6809392344491636
KT2440,3,1,3.5,0.271443313,0.02509921,0.246344103,0.13080805499999998,1.8832487265405793
KT2440,3,1,3.75,0.42960818,0.02509921,0.40450897,0.169585671,2.3852779991064224
KT2440,3,1,4.0,0.625886662,0.02509921,0.6007874519999999,0.254179306,2.363636369358881
KT2440,3,1,4.25,0.783785928,0.02509921,0.758686718,0.408227371,1.858490566523037
KT2440,3,1,4.5,0.903305978,0.02509921,0.878206768,0.677944283,1.2953966720005514
KT2440,3,1,4.75,1.014858024,0.02509921,0.989758814,0.88577637,1.11739130498593
KT2440,3,1,5.0,1.122824469,0.02509921,1.097725259,1.0630644439999999,1.0326046226036698
KT2440,3,1,5.25,1.226806913,0.02509921,1.201707703,1.170898089,1.026312805776558
KT2440,3,1,5.5,1.345928563,0.02509921,1.320829353,1.247656521,1.0586482182943682
KT2440,3,1,5.75,1.31538455,0.02509921,1.29028534,1.201707702,1.073709803018305
KT2440,3,1,6.0,1.396126984,0.02509921,1.3710277739999999,1.120699668,1.2233676989007547
KT2440,3,1,6.25,1.515779834,0.02509921,1.490680624,1.159477285,1.2856488378726627
KT2440,3,1,6.5,1.669695098,0.02509921,1.644595888,1.398118984,1.1762917940609268
KT2440,3,1,6.75,1.873808783,0.02509921,1.848709573,1.609935073,1.1483131239293152
KT2440,3,1,7.0,2.039410453,0.02509921,2.014311243,1.825602363,1.1033680081843757
KT2440,3,1,7.25,2.131706491,0.02509921,2.106607281,2.03343445,1.0359848486878935
KT2440,3,1,7.5,2.362911388,0.02509921,2.337812178,2.195317718,1.0649083541902156
KT2440,3,1,7.75,2.586413881,0.02509921,2.561314671,2.3263913720000002,1.1009818476063362
KT2440,3,1,8.0,2.728908341,0.02509921,2.703809131,2.484290638,1.0883626455142645
KT2440,3,1,8.25,2.859849196,0.02509921,2.834749986,2.634487501,1.076015727887866
KT2440,3,1,8.5,3.071399684,0.02509921,3.046300474,2.819079578,1.0806010932693153
KT2440,3,1,8.75,3.210042942,0.02509921,3.184943732,3.034746869,1.0494923858507816
KT2440,3,1,9.0,3.46833905,0.02509921,3.44323984,3.246828557,1.060493271988922
KT2440,3,1,9.25,3.610700709,0.02509921,3.585601499,3.4354046360000003,1.0437202830275274
KT2440,3,1,9.5,3.822649598,0.02509921,3.797550388,3.6435023230000003,1.0422802159415556
KT2440,3,1,9.75,3.94575525,0.02509921,3.92065604,3.782012781,1.0366585908161159
KT2440,3,1,10.0,4.118926522,0.02509921,4.093827312,3.978291263,1.0290416265079785
KT2440,3,1,10.25,4.346147417,0.02509921,4.3210482070000005,4.143892932,1.0427509295985837
KT2440,3,1,10.5,4.465933067,0.02509921,4.440833857,4.313744203000001,1.0294615647148515
KT2440,3,1,10.75,4.566064309,0.02509921,4.540965099,4.479345872000001,1.0137563003083052
KT2440,3,1,11.0,4.693021162,0.02509921,4.667921952,4.621707532,1.009999425467756
KT2440,3,1,11.25,4.83153162,0.02509921,4.80643241,4.814134812,0.9984000443899493
KT2440,3,1,11.5,4.931662862,0.02509921,4.906563652,5.3378982310000005,0.9191939298327173
KT2440,3,1,11.75,5.035778105,0.02509921,5.010678895000001,5.834836039,0.8587523045221256
KT2440,3,1,12.0,5.151446954,0.02509921,5.126347744,5.88503446,0.871082026595304
KT2440,3,1,12.25,5.262999,0.02509921,5.23789979,5.723151192,0.9152125488702273
KT2440,3,1,12.5,5.532848713,0.02509921,5.507749503,5.496195898,1.0021021093888238
KT2440,3,1,12.75,5.821157634,0.02509921,5.796058424000001,5.4494502780000005,1.0636042404862915
KT2440,3,1,13.0,6.006413711,0.02509921,5.981314501000001,5.499914299,1.0875286733263334
KT2440,3,1,13.25,6.010397713,0.02509921,5.985298503,5.511600704,1.08594559447244
KT2440,3,1,13.5,5.890877663,0.02509921,5.865778453000001,5.561533525000001,1.054705222333439
KT2440,3,1,13.75,5.663789568,0.02509921,5.638690358000001,5.604029543,1.0061849807775005
KT2440,3,1,14.0,5.590351137,0.02509921,5.565251927,5.634573555,0.9876970941414926
KT2440,3,1,14.25,5.451973479,0.02509921,5.426874269000001,5.673351172,0.9565553240884417
KT2440,3,1,14.5,5.521162308,0.02509921,5.4960630980000005,5.700176783,0.9641916921579098
KT2440,3,1,14.75,5.570962329,0.02509921,5.545863119000001,5.726869594,0.9683934701098068
KT2440,3,1,15.0,5.617707948,0.02509921,5.592608738,5.750508004,0.9725416839885855
KT2440,3,1,15.25,5.582383134,0.02509921,5.557283924,5.360872641,1.0366379312013205
KT2440,3,1,15.5,5.697919182,0.02509921,5.672819972,5.715183189,0.9925876012020863
KT2440,3,1,15.75,5.733111197,0.02509921,5.708011987000001,5.711863188000001,0.999325753983728
KT2440,3,1,16.0,5.76392081,0.02509921,5.7388216000000005,5.715714389,1.0040427511641363
KT2440,3,1,16.25,5.779325616,0.02509921,5.754226406000001,5.711863188000001,1.0074167074045122
KT2440,3,1,16.5,5.794730422,0.02509921,5.769631212,5.708011986,1.0107952166448027
KT2440,3,1,16.75,5.814119231,0.02509921,5.789020021000001,5.715847189,1.0128017474191437
KT2440,3,1,17.0,5.818103232,0.02509921,5.793004022000001,5.712128788,1.0141585102510122
KT2440,3,1,17.25,5.825805635,0.02509921,5.800706425,5.715979989,1.014822731388677
KT2440,3,1,17.5,5.833508039,0.02509921,5.808408829,5.719831191,1.0154860580744716
KT2440,3,1,17.75,5.83735924,0.02509921,5.81226003,5.723682393,1.0154756380452434
KT2440,3,1,18.0,5.845061644,0.02509921,5.819962434000001,5.723682393,1.0168213458380833
KT2440,3,1,18.25,5.848647245,0.02509921,5.823548035000001,5.727267994,1.0168108147027284
KT2440,3,1,18.5,5.840679242,0.02509921,5.815580032000001,5.730853596,1.014784261119345
KT2440,3,1,18.75,5.844796043,0.02509921,5.819696833,5.738821599,1.0140926551914582
KT2440,3,1,19.0,5.848780045,0.02509921,5.823680835,5.738954399,1.014763392442143
KT2440,3,1,19.25,5.852631247,0.02509921,5.827532037,5.742805601000001,1.0147534919143435
KT2440,3,1,19.5,5.852631247,0.02509921,5.827532037,5.750508004,1.0133943006333392
KT2440,3,1,19.75,5.856349648,0.02509921,5.8312504380000005,5.754226405,1.013385645189955
KT2440,3,1,20.0,5.86033365,0.02509921,5.835234440000001,5.762061609,1.0126990712639568
KT2440,3,1,20.25,5.86020085,0.02509921,5.83510164,5.7619288090000005,1.01269936395009
KT2440,3,1,20.5,5.86033365,0.02509921,5.835234440000001,5.7659128100000006,1.0120226635893235
KT2440,3,1,20.75,5.856349648,0.02509921,5.8312504380000005,5.76578001,1.0113549993039017
KT2440,3,1,21.0,5.856349648,0.02509921,5.8312504380000005,5.769631212,1.0106799245455829
KT2440,3,1,21.25,5.863919251,0.02509921,5.838820041000001,5.773349613000001,1.0113401114411258
KT2440,3,1,21.5,5.864317652,0.02509921,5.839218442000001,5.793004022,1.0079776260856186
KT2440,3,1,21.75,5.86033365,0.02509921,5.835234440000001,5.7928712220000005,1.0073129914987777
KT2440,3,1,22.0,5.871754455,0.02509921,5.846655245,5.796589623,1.0086370823632826
KT2440,3,1,22.25,5.864184852,0.02509921,5.839085642000001,5.7928712220000005,1.0079778089705307
KT2440,3,1,22.5,5.86046645,0.02509921,5.83536724,5.785301618,1.0086539346270607
KT2440,3,1,22.75,5.852896847,0.02509921,5.827797637000001,5.7815832170000006,1.0079933849026184
KT2440,3,1,23.0,5.86059925,0.02509921,5.83550004,5.777732015,1.0099983912112962
KT2440,3,1,23.25,5.864317652,0.02509921,5.839218442000001,5.78915282,1.0086481776447562
KT2440,3,1,23.5,5.86020085,0.02509921,5.83510164,5.792738422,1.0073131591509656
KT2440,3,1,23.75,5.863919251,0.02509921,5.838820041000001,5.796456823000001,1.007308467792239
KT2440,3,1,24.0,5.864052051,0.02509921,5.838952841,5.796589623,1.007308300355076
KT2440,3,1,24.25,5.864184852,0.02509921,5.839085642000001,5.796722423,1.0073081330980957
KT2440,3,1,24.5,5.863919251,0.02509921,5.838820041000001,5.796456823000001,1.007308467792239
KT2440,3,1,24.75,5.871887255,0.02509921,5.846788045,5.804424826,1.0072984352920278
KT2440,3,1,25.0,5.864052051,0.02509921,5.838952841,5.800440825,1.0066394981281446
KT2440,3,1,25.25,5.867903253,0.02509921,5.842804043,5.8081432280000005,1.0059676240132829
KT2440,3,1,25.5,5.871488855,0.02509921,5.846389645,5.811728829000001,1.0059639424033422
KT2440,3,1,25.75,5.867770453,0.02509921,5.842671243000001,5.808010428,1.0059677604628434
KT2440,3,1,26.0,5.868036053,0.02509921,5.842936843,5.808276028,1.0059674875699625
KT2440,3,1,26.25,5.871754455,0.02509921,5.846655245,5.804292026000001,1.0072986022774588
KT2440,3,1,26.5,5.875738456,0.02509921,5.850639246,5.808276028,1.0072935958614535
KT2440,3,1,26.75,5.875605656,0.02509921,5.850506446000001,5.81199443,1.0066262995369044
KT2440,3,1,27.0,5.875340056,0.02509921,5.850240846,5.811728829000001,1.0066266025365513
KT2440,3,1,27.25,5.879456858,0.02509921,5.854357648000001,5.804292026000001,1.0086256207950486
KT2440,3,1,27.5,5.879456858,0.02509921,5.854357648000001,5.804292026000001,1.0086256207950486
KT2440,3,1,27.75,5.879589658,0.02509921,5.854490448000001,5.796722423,1.0099656358860294
KT2440,3,1,28.0,5.875605656,0.02509921,5.850506446000001,5.796589623,1.0093014731948708
KT2440,3,1,28.25,5.887026461,0.02509921,5.861927251,5.796456823000001,1.011294904801191
KT2440,3,1,28.5,5.875074456,0.02509921,5.8499752460000005,5.780653616,1.0119920055074962
KT2440,3,1,28.75,5.875340056,0.02509921,5.850240846,5.773216813,1.0133416144750633
KT2440,3,1,29.0,5.883042459,0.02509921,5.857943249000001,5.765514410000001,1.0160313256419387
KT2440,3,1,29.25,5.883042459,0.02509921,5.857943249000001,5.753960805,1.0180714550418284
KT2440,3,1,29.5,5.871488855,0.02509921,5.846389645,5.734704797,1.0194752566964609
KT2440,3,1,29.75,5.879324058,0.02509921,5.854224848,5.742540001,1.019448684202557
KT2440,3,1,30.0,5.875340056,0.02509921,5.850240846,5.742407201,1.0187784741181751
KT2440,3,1,30.25,5.871887255,0.02509921,5.846788045,5.742805601000001,1.0181065582268523
KT2440,3,1,30.5,5.875472856,0.02509921,5.850373646,5.738688799,1.0194617361058962
KT2440,3,1,30.75,5.879456858,0.02509921,5.854357648000001,5.7349703970000006,1.0208174136456662
KT2440,3,1,31.0,5.871621655,0.02509921,5.846522445000001,5.715581589,1.0229094544380233
KT2440,3,1,31.25,5.875472856,0.02509921,5.850373646,5.696325581,1.0270434094416627
KT2440,3,1,31.5,5.871754455,0.02509921,5.846655245,5.673351172,1.0305470378522164
KT2440,3,1,31.75,5.875605656,0.02509921,5.850506446000001,5.673351172,1.0312258608059244
KT2440,3,1,32.0,5.879456858,0.02509921,5.854357648000001,5.677202373,1.0312046785301379
KT2440,3,1,32.25,5.875605656,0.02509921,5.850506446000001,5.657946365,1.0340335642259133
KT2440,3,1,32.5,5.88344086,0.02509921,5.858341650000001,5.6503767620000005,1.0368054904583723
KT2440,3,1,32.75,5.890877663,0.02509921,5.865778453000001,5.64625996,1.0388785664413511
KT2440,3,1,33.0,5.875340056,0.02509921,5.850240846,5.6268711520000005,1.0396969626575874
KT2440,3,1,33.25,5.872020055,0.02509921,5.8469208450000005,5.619699949,1.0404329231208214
KT2440,3,1,33.5,5.871887255,0.02509921,5.846788045,5.611864746,1.0418618961134885
KT2440,3,1,33.75,5.864184852,0.02509921,5.839085642000001,5.588757536,1.0447913698863318
KT2440,3,1,34.0,5.864052051,0.02509921,5.838952841,5.565517527,1.0491302583584516
KT2440,3,1,34.25,5.86033365,0.02509921,5.835234440000001,5.523287109,1.056478565181175
KT2440,3,1,34.5,5.856482448,0.02509921,5.831383238000001,5.496328698,1.0609596984477876
KT2440,3,1,34.75,5.86033365,0.02509921,5.835234440000001,5.488626294,1.0631502542592308
KT2440,3,1,35.0,5.852498447,0.02509921,5.827399237000001,5.476939890000001,1.0639881674874472
KT2440,3,1,35.25,5.867770453,0.02509921,5.842671243000001,5.43059267,1.075880957759257
KT2440,3,1,35.5,5.871887255,0.02509921,5.846788045,5.388495053000001,1.0850502760960778
KT2440,3,1,35.75,5.879589658,0.02509921,5.854490448000001,5.346131835,1.0950890529245618
KT2440,3,1,36.0,5.875738456,0.02509921,5.850639246,5.338429432,1.0959476603604938
KT2440,3,1,36.25,5.867903253,0.02509921,5.842804043,5.280528607,1.106480899517263
KT2440,3,1,36.5,5.86020085,0.02509921,5.83510164,5.176546164,1.1272190868459528
KT2440,3,1,36.75,5.872152855,0.02509921,5.847053645000001,5.115325338,1.1430462890726112
KT2440,3,1,37.0,5.864716052,0.02509921,5.839616842000001,5.069376519,1.1519398529805673
KT2440,3,1,37.25,5.852896847,0.02509921,5.827797637000001,5.007491693,1.1638157373574298
KT2440,3,1,37.5,5.841210442,0.02509921,5.816111232000001,4.938037264,1.17781841672226
KT2440,3,1,37.75,5.848912845,0.02509921,5.8238136350000005,4.884120442,1.1923976290427443
KT2440,3,1,38.0,5.848381645,0.02509921,5.823282435,4.8258212170000006,1.2066925344200956
KT2440,3,1,38.25,5.840015241,0.02509921,5.814916031,4.798198806,1.2118956021014857
KT2440,3,1,38.5,5.825141635,0.02509921,5.800042425,4.721705974,1.2283785684534028
KT2440,3,1,38.75,5.817040832,0.02509921,5.791941622,4.625027533,1.2523042469853336
KT2440,3,1,39.0,5.797519224,0.02509921,5.772420014000001,4.513077087,1.2790430791948049
KT2440,3,1,39.25,5.78981682,0.02509921,5.764717610000001,4.505374683,1.2795201321994023
KT2440,3,1,39.5,5.758608807,0.02509921,5.733509597,4.485720275,1.2781692226673675
KT2440,3,1,39.75,5.762592809,0.02509921,5.737493599,4.47429947,1.282322213224588
KT2440,3,1,40.0,5.750242404,0.02509921,5.725143194,4.458097864,1.2842120941829553
KT2440,1,2,0.0,0.025497611,0.021248009,0.03,0.03,1.0
KT2440,1,2,0.25,0.02509921,0.021248009,0.03,0.03,1.0
KT2440,1,2,0.5,0.021248009,0.021248009,0.03,0.03,1.0
KT2440,1,2,0.75,0.032668814,0.021248009,0.03,0.03,1.0
KT2440,1,2,1.0,0.052057622,0.021248009,0.030809612999999996,0.030809612999999996,1.0
KT2440,1,2,1.25,0.055776023,0.021248009,0.034528013999999996,0.03,1.1509338
KT2440,1,2,1.5,0.063478427,0.021248009,0.042230418000000006,0.034528013999999996,1.2230769484743609
KT2440,1,2,1.75,0.07144643,0.021248009,0.05019842100000001,0.030942413,1.6223175936537337
KT2440,1,2,2.0,0.079148833,0.021248009,0.057900824000000004,0.038644816,1.4982817876529677
KT2440,1,2,2.25,0.094420839,0.021248009,0.07317283000000001,0.04236321800000001,1.7272727015213998
KT2440,1,2,2.5,0.129480054,0.021248009,0.10823204500000001,0.054315222999999996,1.992665021369792
KT2440,1,2,2.75,0.16746087,0.021248009,0.146212861,0.06918882900000001,2.1132437578904533
KT2440,1,2,3.0,0.202254485,0.021248009,0.181006476,0.084726435,2.1363636508487582
KT2440,1,2,3.25,0.267592112,0.021248009,0.24634410299999998,0.103849643,2.3721227717653295
KT2440,1,2,3.5,0.40623537,0.021248009,0.384987361,0.13851045799999998,2.779482261187816
KT2440,1,2,3.75,0.545144228,0.021248009,0.5238962189999999,0.173436872,3.020673821884887
KT2440,1,2,4.0,0.679803484,0.021248009,0.658555475,0.234923298,2.803278689710886
KT2440,1,2,4.25,0.787637129,0.021248009,0.76638912,0.377417758,2.0306122426809607
KT2440,1,2,4.5,0.895603574,0.021248009,0.874355565,0.639432267,1.367393561638953
KT2440,1,2,4.75,0.984048411,0.021248009,0.9628004019999999,0.870371564,1.106194689513087
KT2440,1,2,5.0,1.07661005,0.021248009,1.055362041,1.009147622,1.0457954990850684
KT2440,1,2,5.25,1.161336485,0.021248009,1.140088476,1.082320452,1.0533742330132
KT2440,1,2,5.5,1.249648522,0.021248009,1.228400513,1.155227683,1.0633406133498968
KT2440,1,2,5.75,1.334640558,0.021248009,1.313392549,1.0707668479999999,1.2265905985539067
KT2440,1,2,6.0,1.426936597,0.021248009,1.405688588,1.224682112,1.1477987424054088
KT2440,1,2,6.25,1.573547858,0.021248009,1.552299849,1.5253414379999999,1.01767368952839
KT2440,1,2,6.5,1.619629477,0.021248009,1.598381468,1.617637476,0.9880962154464823
KT2440,1,2,6.75,1.76982634,0.021248009,1.748578331,1.667703097,1.0484949833969157
KT2440,1,2,7.0,1.885362388,0.021248009,1.8641143789999999,1.829453565,1.0189459927615052
KT2440,1,2,7.25,2.073938467,0.021248009,2.0526904580000003,2.05654166,0.9981273406345681
KT2440,1,2,7.5,2.270482549,0.021248009,2.2492345400000002,2.2145737260000002,1.0156512350855913
KT2440,1,2,7.75,2.409258607,0.021248009,2.388010598,2.3610521870000003,1.0114179649007478
KT2440,1,2,8.0,2.601818688,0.021248009,2.580570679,2.5343562590000004,1.0182351710955724
KT2440,1,2,8.25,2.805932373,0.021248009,2.7846843640000003,2.765428356,1.0069631194596749
KT2440,1,2,8.5,3.005929257,0.021248009,2.9846812480000002,2.938466828,1.0157273921078955
KT2440,1,2,8.75,3.179233329,0.021248009,3.1579853200000003,3.1117709010000003,1.0148514850451067
KT2440,1,2,9.0,3.449083042,0.021248009,3.427835033,3.308447783,1.0360855778390865
KT2440,1,2,9.25,3.610700709,0.021248009,3.5894527000000003,3.5162798700000004,1.020809728663606
KT2440,1,2,9.5,3.811095993,0.021248009,3.789847984,3.7012703470000003,1.0239316852582234
KT2440,1,2,9.75,4.003523274,0.021248009,3.982275265,3.8359296030000003,1.0381512898165666
KT2440,1,2,10.0,4.215206562,0.021248009,4.193958553,4.039910489,1.0381315537607694
KT2440,1,2,10.25,4.380808231,0.021248009,4.359560222,4.197809755000001,1.0385321099431288
KT2440,1,2,10.5,4.523701091,0.021248009,4.502453082000001,4.352256219,1.0345101150856673
KT2440,1,2,10.75,4.654641946,0.021248009,4.633393937,4.517857889,1.0255731921717381
KT2440,1,2,11.0,4.750789186,0.021248009,4.729541177000001,4.748797185,0.995945076774215
KT2440,1,2,11.25,4.877746039,0.021248009,4.85649803,5.206957377,0.9326940242399453
KT2440,1,2,11.5,5.027942902,0.021248009,5.006694893000001,5.7422744,0.8719010176525177
KT2440,1,2,11.75,5.124355742,0.021248009,5.103107733,5.696192781000001,0.8958804466768976
KT2440,1,2,12.0,5.232322187,0.021248009,5.2110741780000005,5.673218372,0.9185393257060405
KT2440,1,2,12.25,5.528731911,0.021248009,5.507483902000001,5.542144717,0.9937459563454414
KT2440,1,2,12.5,5.921820076,0.021248009,5.900572067000001,5.423023067,1.0880595553623893
KT2440,1,2,12.75,6.040676125,0.021248009,6.019428116,5.457152681,1.1030345800947914
KT2440,1,2,13.0,6.014116114,0.021248009,5.992868105,5.4960630980000005,1.0903928863518297
KT2440,1,2,13.25,5.748516003,0.021248009,5.727267994,5.546261519000001,1.0326357627349376
KT2440,1,2,13.5,5.401775058,0.021248009,5.380527049,5.600045541,0.960800588067932
KT2440,1,2,13.75,5.390354253,0.021248009,5.369106244,5.650243962,0.9502432603103943
KT2440,1,2,14.0,5.432451871,0.021248009,5.411203862,5.676936773,0.9531907925654819
KT2440,1,2,14.25,5.490485495,0.021248009,5.469237486,5.6887559780000005,0.9614118635341471
KT2440,1,2,14.5,5.548120719,0.021248009,5.52687271,5.711730388,0.9676354334951848
KT2440,1,2,14.75,5.594069539,0.021248009,5.572821530000001,5.730720796,0.9724468750754335
KT2440,1,2,15.0,5.640815158,0.021248009,5.619567149,5.746656802,0.9778845931854205
KT2440,1,2,15.25,5.513061505,0.021248009,5.491813496,5.360872641,1.024425287405368
KT2440,1,2,15.5,5.744133601,0.021248009,5.722885592,5.692075979,1.005412719913379
KT2440,1,2,15.75,5.76392081,0.021248009,5.742672801,5.700309583,1.0074317398701187
KT2440,1,2,16.0,5.775474414,0.021248009,5.754226405,5.700309583,1.0094585778570335
KT2440,1,2,16.25,5.798581624,0.021248009,5.777333615,5.6887559780000005,1.0155706515348089
KT2440,1,2,16.5,5.817837632,0.021248009,5.796589623,5.700309583,1.016890317727152
KT2440,1,2,16.75,5.833375239,0.021248009,5.812127230000001,5.711995988,1.0175299916544691
KT2440,1,2,17.0,5.83735924,0.021248009,5.816111231,5.7044263850000005,1.0195786286757382
KT2440,1,2,17.25,5.848912845,0.021248009,5.827664836,5.712128788,1.020226443115694
KT2440,1,2,17.5,5.856615248,0.021248009,5.835367239,5.715979989,1.0208865759204462
KT2440,1,2,17.75,5.868168853,0.021248009,5.8469208440000005,5.7275335940000005,1.0208444434311248
KT2440,1,2,18.0,5.872020055,0.021248009,5.850772046,5.742938401,1.0187767371806085
KT2440,1,2,18.25,5.879456858,0.021248009,5.858208849,5.742672801,1.020118863115426
KT2440,1,2,18.5,5.883042459,0.021248009,5.8617944500000005,5.742407201,1.0207904533449335
KT2440,1,2,18.75,5.88330806,0.021248009,5.862060051,5.754226405,1.01873990323118
KT2440,1,2,19.0,5.88344086,0.021248009,5.8621928510000005,5.750508004,1.019421735770529
KT2440,1,2,19.25,5.887292061,0.021248009,5.866044052,5.754359206,1.019408737272353
KT2440,1,2,19.5,5.887292061,0.021248009,5.866044052,5.754359206,1.019408737272353
KT2440,1,2,19.75,5.887159261,0.021248009,5.865911252,5.76578001,1.0173664693807838
KT2440,1,2,20.0,5.898845666,0.021248009,5.877597657,5.762061609,1.020051164989201
KT2440,1,2,20.25,5.898712866,0.021248009,5.8774648570000005,5.76578001,1.0193702927975568
KT2440,1,2,20.5,5.898845666,0.021248009,5.877597657,5.769764012,1.0186894376920315
KT2440,1,2,20.75,5.894861664,0.021248009,5.873613655,5.7619288090000005,1.019383239484936
KT2440,1,2,21.0,5.894861664,0.021248009,5.873613655,5.76578001,1.01870235160082
KT2440,1,2,21.25,5.898580066,0.021248009,5.877332057,5.7772008150000005,1.0173321380382032
KT2440,1,2,21.5,5.895127264,0.021248009,5.873879255,5.773748014000001,1.0173425027828031
KT2440,1,2,21.75,5.88344086,0.021248009,5.8621928510000005,5.746656802,1.0201049154283566
KT2440,1,2,22.0,5.902564068,0.021248009,5.881316059,5.731119196,1.0262072481592828
KT2440,1,2,22.25,5.906548069,0.021248009,5.8853000600000005,5.708144786,1.0310355256640473
KT2440,1,2,22.5,5.910532071,0.021248009,5.889284062000001,5.696723981,1.0338018976594683
KT2440,1,2,22.75,5.902962468,0.021248009,5.881714459,5.673749572,1.0366538713704088
KT2440,1,2,23.0,5.895260065,0.021248009,5.874012056000001,5.66989837,1.0359995316812003
KT2440,1,2,23.25,5.887424861,0.021248009,5.866176852000001,5.6582119650000005,1.0367545239178753
KT2440,1,2,23.5,5.879456858,0.021248009,5.858208849,5.650243962,1.0368063553359186
KT2440,1,2,23.75,5.875472856,0.021248009,5.854224847,5.630855154,1.039668875666483
KT2440,1,2,24.0,5.86020085,0.021248009,5.838952841,5.630987954,1.0369322201892248
KT2440,1,2,24.25,5.848780045,0.021248009,5.827532036,5.619567149,1.0370072785831925
KT2440,1,2,24.5,5.833109639,0.021248009,5.81186163,5.607747944000001,1.0363985129214643
KT2440,1,2,24.75,5.829524037,0.021248009,5.808276028,5.6041623430000005,1.0364218008878618
KT2440,1,2,25.0,5.813986431,0.021248009,5.792738422,5.584773535,1.0372378370755189
KT2440,1,2,25.25,5.802432826,0.021248009,5.781184817000001,5.569368728000001,1.038032333527334
KT2440,1,2,25.5,5.775208814,0.021248009,5.753960805,5.54984712,1.0367782536323271
KT2440,1,2,25.75,5.759936808,0.021248009,5.738688799,5.538426315000001,1.0361587340175709
KT2440,1,2,26.0,5.737095198,0.021248009,5.715847189,5.504031101,1.038483810158979
KT2440,1,2,26.25,5.729259995,0.021248009,5.708011986,5.457683881,1.045867094990876
KT2440,1,2,26.5,5.729392795,0.021248009,5.708144786,5.3692390450000005,1.0631198831267532
KT2440,1,2,26.75,5.713855189,0.021248009,5.69260718,5.334445430000001,1.0671413279411877
KT2440,1,2,27.0,5.713589589,0.021248009,5.69234158,5.268709402,1.0804053034010928
KT2440,1,2,27.25,5.706152785,0.021248009,5.684904776,5.176546164,1.098204207186512
KT2440,1,2,27.5,5.702301584,0.021248009,5.681053575,5.080266124,1.1182590510685615
KT2440,1,2,27.75,5.683178376,0.021248009,5.661930367,4.984118884,1.1359942446750033
KT2440,1,2,28.0,5.671491971,0.021248009,5.650243962,4.899259648,1.153285265112775
KT2440,1,2,28.25,5.64440076,0.021248009,5.623152751,4.795144404,1.172676415398313
KT2440,1,2,28.5,5.601639142,0.021248009,5.580391133,4.7177219720000005,1.1828571429431407
KT2440,1,2,28.75,5.574946331,0.021248009,5.553698322,4.698731564,1.1819569273866268
KT2440,1,2,29.0,5.563392726,0.021248009,5.542144717,4.6871779590000004,1.182405440006465
KT2440,1,2,29.25,5.52488071,0.021248009,5.503632701,4.679475556,1.1761216903768779
KT2440,1,2,29.5,5.463261484,0.021248009,5.442013475,4.6640707500000005,1.1667947950832436
KT2440,1,2,29.75,5.455691881,0.021248009,5.434443872,4.64109634,1.170939681894214
KT2440,1,2,30.0,5.444005476,0.021248009,5.422757467,4.625558734,1.1723464729007158
KT2440,1,2,30.25,5.421296666,0.021248009,5.400048657,4.6144035290000005,1.1702593028681778
KT2440,1,2,30.5,5.40562626,0.021248009,5.384378251,4.606435526,1.1688817135525018
KT2440,1,2,30.75,5.394205455,0.021248009,5.372957446,4.591163519,1.1702823094330306
KT2440,1,2,31.0,5.359411841,0.021248009,5.338163832,4.571774711,1.1676349272320914
KT2440,1,2,31.25,5.328602228,0.021248009,5.3073542190000005,4.571774711,1.1608958346591634
KT2440,1,2,31.5,5.305627818,0.021248009,5.284379809,4.548800302,1.1617084633670516
KT2440,1,2,31.75,5.270967004,0.021248009,5.249718995,4.5449491,1.1550666199980106
KT2440,1,2,32.0,5.259413399,0.021248009,5.23816539,4.533395495000001,1.1554618157134775
KT2440,1,2,32.25,5.217050181,0.021248009,5.1958021720000005,4.506437084,1.1529734189449965
KT2440,1,2,32.5,5.182522167,0.021248009,5.161274158,4.4988674810000004,1.1472385394318754
KT2440,1,2,32.75,5.16685176,0.021248009,5.145603751,4.487048276,1.1467680832681106
KT2440,1,2,33.0,5.132058145,0.021248009,5.1108101360000004,4.471510669000001,1.1429716966644232
KT2440,1,2,33.25,5.063267717,0.021248009,5.042019708,4.460488265,1.130373943041861
KT2440,1,2,33.5,5.020771699,0.021248009,4.99952369,4.441099456,1.1257400874563976
KT2440,1,2,33.75,4.982259683,0.021248009,4.961011674,4.421843448000001,1.121932907019552
KT2440,1,2,34.0,4.947466068,0.021248009,4.926218059,4.410157044,1.11701647126197
KT2440,1,2,34.25,4.909086852,0.021248009,4.887838843,4.406438642,1.1092492691062414
KT2440,1,2,34.5,4.851318828,0.021248009,4.830070819,4.3794802310000005,1.1028867729121163
KT2440,1,2,34.75,4.828211618,0.021248009,4.806963609,4.371777828,1.0995443497180388
KT2440,1,2,35.0,4.789566802,0.021248009,4.768318793000001,4.344686616000001,1.0975058075396984
KT2440,1,2,35.25,4.747070785,0.021248009,4.725822776,4.336851413,1.0896898062576073
KT2440,1,2,35.5,4.701121965,0.021248009,4.679873956,4.325563408,1.0819108436474918
KT2440,1,2,35.75,4.651056344,0.021248009,4.629808335,4.302456199,1.076084943311238
KT2440,1,2,36.0,4.543222699,0.021248009,4.52197469,4.287051392,1.0547983395856617
KT2440,1,2,36.25,4.454512262,0.021248009,4.433264253,4.275364987000001,1.036932347642861
KT2440,1,2,36.5,4.435256254,0.021248009,4.414008245,4.248406576,1.0389797129906335
KT2440,1,2,36.75,4.408696243,0.021248009,4.387448234,4.2526561780000005,1.0316959684390454
KT2440,1,2,37.0,4.393557037,0.021248009,4.372309028,4.237516971,1.0318092075907819
KT2440,1,2,37.25,4.374035429,0.021248009,4.35278742,4.206441758,1.0347908447137473
KT2440,1,2,37.5,4.362349024,0.021248009,4.3411010150000005,4.194755354,1.0348877702391988
KT2440,1,2,37.75,4.346944217,0.021248009,4.325696208,4.183201749,1.034063491925548
KT2440,1,2,38.0,4.342561815,0.021248009,4.321313806,4.148009734,1.041780054318455
KT2440,1,2,38.25,4.303385799,0.021248009,4.28213779,4.1319409270000005,1.0363501961072445
KT2440,1,2,38.5,4.296214596,0.021248009,4.274966587000001,4.128620926,1.0354466209475393
KT2440,1,2,38.75,4.261155381,0.021248009,4.239907372,4.108966518,1.0318671017216599
KT2440,1,2,39.0,4.25703858,0.021248009,4.235790571,4.085593708,1.0367625549025834
KT2440,1,2,39.25,4.23393137,0.021248009,4.212683361,4.070188901,1.0350092989455577
KT2440,1,2,39.5,4.221979365,0.021248009,4.200731356,4.058236896,1.0351124056213794
KT2440,1,2,39.75,4.202856157,0.021248009,4.1816081480000005,4.031411285,1.0372566459688324
KT2440,1,2,40.0,4.175100945,0.021248009,4.153852936,4.011358477,1.0355227436832242
KT2440,2,2,0.0,0.025497611,0.021248009,0.03,0.03,1.0
KT2440,2,2,0.25,0.021248009,0.021248009,0.03,0.03,1.0
KT2440,2,2,0.5,0.021248009,0.021248009,0.03,0.03,1.0
KT2440,2,2,0.75,0.028817612,0.021248009,0.03,0.03,1.0
KT2440,2,2,1.0,0.036652815,0.021248009,0.03,0.03,1.0
KT2440,2,2,1.25,0.04807362,0.021248009,0.03,0.03,1.0
KT2440,2,2,1.5,0.051924822,0.021248009,0.030676813,0.034528013999999996,0.8884615547248099
KT2440,2,2,1.75,0.063744027,0.021248009,0.042496017999999997,0.034793614,1.221374071690282
KT2440,2,2,2.0,0.07144643,0.021248009,0.05019842100000001,0.034793614,1.442748114639658
KT2440,2,2,2.25,0.079016033,0.021248009,0.057768024,0.038512015999999996,1.5000000000000002
KT2440,2,2,2.5,0.090968038,0.021248009,0.069720029,0.046612819,1.4957265081950954
KT2440,2,2,2.75,0.105841644,0.021248009,0.084593635,0.053784022,1.572839513564084
KT2440,2,2,3.0,0.125230452,0.021248009,0.103982443,0.065470427,1.5882352959145967
KT2440,2,2,3.25,0.194419281,0.021248009,0.173171272,0.076891232,2.252158893747469
KT2440,2,2,3.5,0.313806531,0.021248009,0.292558522,0.099998442,2.9256308013278844
KT2440,2,2,3.75,0.421905776,0.021248009,0.400657767,0.123371251,3.247578052037423
KT2440,2,2,4.0,0.583523444,0.021248009,0.562275435,0.16560166899999998,3.3953488415627024
KT2440,2,2,4.25,0.714464299,0.021248009,0.69321629,0.231072096,3.000000008655307
KT2440,2,2,4.5,0.83783555,0.021248009,0.816587541,0.381401759,2.1410167146082824
KT2440,2,2,4.75,0.937833992,0.021248009,0.9165859829999999,0.743281911,1.2331606210715385
KT2440,2,2,5.0,1.022693228,0.021248009,1.001445219,1.001445219,1.0
KT2440,2,2,5.25,1.161336485,0.021248009,1.140088476,1.1169812669999999,1.0206871947477345
KT2440,2,2,5.5,1.342077361,0.021248009,1.320829352,1.186037296,1.1136490871362952
KT2440,2,2,5.75,1.342342961,0.021248009,1.321094952,1.039957235,1.2703358441465145
KT2440,2,2,6.0,1.426936597,0.021248009,1.405688588,1.193872499,1.1774193552304952
KT2440,2,2,6.25,1.515779834,0.021248009,1.494531825,1.286566938,1.1616432700526926
KT2440,2,2,6.5,1.584968663,0.021248009,1.563720654,1.255624525,1.2453728187572635
KT2440,2,2,6.75,1.712058316,0.021248009,1.690810307,1.548315847,1.0920319069756315
KT2440,2,2,7.0,1.816040759,0.021248009,1.79479275,1.694661508,1.059086278603314
KT2440,2,2,7.25,2.004616838,0.021248009,1.983368829,1.875535184,1.0574948664892654
KT2440,2,2,7.5,2.22426813,0.021248009,2.203020121,2.068228065,1.065172723589359
KT2440,2,2,7.75,2.34378818,0.021248009,2.3225401710000004,2.187748114,1.0616122377788508
KT2440,2,2,8.0,2.540199462,0.021248009,2.518951453,2.341796179,1.0756493137996532
KT2440,2,2,8.25,2.744313147,0.021248009,2.7230651380000004,2.4650346300000003,1.1046762203093268
KT2440,2,2,8.5,2.932756426,0.021248009,2.9115084170000003,2.6881387240000003,1.0830945557257632
KT2440,2,2,8.75,3.163828523,0.021248009,3.142580514,2.8768476030000003,1.0923694778697666
KT2440,2,2,9.0,3.329695792,0.021248009,3.308447783,3.1004828960000004,1.067074998952034
KT2440,2,2,9.25,3.552932685,0.021248009,3.5316846760000002,3.3198685880000003,1.0638025519340224
KT2440,2,2,9.5,3.691708743,0.021248009,3.670460734,3.5125614680000004,1.0449527410234631
KT2440,2,2,9.75,3.89954083,0.021248009,3.878292821,3.654923128,1.0611147444631015
KT2440,2,2,10.0,4.04190249,0.021248009,4.020654481,3.858904013,1.041916167765534
KT2440,2,2,10.25,4.184396949,0.021248009,4.16314894,4.005249674,1.0394230769245174
KT2440,2,2,10.5,4.338843414,0.021248009,4.3175954050000005,4.190505752,1.0303279987002392
KT2440,2,2,10.75,4.489040277,0.021248009,4.467792268,4.359958623,1.0247327221022575
KT2440,2,2,11.0,4.585187517,0.021248009,4.563939508,4.494617879000001,1.01542325306983
KT2440,2,2,11.25,4.715995572,0.021248009,4.694747563,4.66393795,1.00660592257665
KT2440,2,2,11.5,4.850787628,0.021248009,4.829539619,4.844944425,0.9968204370063543
KT2440,2,2,11.75,4.943349267,0.021248009,4.9221012580000005,5.4651206850000005,0.900639078567759
KT2440,2,2,12.0,5.07057172,0.021248009,5.049323711,5.869629654000001,0.8602457069091263
KT2440,2,2,12.25,5.193677371,0.021248009,5.172429362,5.854092047,0.8835579147838432
KT2440,2,2,12.5,5.274818205,0.021248009,5.253570196,5.7619288090000005,0.9117728403367366
KT2440,2,2,12.75,5.566978327,0.021248009,5.545730318,5.730587996000001,0.9677419353600307
KT2440,2,2,13.0,5.890877663,0.021248009,5.869629654000001,5.442146275,1.0785505124997767
KT2440,2,2,13.25,6.033504922,0.021248009,6.012256913,5.5000470990000006,1.093128259591291
KT2440,2,2,13.5,6.029520921,0.021248009,6.008272912,5.515319106000001,1.089379018063293
KT2440,2,2,13.75,5.917968874,0.021248009,5.896720865,5.557815123,1.0609782323628398
KT2440,2,2,14.0,5.532583113,0.021248009,5.5113351040000005,5.592210338,0.9855378769552999
KT2440,2,2,14.25,5.471229487,0.021248009,5.449981478,5.630987954,0.9678552897859741
KT2440,2,2,14.5,5.432584671,0.021248009,5.411336662,5.665515968,0.9551357180112708
KT2440,2,2,14.75,5.486235894,0.021248009,5.464987885,5.703762384,0.9581373691741083
KT2440,2,2,15.0,5.521427908,0.021248009,5.500179899,5.735103197,0.959037651123194
KT2440,2,2,15.25,5.5015079,0.021248009,5.480259891,5.487962294,0.998596491268094
KT2440,2,2,15.5,5.632448755,0.021248009,5.611200746000001,5.695927181,0.9851250845898061
KT2440,2,2,15.75,5.683045576,0.021248009,5.661797567,5.673351172,0.9979635307863505
KT2440,2,2,16.0,5.721557592,0.021248009,5.700309583,5.66949997,1.0054342734214707
KT2440,2,2,16.25,5.744664802,0.021248009,5.723416793,5.66949997,1.0095099785316692
KT2440,2,2,16.5,5.771623213,0.021248009,5.750375204,5.677202373,1.0128888889619296
KT2440,2,2,16.75,5.794863223,0.021248009,5.773615214,5.688888778,1.0148933191184284
KT2440,2,2,17.0,5.806549627,0.021248009,5.785301618,5.69287278,1.0162358867959806
KT2440,2,2,17.25,5.821954434,0.021248009,5.800706425,5.696723981,1.0182530247817532
KT2440,2,2,17.5,5.833508039,0.021248009,5.81226003,5.7044263850000005,1.0189035036517522
KT2440,2,2,17.75,5.833508039,0.021248009,5.81226003,5.712128788,1.0175295841036278
KT2440,2,2,18.0,5.845061644,0.021248009,5.8238136350000005,5.715979989,1.0188652945264887
KT2440,2,2,18.25,5.844796043,0.021248009,5.823548034,5.727267994,1.016810814528125
KT2440,2,2,18.5,5.844530443,0.021248009,5.823282434,5.730853596,1.0161282846353836
KT2440,2,2,18.75,5.848647245,0.021248009,5.827399236000001,5.742672801,1.0147538329164856
KT2440,2,2,19.0,5.856482448,0.021248009,5.835234439000001,5.746656802,1.0154137683964652
KT2440,2,2,19.25,5.852631247,0.021248009,5.831383238,5.746656802,1.0147436046590623
KT2440,2,2,19.5,5.848780045,0.021248009,5.827532036,5.754359206,1.0127160692234338
KT2440,2,2,19.75,5.856349648,0.021248009,5.835101639,5.754226405,1.0140549273364923
KT2440,2,2,20.0,5.856482448,0.021248009,5.835234439000001,5.762061609,1.0126990710904078
KT2440,2,2,20.25,5.856349648,0.021248009,5.835101639,5.7619288090000005,1.0126993637765371
KT2440,2,2,20.5,5.856482448,0.021248009,5.835234439000001,5.769764012,1.0113471585430243
KT2440,2,2,20.75,5.856349648,0.021248009,5.835101639,5.769631212,1.0113474197213561
KT2440,2,2,21.0,5.856349648,0.021248009,5.835101639,5.777333615,1.0099990805187387
KT2440,2,2,21.25,5.86006805,0.021248009,5.838820041,5.781052017,1.009992649059397
KT2440,2,2,21.5,5.864317652,0.021248009,5.843069643000001,5.793004022,1.008642428144339
KT2440,2,2,21.75,5.864184852,0.021248009,5.842936843,5.7928712220000005,1.0086426262696575
KT2440,2,2,22.0,5.86020085,0.021248009,5.838952841,5.796589623,1.007308300355076
KT2440,2,2,22.25,5.864184852,0.021248009,5.842936843,5.796722423,1.0079725087088236
KT2440,2,2,22.5,5.86046645,0.021248009,5.839218441,5.796855223000001,1.0073079655037642
KT2440,2,2,22.75,5.86059925,0.021248009,5.839351241,5.793136822,1.0079774430364732
KT2440,2,2,23.0,5.864450452,0.021248009,5.843202443,5.800839225,1.007302946411172
KT2440,2,2,23.25,5.864317652,0.021248009,5.843069643000001,5.793004022,1.008642428144339
KT2440,2,2,23.5,5.864052051,0.021248009,5.842804042,5.792738422,1.0086428242314305
KT2440,2,2,23.75,5.863919251,0.021248009,5.842671242000001,5.804159226,1.0066352445721136
KT2440,2,2,24.0,5.867903253,0.021248009,5.846655244,5.800440825,1.0079673977192931
KT2440,2,2,24.25,5.868036053,0.021248009,5.846788044,5.804424826,1.0072984351197454
KT2440,2,2,24.5,5.863919251,0.021248009,5.842671242000001,5.8003080250000005,1.0073036150524093
KT2440,2,2,24.75,5.875738456,0.021248009,5.854490447,5.808276028,1.007956649921115
KT2440,2,2,25.0,5.871754455,0.021248009,5.850506446,5.8081432280000005,1.0072937626255107
KT2440,2,2,25.25,5.871754455,0.021248009,5.850506446,5.800440825,1.0086313476010678
KT2440,2,2,25.5,5.879191258,0.021248009,5.857943249,5.800175225,1.0099597032432757
KT2440,2,2,25.75,5.879324058,0.021248009,5.858076049,5.796456823000001,1.010630498575526
KT2440,2,2,26.0,5.879589658,0.021248009,5.858341649000001,5.796722423,1.0106300114967572
KT2440,2,2,26.25,5.879456858,0.021248009,5.858208849,5.796589623,1.0106302550305621
KT2440,2,2,26.5,5.898845666,0.021248009,5.877597657,5.804424826,1.0126063879184435
KT2440,2,2,26.75,5.898712866,0.021248009,5.8774648570000005,5.800440825,1.013278996256289
KT2440,2,2,27.0,5.906149669,0.021248009,5.884901660000001,5.7924728210000005,1.0159567151812796
KT2440,2,2,27.25,5.906415269,0.021248009,5.88516726,5.792738422,1.0159559833823961
KT2440,2,2,27.5,5.906415269,0.021248009,5.88516726,5.7850360180000004,1.017308663539595
KT2440,2,2,27.75,5.894994464,0.021248009,5.873746455,5.777466415,1.0166647511355547
KT2440,2,2,28.0,5.887159261,0.021248009,5.865911252,5.777333615,1.015331923496684
KT2440,2,2,28.25,5.883175259,0.021248009,5.86192725,5.761796009,1.0173784772740293
KT2440,2,2,28.5,5.875074456,0.021248009,5.853826447,5.745992802,1.0187667560186409
KT2440,2,2,28.75,5.875340056,0.021248009,5.854092047,5.7462584020000005,1.0187658885932571
KT2440,2,2,29.0,5.879191258,0.021248009,5.857943249,5.734704797,1.0214899382553169
KT2440,2,2,29.25,5.883042459,0.021248009,5.8617944500000005,5.730853596,1.0228484032625427
KT2440,2,2,29.5,5.863786451,0.021248009,5.842538442,5.703895184,1.024306768186924
KT2440,2,2,29.75,5.879324058,0.021248009,5.858076049,5.69247438,1.0290913332138703
KT2440,2,2,30.0,5.879191258,0.021248009,5.857943249,5.673085572000001,1.0325850323697532
KT2440,2,2,30.25,5.875738456,0.021248009,5.854490447,5.661930367,1.0340096164238115
KT2440,2,2,30.5,5.875472856,0.021248009,5.854224847,5.661664767,1.0340112118828317
KT2440,2,2,30.75,5.879456858,0.021248009,5.858208849,5.650243962,1.0368063553359186
KT2440,2,2,31.0,5.867770453,0.021248009,5.8465224440000005,5.642408759,1.0361749199177437
KT2440,2,2,31.25,5.867770453,0.021248009,5.8465224440000005,5.630855154,1.0383009834388648
KT2440,2,2,31.5,5.867903253,0.021248009,5.846655244,5.607880744,1.0425783840456075
KT2440,2,2,31.75,5.864052051,0.021248009,5.842804042,5.5963271390000005,1.0440426188244674
KT2440,2,2,32.0,5.875605656,0.021248009,5.8543576470000005,5.592475938000001,1.0468275075124696
KT2440,2,2,32.25,5.867903253,0.021248009,5.846655244,5.584773535,1.046892091032658
KT2440,2,2,32.5,5.871887255,0.021248009,5.850639246,5.5810551330000004,1.048303431264455
KT2440,2,2,32.75,5.879324058,0.021248009,5.858076049,5.569235928,1.0518635095970386
KT2440,2,2,33.0,5.85993525,0.021248009,5.838687241000001,5.553698322,1.0513151601827322
KT2440,2,2,33.25,5.868168853,0.021248009,5.8469208440000005,5.5388247150000005,1.0556248202196448
KT2440,2,2,33.5,5.868036053,0.021248009,5.846788044,5.527138311,1.0578327725875505
KT2440,2,2,33.75,5.86033365,0.021248009,5.8390856410000005,5.500179899,1.061617210386449
KT2440,2,2,34.0,5.864052051,0.021248009,5.842804042,5.457683881,1.0705647614257634
KT2440,2,2,34.25,5.868036053,0.021248009,5.846788044,5.419304665,1.0788815919062191
KT2440,2,2,34.5,5.871887255,0.021248009,5.850639246,5.361536641,1.0912243331995164
KT2440,2,2,34.75,5.871887255,0.021248009,5.850639246,5.2960662140000005,1.1047141424580382
KT2440,2,2,35.0,5.871754455,0.021248009,5.850506446,5.257421398,1.1128091136513458
KT2440,2,2,35.25,5.879324058,0.021248009,5.858076049,5.195669372,1.1274920764915832
KT2440,2,2,35.5,5.898845666,0.021248009,5.877597657,5.138166948,1.143909436280154
KT2440,2,2,35.75,5.910399271,0.021248009,5.889151262,5.068845319,1.1618329010603607
KT2440,2,2,36.0,5.929655279,0.021248009,5.9084072700000005,4.984118884,1.1854466973023352
KT2440,2,2,36.25,5.937224882,0.021248009,5.915976873,4.895408446,1.2084746223441065
KT2440,2,2,36.5,5.944927285,0.021248009,5.9236792760000005,4.868450035,1.216748499710134
KT2440,2,2,36.75,5.953028089,0.021248009,5.93178008,4.811080411,1.2329413714303434
KT2440,2,2,37.0,5.949442487,0.021248009,5.928194478,4.7150659710000005,1.257287705932715
KT2440,2,2,37.25,5.945325685,0.021248009,5.9240776760000005,4.5607523070000004,1.298925545004389
KT2440,2,2,37.5,5.925936877,0.021248009,5.904688868,4.552917103,1.296902345116122
KT2440,2,2,37.75,5.929788079,0.021248009,5.90854007,4.541363498,1.3010497998237973
KT2440,2,2,38.0,5.921554476,0.021248009,5.900306467,4.525427492,1.3038119553192478
KT2440,2,2,38.25,5.928592878,0.021248009,5.907344869,4.517061088,1.3077850296719298
KT2440,2,2,38.5,5.917570474,0.021248009,5.896322465,4.4906338770000005,1.3130267633706714
KT2440,2,2,38.75,5.928725679,0.021248009,5.9074776700000005,4.490235477000001,1.315627587964915
KT2440,2,2,39.0,5.924608877,0.021248009,5.903360868,4.4784162720000005,1.3181804703839284
KT2440,2,2,39.25,5.905352869,0.021248009,5.88410486,4.466862667,1.3172791058633189
KT2440,2,2,39.5,5.874144856,0.021248009,5.852896847,4.4549106620000005,1.3138079057173244
KT2440,2,2,39.75,5.824212035,0.021248009,5.802964026000001,4.435787454000001,1.308215077069831
KT2440,2,2,40.0,5.792605622,0.021248009,5.771357613,4.415734646000001,1.3069982858295148
KT2440,3,2,0.0,0.029348812,0.021248009,0.03,0.03,1.0
KT2440,3,2,0.25,0.02509921,0.021248009,0.03,0.03,1.0
KT2440,3,2,0.5,0.02509921,0.021248009,0.03,0.03,1.0
KT2440,3,2,0.75,0.036520015,0.021248009,0.03,0.03,1.0
KT2440,3,2,1.0,0.028950412,0.021248009,0.03,0.03,1.0
KT2440,3,2,1.25,0.032668814,0.021248009,0.03,0.03,1.0
KT2440,3,2,1.5,0.055776023,0.021248009,0.034528013999999996,0.03,1.1509338
KT2440,3,2,1.75,0.067595228,0.021248009,0.046347218999999995,0.03,1.5449073
KT2440,3,2,2.0,0.075297631,0.021248009,0.054049622000000005,0.03,1.801654066666667
KT2440,3,2,2.25,0.086718436,0.021248009,0.065470427,0.034660814,1.888888904917236
KT2440,3,2,2.5,0.098670441,0.021248009,0.077422432,0.038910416,1.989761096360419
KT2440,3,2,2.75,0.117395249,0.021248009,0.09614724,0.053784022,1.787654333474726
KT2440,3,2,3.0,0.159891267,0.021248009,0.138643258,0.069321629,2.0
KT2440,3,2,3.25,0.279145717,0.021248009,0.257897708,0.09614724,2.682320449344152
KT2440,3,2,3.5,0.402384168,0.021248009,0.381136159,0.13080805499999998,2.9137055741712543
KT2440,3,2,3.75,0.522037018,0.021248009,0.500789009,0.169585671,2.9530148747060125
KT2440,3,2,4.0,0.641291468,0.021248009,0.620043459,0.254179306,2.439393941063007
KT2440,3,2,4.25,0.756827516,0.021248009,0.735579507,0.408227371,1.8018867897027904
KT2440,3,2,4.5,0.841686752,0.021248009,0.820438743,0.677944283,1.2101860928296964
KT2440,3,2,4.75,0.93398279,0.021248009,0.9127347809999999,0.88577637,1.0304347823141862
KT2440,3,2,5.0,1.022693228,0.021248009,1.001445219,1.0630644439999999,0.9420362280501596
KT2440,3,2,5.25,1.130526873,0.021248009,1.109278864,1.170898089,0.9473743910090197
KT2440,3,2,5.5,1.288160539,0.021248009,1.26691253,1.247656521,1.0154337421204405
KT2440,3,2,5.75,1.33849176,0.021248009,1.317243751,1.201707702,1.0961432208578787
KT2440,3,2,6.0,1.473151016,0.021248009,1.451903007,1.120699668,1.2955326466644406
KT2440,3,2,6.25,1.581250261,0.021248009,1.560002252,1.159477285,1.3454358029963478
KT2440,3,2,6.5,1.577266259,0.021248009,1.55601825,1.398118984,1.112936930123252
KT2440,3,2,6.75,1.727463122,0.021248009,1.706215113,1.609935073,1.0598036788033875
KT2440,3,2,7.0,1.916172001,0.021248009,1.894923992,1.825602363,1.037971921161454
KT2440,3,2,7.25,2.070087265,0.021248009,2.0488392560000004,2.03343445,1.007575757359673
KT2440,3,2,7.5,2.22426813,0.021248009,2.203020121,2.195317718,1.0035085595751567
KT2440,3,2,7.75,2.46317543,0.021248009,2.4419274210000004,2.3263913720000002,1.0496632038747091
KT2440,3,2,8.0,2.717354736,0.021248009,2.696106727,2.484290638,1.085262201515409
KT2440,3,2,8.25,2.936873228,0.021248009,2.9156252190000003,2.634487501,1.1067143867235223
KT2440,3,2,8.5,3.075250886,0.021248009,3.0540028770000003,2.819079578,1.0833333336289381
KT2440,3,2,8.75,3.244703756,0.021248009,3.223455747,3.034746869,1.0621827408169244
KT2440,3,2,9.0,3.452934244,0.021248009,3.4316862350000004,3.246828557,1.0569348441886333
KT2440,3,2,9.25,3.70698075,0.021248009,3.6857327410000003,3.4354046360000003,1.0728671383792123
KT2440,3,2,9.5,3.891971227,0.021248009,3.870723218,3.6435023230000003,1.0623633182736412
KT2440,3,2,9.75,3.972713661,0.021248009,3.951465652,3.782012781,1.0448049440370202
KT2440,3,2,10.0,4.203652957,0.021248009,4.182404948,3.978291263,1.0513068731036248
KT2440,3,2,10.25,4.427022651,0.021248009,4.405774642,4.143892932,1.0631970261532808
KT2440,3,2,10.5,4.489040277,0.021248009,4.467792268,4.313744203000001,1.035710987427782
KT2440,3,2,10.75,4.554510704,0.021248009,4.533262695,4.479345872000001,1.0120367626302378
KT2440,3,2,11.0,4.677616355,0.021248009,4.656368346,4.621707532,1.0074995688844466
KT2440,3,2,11.25,4.789168402,0.021248009,4.767920393,4.814134812,0.990400264885644
KT2440,3,2,11.5,4.908555652,0.021248009,4.887307643000001,5.3378982310000005,0.9155865157969514
KT2440,3,2,11.75,5.016522097,0.021248009,4.995274088,5.834836039,0.8561121605837124
KT2440,3,2,12.0,5.120637341,0.021248009,5.099389332,5.88503446,0.8665011847696131
KT2440,3,2,12.25,5.205230976,0.021248009,5.183982967,5.723151192,0.9057917208698477
KT2440,3,2,12.5,5.278669407,0.021248009,5.257421398,5.496195898,0.9565564065707907
KT2440,3,2,12.75,5.493805497,0.021248009,5.4725574880000005,5.4494502780000005,1.0042402827480208
KT2440,3,2,13.0,5.833109639,0.021248009,5.81186163,5.499914299,1.0567185803343733
KT2440,3,2,13.25,5.9795881,0.021248009,5.958340091,5.511600704,1.0810543816564546
KT2440,3,2,13.5,5.948645687,0.021248009,5.927397678,5.561533525000001,1.065784760867732
KT2440,3,2,13.75,5.71770639,0.021248009,5.696458381,5.604029543,1.0164932817164487
KT2440,3,2,14.0,5.494071097,0.021248009,5.472823088,5.634573555,0.97129321936769
KT2440,3,2,14.25,5.417312665,0.021248009,5.396064656,5.673351172,0.9511247395774639
KT2440,3,2,14.5,5.447989478,0.021248009,5.426741469,5.700176783,0.9520303800374257
KT2440,3,2,14.75,5.482384692,0.021248009,5.461136683,5.726869594,0.9535989240477195
KT2440,3,2,15.0,5.532981513,0.021248009,5.511733504,5.750508004,0.9584776684366129
KT2440,3,2,15.25,5.516912706,0.021248009,5.4956646970000005,5.360872641,1.0251436780961944
KT2440,3,2,15.5,5.62089515,0.021248009,5.599647141,5.715183189,0.9797843666284622
KT2440,3,2,15.75,5.667640769,0.021248009,5.64639276,5.711863188000001,0.9885378157975586
KT2440,3,2,16.0,5.698450382,0.021248009,5.677202373,5.715714389,0.9932620818013375
KT2440,3,2,16.25,5.725408794,0.021248009,5.704160785,5.711863188000001,0.9986515077923815
KT2440,3,2,16.5,5.752367205,0.021248009,5.731119196,5.708011986,1.004048206285599
KT2440,3,2,16.75,5.775607215,0.021248009,5.754359206,5.715847189,1.0067377618271733
KT2440,3,2,17.0,5.791144821,0.021248009,5.769896812,5.712128788,1.010113221557847
KT2440,3,2,17.25,5.802698426,0.021248009,5.781450417,5.715979989,1.01145392883215
KT2440,3,2,17.5,5.814252031,0.021248009,5.793004022,5.719831191,1.0127928305148473
KT2440,3,2,17.75,5.821954434,0.021248009,5.800706425,5.723682393,1.0134570765306965
KT2440,3,2,18.0,5.829656837,0.021248009,5.808408828,5.723682393,1.0148027841488234
KT2440,3,2,18.25,5.833242439,0.021248009,5.81199443,5.727267994,1.0147935169244326
KT2440,3,2,18.5,5.832976838,0.021248009,5.811728829000001,5.730853596,1.0141122490123373
KT2440,3,2,18.75,5.83709364,0.021248009,5.815845631,5.738821599,1.0134215763064356
KT2440,3,2,19.0,5.841077642,0.021248009,5.819829633,5.738954399,1.0140923290859556
KT2440,3,2,19.25,5.841077642,0.021248009,5.819829633,5.742805601000001,1.0134122652500352
KT2440,3,2,19.5,5.83722644,0.021248009,5.8159784310000004,5.750508004,1.0113851553557458
KT2440,3,2,19.75,5.844796043,0.021248009,5.823548034,5.754226405,1.0120470805493098
KT2440,3,2,20.0,5.848780045,0.021248009,5.827532036,5.762061609,1.011362326792504
KT2440,3,2,20.25,5.844796043,0.021248009,5.823548034,5.7619288090000005,1.0106942010293067
KT2440,3,2,20.5,5.844928843,0.021248009,5.823680834,5.7659128100000006,1.0100188861510029
KT2440,3,2,20.75,5.848647245,0.021248009,5.827399236000001,5.76578001,1.010687058107165
KT2440,3,2,21.0,5.848647245,0.021248009,5.827399236000001,5.769631212,1.0100124291964885
KT2440,3,2,21.25,5.852365647,0.021248009,5.831117638,5.773349613000001,1.0100059807342903
KT2440,3,2,21.5,5.852764047,0.021248009,5.831516038,5.793004022,1.006648021622934
KT2440,3,2,21.75,5.852631247,0.021248009,5.831383238,5.7928712220000005,1.0066481740270248
KT2440,3,2,22.0,5.856349648,0.021248009,5.835101639,5.796589623,1.0066439093509725
KT2440,3,2,22.25,5.848780045,0.021248009,5.827532036,5.7928712220000005,1.0059833565552718
KT2440,3,2,22.5,5.848912845,0.021248009,5.827664836,5.785301618,1.007322559962681
KT2440,3,2,22.75,5.856748048,0.021248009,5.835500039,5.7815832170000006,1.0093256154891042
KT2440,3,2,23.0,5.86059925,0.021248009,5.839351241,5.777732015,1.010664950509997
KT2440,3,2,23.25,5.856615248,0.021248009,5.835367239,5.78915282,1.0079829329846572
KT2440,3,2,23.5,5.848647245,0.021248009,5.827399236000001,5.792738422,1.0059834937252412
KT2440,3,2,23.75,5.848514445,0.021248009,5.827266436,5.796456823000001,1.005315249287763
KT2440,3,2,24.0,5.852498447,0.021248009,5.8312504380000005,5.796589623,1.0059795185193845
KT2440,3,2,24.25,5.856482448,0.021248009,5.835234439000001,5.796722423,1.0066437571423454
KT2440,3,2,24.5,5.856216848,0.021248009,5.834968839,5.796456823000001,1.006644061566574
KT2440,3,2,24.75,5.864184852,0.021248009,5.842936843,5.804424826,1.0066349411275846
KT2440,3,2,25.0,5.86020085,0.021248009,5.838952841,5.800440825,1.0066394981281446
KT2440,3,2,25.25,5.864052051,0.021248009,5.842804042,5.8081432280000005,1.0059676238411108
KT2440,3,2,25.5,5.871488855,0.021248009,5.850240846,5.811728829000001,1.0066266025365513
KT2440,3,2,25.75,5.86006805,0.021248009,5.838820041,5.808010428,1.0053046759095798
KT2440,3,2,26.0,5.856482448,0.021248009,5.835234439000001,5.808276028,1.0046413791063031
KT2440,3,2,26.25,5.86020085,0.021248009,5.838952841,5.804292026000001,1.0059715835875829
KT2440,3,2,26.5,5.864184852,0.021248009,5.842936843,5.808276028,1.0059674875699625
KT2440,3,2,26.75,5.86020085,0.021248009,5.838952841,5.81199443,1.0046384096414214
KT2440,3,2,27.0,5.85993525,0.021248009,5.838687241000001,5.811728829000001,1.0046386217927925
KT2440,3,2,27.25,5.86020085,0.021248009,5.838952841,5.804292026000001,1.0059715835875829
KT2440,3,2,27.5,5.856349648,0.021248009,5.835101639,5.804292026000001,1.0053080742426448
KT2440,3,2,27.75,5.86033365,0.021248009,5.8390856410000005,5.796722423,1.0073081329255844
KT2440,3,2,28.0,5.856349648,0.021248009,5.835101639,5.796589623,1.0066439093509725
KT2440,3,2,28.25,5.852365647,0.021248009,5.831117638,5.796456823000001,1.0059796555134282
KT2440,3,2,28.5,5.848116045,0.021248009,5.8268680360000005,5.780653616,1.007994670338331
KT2440,3,2,28.75,5.852232847,0.021248009,5.830984838,5.773216813,1.0100062108996009
KT2440,3,2,29.0,5.856084048,0.021248009,5.834836039,5.765514410000001,1.0120234941880926
KT2440,3,2,29.25,5.856084048,0.021248009,5.834836039,5.753960805,1.0140555761050234
KT2440,3,2,29.5,5.848381645,0.021248009,5.827133636,5.734704797,1.0161174536914876
KT2440,3,2,29.75,5.848514445,0.021248009,5.827266436,5.742540001,1.0147541741085384
KT2440,3,2,30.0,5.840679242,0.021248009,5.819431233,5.742407201,1.0134131957738188
KT2440,3,2,30.25,5.841077642,0.021248009,5.819829633,5.742805601000001,1.0134122652500352
KT2440,3,2,30.5,5.83696084,0.021248009,5.815712831,5.738688799,1.0134218868974776
KT2440,3,2,30.75,5.83709364,0.021248009,5.815845631,5.7349703970000006,1.014102118825636
KT2440,3,2,31.0,5.829258437,0.021248009,5.808010428,5.715581589,1.0161713795106846
KT2440,3,2,31.25,5.833109639,0.021248009,5.81186163,5.696325581,1.020282557125135
KT2440,3,2,31.5,5.829391237,0.021248009,5.8081432280000005,5.673351172,1.0237588070812973
KT2440,3,2,31.75,5.833242439,0.021248009,5.81199443,5.673351172,1.024437630211268
KT2440,3,2,32.0,5.833242439,0.021248009,5.81199443,5.677202373,1.0237426901744868
KT2440,3,2,32.25,5.829391237,0.021248009,5.8081432280000005,5.657946365,1.0265461800643987
KT2440,3,2,32.5,5.833375239,0.021248009,5.812127230000001,5.6503767620000005,1.0286264925000765
KT2440,3,2,32.75,5.833109639,0.021248009,5.81186163,5.64625996,1.0293294448313004
KT2440,3,2,33.0,5.832976838,0.021248009,5.811728829000001,5.6268711520000005,1.0328526586101576
KT2440,3,2,33.25,5.83735924,0.021248009,5.816111231,5.619699949,1.034950492692221
KT2440,3,2,33.5,5.841077642,0.021248009,5.819829633,5.611864746,1.0370580718553903
KT2440,3,2,33.75,5.83722644,0.021248009,5.8159784310000004,5.588757536,1.0406567816793546
KT2440,3,2,34.0,5.840944842,0.021248009,5.819696833,5.565517527,1.0456703810143262
KT2440,3,2,34.25,5.83722644,0.021248009,5.8159784310000004,5.523287109,1.0529922338317468
KT2440,3,2,34.5,5.825672835,0.021248009,5.804424826,5.496328698,1.0560548949905615
KT2440,3,2,34.75,5.825672835,0.021248009,5.804424826,5.488626294,1.0575368981388331
KT2440,3,2,35.0,5.810135229,0.021248009,5.78888722,5.476939890000001,1.0569565005760908
KT2440,3,2,35.25,5.81385363,0.021248009,5.792605621,5.43059267,1.0666617757947219
KT2440,3,2,35.5,5.821821634,0.021248009,5.800573625,5.388495053000001,1.0764737775476991
KT2440,3,2,35.75,5.821821634,0.021248009,5.800573625,5.346131835,1.085003850265133
KT2440,3,2,36.0,5.817970432,0.021248009,5.796722423,5.338429432,1.0858479065496056
KT2440,3,2,36.25,5.817837632,0.021248009,5.796589623,5.280528607,1.0977290446482757
KT2440,3,2,36.5,5.813986431,0.021248009,5.792738422,5.176546164,1.1190354028493505
KT2440,3,2,36.75,5.833640839,0.021248009,5.81239283,5.115325338,1.136270412132289
KT2440,3,2,37.0,5.826204036,0.021248009,5.804956027,5.069376519,1.1451025595047144
KT2440,3,2,37.25,5.825938436,0.021248009,5.804690427000001,5.007491693,1.1592012094826654
KT2440,3,2,37.5,5.825805635,0.021248009,5.804557626,4.938037264,1.1754787004782716
KT2440,3,2,37.75,5.83735924,0.021248009,5.816111231,4.884120442,1.1908205991370593
KT2440,3,2,38.0,5.83682804,0.021248009,5.8155800310000005,4.8258212170000006,1.2050964529132078
KT2440,3,2,38.25,5.840015241,0.021248009,5.818767232,4.798198806,1.2126982368308312
KT2440,3,2,38.5,5.840546442,0.021248009,5.819298433,4.721705974,1.2324567571644394
KT2440,3,2,38.75,5.847850445,0.021248009,5.826602436,4.625027533,1.2597984324258942
KT2440,3,2,39.0,5.851436046,0.021248009,5.830188037,4.513077087,1.2918432201820709
KT2440,3,2,39.25,5.855287248,0.021248009,5.834039239,4.505374683,1.2949065614927457
KT2440,3,2,39.5,5.858740049,0.021248009,5.83749204,4.485720275,1.3013499911115165
KT2440,3,2,39.75,5.866575253,0.021248009,5.845327244,4.47429947,1.3064228899278394
KT2440,3,2,40.0,5.869629654,0.021248009,5.848381645,4.458097864,1.311855823584944
KT2440,1,5,0.0,0.033200014,0.021248009,0.03,0.03,1.0
KT2440,1,5,0.25,0.02509921,0.021248009,0.03,0.03,1.0
KT2440,1,5,0.5,0.032801614,0.021248009,0.03,0.03,1.0
KT2440,1,5,0.75,0.04807362,0.021248009,0.03,0.03,1.0
KT2440,1,5,1.0,0.021248009,0.021248009,0.03,0.030809612999999996,0.9737220652528158
KT2440,1,5,1.25,0.051924822,0.021248009,0.030676813,0.03,1.0225604333333334
KT2440,1,5,1.5,0.067329628,0.021248009,0.046081619000000004,0.034528013999999996,1.334615393749551
KT2440,1,5,1.75,0.079148833,0.021248009,0.057900824000000004,0.030942413,1.871244624651607
KT2440,1,5,2.0,0.086851236,0.021248009,0.065603227,0.038644816,1.6975944975388162
KT2440,1,5,2.25,0.105974444,0.021248009,0.084726435,0.04236321800000001,1.9999999763946164
KT2440,1,5,2.5,0.133331256,0.021248009,0.11208324700000001,0.054315222999999996,2.0635696736437965
KT2440,1,5,2.75,0.136651257,0.021248009,0.115403248,0.06918882900000001,1.6679462518436319
KT2440,1,5,3.0,0.16759367,0.021248009,0.146345661,0.084726435,1.727272733710559
KT2440,1,5,3.25,0.209824088,0.021248009,0.18857607899999998,0.103849643,1.8158567863348358
KT2440,1,5,3.5,0.282996918,0.021248009,0.261748909,0.13851045799999998,1.8897411269840723
KT2440,1,5,3.75,0.387244962,0.021248009,0.365996953,0.173436872,2.1102603430255593
KT2440,1,5,4.0,0.583523444,0.021248009,0.562275435,0.234923298,2.3934426248349365
KT2440,1,5,4.25,0.737571508,0.021248009,0.716323499,0.377417758,1.8979591813483245
KT2440,1,5,4.5,0.895603574,0.021248009,0.874355565,0.639432267,1.367393561638953
KT2440,1,5,4.75,0.995602016,0.021248009,0.974354007,0.870371564,1.1194690259894564
KT2440,1,5,5.0,1.080461252,0.021248009,1.059213243,1.009147622,1.0496117910883807
KT2440,1,5,5.25,1.145931679,0.021248009,1.12468367,1.082320452,1.0391411045792562
KT2440,1,5,5.5,1.203434103,0.021248009,1.182186094,1.155227683,1.0233360153991393
KT2440,1,5,5.75,1.31538455,0.021248009,1.294136541,1.0707668479999999,1.2086072177311191
KT2440,1,5,6.0,1.446192605,0.021248009,1.424944596,1.224682112,1.1635220128045767
KT2440,1,5,6.25,1.596655067,0.021248009,1.575407058,1.5253414379999999,1.0328225659860426
KT2440,1,5,6.5,1.658141493,0.021248009,1.636893484,1.617637476,1.0119037845535175
KT2440,1,5,6.75,1.816040759,0.021248009,1.79479275,1.667703097,1.0762064022238846
KT2440,1,5,7.0,1.931576807,0.021248009,1.9103287979999999,1.829453565,1.044207316625716
KT2440,1,5,7.25,1.969956024,0.021248009,1.948708015,2.05654166,0.9475655431166903
KT2440,1,5,7.5,2.143392896,0.021248009,2.122144887,2.2145737260000002,0.9582633723524994
KT2440,1,5,7.75,2.255210543,0.021248009,2.233962534,2.3610521870000003,0.9461724506981429
KT2440,1,5,8.0,2.478580236,0.021248009,2.457332227,2.5343562590000004,0.9696080487001492
KT2440,1,5,8.25,2.671140317,0.021248009,2.649892308,2.765428356,0.9582212832419513
KT2440,1,5,8.5,2.859583595,0.021248009,2.8383355860000004,2.938466828,0.9659239842199778
KT2440,1,5,8.75,3.13301891,0.021248009,3.1117709010000003,3.1117709010000003,1.0
KT2440,1,5,9.0,3.375910211,0.021248009,3.354662202,3.308447783,1.0139686106691683
KT2440,1,5,9.25,3.610700709,0.021248009,3.5894527000000003,3.5162798700000004,1.020809728663606
KT2440,1,5,9.5,3.8265008,0.021248009,3.805252791,3.7012703470000003,1.028093717629754
KT2440,1,5,9.75,4.030481685,0.021248009,4.009233676,3.8359296030000003,1.0451791588835369
KT2440,1,5,10.0,4.222908965,0.021248009,4.2016609560000004,4.039910489,1.040038131399302
KT2440,1,5,10.25,4.411617844,0.021248009,4.390369835,4.197809755000001,1.045871559512825
KT2440,1,5,10.5,4.573766712,0.021248009,4.5525187030000005,4.352256219,1.0460134867808895
KT2440,1,5,10.75,4.700856365,0.021248009,4.679608356,4.517857889,1.0358024689961647
KT2440,1,5,11.0,4.870176436,0.021248009,4.848928427000001,4.748797185,1.0210856008583151
KT2440,1,5,11.25,4.974026079,0.021248009,4.95277807,5.206957377,0.9511846768474133
KT2440,1,5,11.5,5.104966934,0.021248009,5.083718925,5.7422744,0.8853145236319602
KT2440,1,5,11.75,5.224486984,0.021248009,5.2032389750000005,5.696192781000001,0.9134590725854157
KT2440,1,5,12.0,5.505757502,0.021248009,5.484509493,5.673218372,0.9667368913681577
KT2440,1,5,12.25,5.871488855,0.021248009,5.850240846,5.542144717,1.0555914983697456
KT2440,1,5,12.5,5.887159261,0.021248009,5.865911252,5.423023067,1.0816681359323452
KT2440,1,5,12.75,5.771092013,0.021248009,5.749844004,5.457152681,1.0536344390764536
KT2440,1,5,13.0,5.682912776,0.021248009,5.661664767,5.4960630980000005,1.0301309621172765
KT2440,1,5,13.25,5.640682358,0.021248009,5.6194343490000005,5.546261519000001,1.013193180622538
KT2440,1,5,13.5,5.432584671,0.021248009,5.411336662,5.600045541,0.9663022599337108
KT2440,1,5,13.75,5.448122278,0.021248009,5.426874269,5.650243962,0.9604672480511912
KT2440,1,5,14.0,5.470963887,0.021248009,5.449715878,5.676936773,0.9599747356566164
KT2440,1,5,14.25,5.490485495,0.021248009,5.469237486,5.6887559780000005,0.9614118635341471
KT2440,1,5,14.5,5.521162308,0.021248009,5.499914299,5.711730388,0.9629156009455536
KT2440,1,5,14.75,5.551706321,0.021248009,5.530458312,5.730720796,0.9650545732153307
KT2440,1,5,15.0,5.571493529,0.021248009,5.55024552,5.746656802,0.9658216439980122
KT2440,1,5,15.25,5.447591077,0.021248009,5.426343068,5.360872641,1.0122126436094157
KT2440,1,5,15.5,5.647853561,0.021248009,5.626605552,5.692075979,0.9884979702938712
KT2440,1,5,15.75,5.663789568,0.021248009,5.6425415590000005,5.700309583,0.9898658093637088
KT2440,1,5,16.0,5.663789568,0.021248009,5.6425415590000005,5.700309583,0.9898658093637088
KT2440,1,5,16.25,5.686896777,0.021248009,5.6656487680000005,5.6887559780000005,0.9959380908428201
KT2440,1,5,16.5,5.702301584,0.021248009,5.681053575,5.700309583,0.9966219364545695
KT2440,1,5,16.75,5.725541594,0.021248009,5.704293585,5.711995988,0.9986515391439033
KT2440,1,5,17.0,5.733376797,0.021248009,5.712128788,5.7044263850000005,1.0013502502232745
KT2440,1,5,17.25,5.744930402,0.021248009,5.723682393,5.712128788,1.0020226443465825
KT2440,1,5,17.5,5.760335208,0.021248009,5.739087199,5.715979989,1.0040425631378116
KT2440,1,5,17.75,5.779591216,0.021248009,5.758343207,5.7275335940000005,1.0053792112249285
KT2440,1,5,18.0,5.787293619,0.021248009,5.76604561,5.742938401,1.004023586426763
KT2440,1,5,18.25,5.794730422,0.021248009,5.773482413,5.742672801,1.0053650300248056
KT2440,1,5,18.5,5.798316024,0.021248009,5.777068015,5.742407201,1.0060359380285613
KT2440,1,5,18.75,5.817837632,0.021248009,5.796589623,5.754226405,1.0073621048284074
KT2440,1,5,19.0,5.814119231,0.021248009,5.7928712220000005,5.750508004,1.007366865322252
KT2440,1,5,19.25,5.825672835,0.021248009,5.804424826,5.754359206,1.0087004683245697
KT2440,1,5,19.5,5.829524037,0.021248009,5.808276028,5.754359206,1.0093697351989743
KT2440,1,5,19.75,5.833242439,0.021248009,5.81199443,5.76578001,1.0080152936670923
KT2440,1,5,20.0,5.841077642,0.021248009,5.819829633,5.762061609,1.0100255824946005
KT2440,1,5,20.25,5.848647245,0.021248009,5.827399236000001,5.76578001,1.010687058107165
KT2440,1,5,20.5,5.848780045,0.021248009,5.827532036,5.769764012,1.0100121987450186
KT2440,1,5,20.75,5.844796043,0.021248009,5.823548034,5.7619288090000005,1.0106942010293067
KT2440,1,5,21.0,5.848647245,0.021248009,5.827399236000001,5.76578001,1.010687058107165
KT2440,1,5,21.25,5.875472856,0.021248009,5.854224847,5.7772008150000005,1.013332413822281
KT2440,1,5,21.5,5.864317652,0.021248009,5.843069643000001,5.773748014000001,1.0120063481869854
KT2440,1,5,21.75,5.844928843,0.021248009,5.823680834,5.746656802,1.0134032768362282
KT2440,1,5,22.0,5.879456858,0.021248009,5.858208849,5.731119196,1.0221753637733972
KT2440,1,5,22.25,5.879589658,0.021248009,5.858341649000001,5.708144786,1.026312728326089
KT2440,1,5,22.5,5.887424861,0.021248009,5.866176852000001,5.696723981,1.029745669891181
KT2440,1,5,22.75,5.895260065,0.021248009,5.874012056000001,5.673749572,1.035296320618079
KT2440,1,5,23.0,5.906813669,0.021248009,5.88556566,5.66989837,1.0380372408685696
KT2440,1,5,23.25,5.902829668,0.021248009,5.881581659,5.6582119650000005,1.0394770813433107
KT2440,1,5,23.5,5.88330806,0.021248009,5.862060051,5.650243962,1.0374879545776328
KT2440,1,5,23.75,5.879324058,0.021248009,5.858076049,5.630855154,1.0403528218690885
KT2440,1,5,24.0,5.875605656,0.021248009,5.8543576470000005,5.630987954,1.0396679401243132
KT2440,1,5,24.25,5.868036053,0.021248009,5.846788044,5.619567149,1.0404338784421205
KT2440,1,5,24.5,5.856216848,0.021248009,5.834968839,5.607747944000001,1.040519099158712
KT2440,1,5,24.75,5.848780045,0.021248009,5.827532036,5.6041623430000005,1.0398578198361803
KT2440,1,5,25.0,5.833242439,0.021248009,5.81199443,5.584773535,1.0406857849429343
KT2440,1,5,25.25,5.817837632,0.021248009,5.796589623,5.569368728000001,1.040798321335351
KT2440,1,5,25.5,5.806018427,0.021248009,5.784770418,5.54984712,1.0423296881734645
KT2440,1,5,25.75,5.783044018,0.021248009,5.761796009,5.538426315000001,1.0403308956905386
KT2440,1,5,26.0,5.775607215,0.021248009,5.754359206,5.504031101,1.0454808667332056
KT2440,1,5,26.25,5.756218406,0.021248009,5.7349703970000006,5.457683881,1.050806628241208
KT2440,1,5,26.5,5.752500005,0.021248009,5.731251996,5.3692390450000005,1.0674235115937178
KT2440,1,5,26.75,5.713855189,0.021248009,5.69260718,5.334445430000001,1.0671413279411877
KT2440,1,5,27.0,5.675077572,0.021248009,5.653829563,5.268709402,1.0730957302093391
KT2440,1,5,27.25,5.648384761,0.021248009,5.627136752,5.176546164,1.0870446382056065
KT2440,1,5,27.5,5.625277552,0.021248009,5.604029543,5.080266124,1.1030976343002301
KT2440,1,5,27.75,5.606154344,0.021248009,5.584906335,4.984118884,1.1205403532665816
KT2440,1,5,28.0,5.590616737,0.021248009,5.569368728000001,4.899259648,1.1367776211398708
KT2440,1,5,28.25,5.582781534,0.021248009,5.561533525000001,4.795144404,1.1598260774713471
KT2440,1,5,28.5,5.559275924,0.021248009,5.538027915,4.7177219720000005,1.1738775510444597
KT2440,1,5,28.75,5.532583113,0.021248009,5.5113351040000005,4.698731564,1.172941043541597
KT2440,1,5,29.0,5.5017735,0.021248009,5.480525491,4.6871779590000004,1.1692591019456957
KT2440,1,5,29.25,5.482517492,0.021248009,5.461269483000001,4.679475556,1.1670687062351652
KT2440,1,5,29.5,5.432451871,0.021248009,5.411203862,4.6640707500000005,1.1601890605969043
KT2440,1,5,29.75,5.374816647,0.021248009,5.3535686380000005,4.64109634,1.1535137919589062
KT2440,1,5,30.0,5.228338186,0.021248009,5.207090177,4.625558734,1.125721340154104
KT2440,1,5,30.25,5.16711736,0.021248009,5.145869351,4.6144035290000005,1.1151754107892629
KT2440,1,5,30.5,5.147595752,0.021248009,5.126347743,4.606435526,1.11286649168657
KT2440,1,5,30.75,5.105365334,0.021248009,5.084117325,4.591163519,1.1073701261041928
KT2440,1,5,31.0,5.082125325,0.021248009,5.060877316,4.571774711,1.106983094294473
KT2440,1,5,31.25,5.001250091,0.021248009,4.980002082,4.571774711,1.089292976317879
KT2440,1,5,31.5,4.901251649,0.021248009,4.88000364,4.548800302,1.072811140523003
KT2440,1,5,31.75,4.862739633,0.021248009,4.8414916240000005,4.5449491,1.0652466105726026
KT2440,1,5,32.0,4.85503723,0.021248009,4.833789221,4.533395495000001,1.0662624133127832
KT2440,1,5,32.25,4.793418004,0.021248009,4.7721699950000005,4.506437084,1.0589674072991009
KT2440,1,5,32.5,4.778145998,0.021248009,4.7568979890000005,4.4988674810000004,1.0573545473588044
KT2440,1,5,32.75,4.766326793,0.021248009,4.745078784,4.487048276,1.0575056233248337
KT2440,1,5,33.0,4.754640388,0.021248009,4.7333923790000005,4.471510669000001,1.0585667192556574
KT2440,1,5,33.25,4.720510773,0.021248009,4.699262764,4.460488265,1.0535310227971197
KT2440,1,5,33.5,4.681865957,0.021248009,4.6606179480000005,4.441099456,1.0494288619687242
KT2440,1,5,33.75,4.612544328,0.021248009,4.5912963190000005,4.421843448000001,1.038321770771112
KT2440,1,5,34.0,4.539238698,0.021248009,4.517990689,4.410157044,1.024451202967184
KT2440,1,5,34.25,4.485454675,0.021248009,4.464206666,4.406438642,1.013109912265516
KT2440,1,5,34.5,4.493157078,0.021248009,4.4719090690000005,4.3794802310000005,1.02110497893009
KT2440,1,5,34.75,4.485454675,0.021248009,4.464206666,4.371777828,1.0211421626707604
KT2440,1,5,35.0,4.431405053,0.021248009,4.410157044,4.344686616000001,1.0150690794956059
KT2440,1,5,35.25,4.40046264,0.021248009,4.379214631,4.336851413,1.0097681967782004
KT2440,1,5,35.5,4.37762103,0.021248009,4.3563730210000005,4.325563408,1.0071226820864583
KT2440,1,5,35.75,4.358365022,0.021248009,4.337117013,4.302456199,1.0080560527282199
KT2440,1,5,36.0,4.342960216,0.021248009,4.321712207,4.287051392,1.0080850010486648
KT2440,1,5,36.25,4.323571407,0.021248009,4.302323398,4.275364987000001,1.0063055227055402
KT2440,1,5,36.5,4.312017803,0.021248009,4.290769794,4.248406576,1.0099715545680863
KT2440,1,5,36.75,4.300862598,0.021248009,4.279614589,4.2526561780000005,1.0063391936407797
KT2440,1,5,37.0,4.289574593,0.021248009,4.268326584,4.237516971,1.0072706760140078
KT2440,1,5,37.25,4.277755388,0.021248009,4.256507379,4.206441758,1.0119021310362333
KT2440,1,5,37.5,4.266068983,0.021248009,4.2448209740000005,4.194755354,1.011935289611648
KT2440,1,5,37.75,4.235259371,0.021248009,4.214011362,4.183201749,1.0073650793934013
KT2440,1,5,38.0,4.215472162,0.021248009,4.194224153,4.148009734,1.0111413477700388
KT2440,1,5,38.25,4.199403356,0.021248009,4.178155347000001,4.1319409270000005,1.0111846758742395
KT2440,1,5,38.5,4.180678548,0.021248009,4.159430539000001,4.128620926,1.0074624465535156
KT2440,1,5,38.75,4.168726543,0.021248009,4.147478534,4.108966518,1.0093726770055906
KT2440,1,5,39.0,4.156907338,0.021248009,4.135659329,4.085593708,1.0122541849675277
KT2440,1,5,39.25,4.126097725,0.021248009,4.104849716,4.070188901,1.0085157755187935
KT2440,1,5,39.5,4.117996922,0.021248009,4.096748913,4.058236896,1.0094898395502636
KT2440,1,5,39.75,4.098873714,0.021248009,4.077625705,4.031411285,1.0114635835276728
KT2440,1,5,40.0,4.078820905,0.021248009,4.057572896,4.011358477,1.0115208898095198
KT2440,2,5,0.0,0.033200014,0.021248009,0.03,0.03,1.0
KT2440,2,5,0.25,0.028950412,0.021248009,0.03,0.03,1.0
KT2440,2,5,0.5,0.028950412,0.021248009,0.03,0.03,1.0
KT2440,2,5,0.75,0.036520015,0.021248009,0.03,0.03,1.0
KT2440,2,5,1.0,0.040504017,0.021248009,0.03,0.03,1.0
KT2440,2,5,1.25,0.051924822,0.021248009,0.030676813,0.03,1.0225604333333334
KT2440,2,5,1.5,0.051924822,0.021248009,0.030676813,0.034528013999999996,0.8884615547248099
KT2440,2,5,1.75,0.07144643,0.021248009,0.05019842100000001,0.034793614,1.442748114639658
KT2440,2,5,2.0,0.079148833,0.021248009,0.057900824000000004,0.034793614,1.6641221575890335
KT2440,2,5,2.25,0.090569638,0.021248009,0.069321629,0.038512015999999996,1.8000000051931844
KT2440,2,5,2.5,0.102521643,0.021248009,0.081273634,0.046612819,1.743589762292643
KT2440,2,5,2.75,0.113544047,0.021248009,0.092296038,0.053784022,1.7160493873068845
KT2440,2,5,3.0,0.121379251,0.021248009,0.100131242,0.065470427,1.52941177548758
KT2440,2,5,3.25,0.136651257,0.021248009,0.115403248,0.076891232,1.5008635574989875
KT2440,2,5,3.5,0.171312072,0.021248009,0.150064063,0.099998442,1.500664010345281
KT2440,2,5,3.75,0.213940889,0.021248009,0.19269287999999998,0.123371251,1.5618945130093556
KT2440,2,5,4.0,0.298534525,0.021248009,0.277286516,0.16560166899999998,1.6744186074598078
KT2440,2,5,4.25,0.487243404,0.021248009,0.465995395,0.231072096,2.0166666727253815
KT2440,2,5,4.5,0.76466272,0.021248009,0.743414711,0.381401759,1.9491643482430818
KT2440,2,5,4.75,0.937833992,0.021248009,0.9165859829999999,0.743281911,1.2331606210715385
KT2440,2,5,5.0,1.022693228,0.021248009,1.001445219,1.001445219,1.0
KT2440,2,5,5.25,1.118973268,0.021248009,1.097725259,1.1169812669999999,0.9827606705959198
KT2440,2,5,5.5,1.241946119,0.021248009,1.22069811,1.186037296,1.029224050640647
KT2440,2,5,5.75,1.319235752,0.021248009,1.297987743,1.039957235,1.2481164602888695
KT2440,2,5,6.0,1.38842458,0.021248009,1.367176571,1.193872499,1.1451612899578147
KT2440,2,5,6.25,1.41179739,0.021248009,1.390549381,1.286566938,1.0808216346377153
KT2440,2,5,6.5,1.50794463,0.021248009,1.4866966209999999,1.255624525,1.1840296134706352
KT2440,2,5,6.75,1.658141493,0.021248009,1.636893484,1.548315847,1.0572090230631088
KT2440,2,5,7.0,1.816040759,0.021248009,1.79479275,1.694661508,1.059086278603314
KT2440,2,5,7.25,2.004616838,0.021248009,1.983368829,1.875535184,1.0574948664892654
KT2440,2,5,7.5,2.116434485,0.021248009,2.0951864760000003,2.068228065,1.0130345446211708
KT2440,2,5,7.75,2.32068097,0.021248009,2.2994329610000004,2.187748114,1.051050139769427
KT2440,2,5,8.0,2.544050664,0.021248009,2.522802655,2.341796179,1.0772938642667416
KT2440,2,5,8.25,2.674991518,0.021248009,2.6537435090000003,2.4650346300000003,1.07655425068004
KT2440,2,5,8.5,2.828773983,0.021248009,2.8075259740000003,2.6881387240000003,1.0444126074797024
KT2440,2,5,8.75,3.117614103,0.021248009,3.0963660940000004,2.8768476030000003,1.0763052206071273
KT2440,2,5,9.0,3.399017421,0.021248009,3.377769412,3.1004828960000004,1.0894333319360456
KT2440,2,5,9.25,3.560635089,0.021248009,3.53938708,3.3198685880000003,1.0661226449725967
KT2440,2,5,9.5,3.853459211,0.021248009,3.8322112020000003,3.5125614680000004,1.0910018904756715
KT2440,2,5,9.75,4.061291298,0.021248009,4.040043289000001,3.654923128,1.1053702492535709
KT2440,2,5,10.0,4.238313772,0.021248009,4.217065763,3.858904013,1.0928143713327445
KT2440,2,5,10.25,4.400064239,0.021248009,4.37881623,4.005249674,1.0932692307361012
KT2440,2,5,10.5,4.515998688,0.021248009,4.494750679,4.190505752,1.0726033908567703
KT2440,2,5,10.75,4.673897954,0.021248009,4.652649945,4.359958623,1.0671316742447903
KT2440,2,5,11.0,4.785450001,0.021248009,4.764201992,4.494617879000001,1.0599793175432255
KT2440,2,5,11.25,4.858490031,0.021248009,4.837242022,4.66393795,1.037158314252444
KT2440,2,5,11.5,4.935514063,0.021248009,4.9142660540000005,4.844944425,1.014308033884207
KT2440,2,5,11.75,5.062736516,0.021248009,5.041488507,5.4651206850000005,0.9224843873690229
KT2440,2,5,12.0,5.163000558,0.021248009,5.1417525490000004,5.869629654000001,0.8759926694005352
KT2440,2,5,12.25,5.270701403,0.021248009,5.2494533940000006,5.854092047,0.8967152125136376
KT2440,2,5,12.5,5.482783092,0.021248009,5.461535083,5.7619288090000005,0.9478657692662235
KT2440,2,5,12.75,5.863520851,0.021248009,5.842272842,5.730587996000001,1.019489247190333
KT2440,2,5,13.0,5.898580066,0.021248009,5.877332057,5.442146275,1.0799658370079368
KT2440,2,5,13.25,5.960332092,0.021248009,5.939084083,5.5000470990000006,1.0798242226107162
KT2440,2,5,13.5,5.921687276,0.021248009,5.900439267,5.515319106000001,1.0698273578732798
KT2440,2,5,13.75,5.952629689,0.021248009,5.93138168,5.557815123,1.067214642576732
KT2440,2,5,14.0,5.863786451,0.021248009,5.842538442,5.592210338,1.0447637139645802
KT2440,2,5,14.25,5.683045576,0.021248009,5.661797567,5.630987954,1.0054714400477653
KT2440,2,5,14.5,5.609739945,0.021248009,5.5884919360000005,5.665515968,0.9864047630551132
KT2440,2,5,14.75,5.517045506,0.021248009,5.495797497,5.703762384,0.9635389988223605
KT2440,2,5,15.0,5.54838632,0.021248009,5.527138311,5.735103197,0.9637382486667746
KT2440,2,5,15.25,5.470698287,0.021248009,5.4494502780000005,5.487962294,0.992982456158253
KT2440,2,5,15.5,5.582383134,0.021248009,5.561135125,5.695927181,0.9763353617915572
KT2440,2,5,15.75,5.62142635,0.021248009,5.600178341,5.673351172,0.9871023617643953
KT2440,2,5,16.0,5.648384761,0.021248009,5.627136752,5.66949997,0.9925278740234299
KT2440,2,5,16.25,5.659938366,0.021248009,5.638690357000001,5.66949997,0.9945657265785294
KT2440,2,5,16.5,5.683045576,0.021248009,5.661797567,5.677202373,0.9972865497849323
KT2440,2,5,16.75,5.706285586,0.021248009,5.685037577,5.688888778,0.9993230310610232
KT2440,2,5,17.0,5.714120789,0.021248009,5.69287278,5.69287278,1.0
KT2440,2,5,17.25,5.733376797,0.021248009,5.712128788,5.696723981,1.002704151904038
KT2440,2,5,17.5,5.748781603,0.021248009,5.7275335940000005,5.7044263850000005,1.004050750669824
KT2440,2,5,17.75,5.756484007,0.021248009,5.735235998,5.712128788,1.0040452886931652
KT2440,2,5,18.0,5.775740015,0.021248009,5.754492006,5.715979989,1.0067376052880022
KT2440,2,5,18.25,5.775474414,0.021248009,5.754226405,5.727267994,1.0047070280329542
KT2440,2,5,18.5,5.775208814,0.021248009,5.753960805,5.730853596,1.0040320710715989
KT2440,2,5,18.75,5.787028019,0.021248009,5.76578001,5.742672801,1.0040237725186043
KT2440,2,5,19.0,5.791012021,0.021248009,5.769764012,5.746656802,1.0040209831204743
KT2440,2,5,19.25,5.794863223,0.021248009,5.773615214,5.746656802,1.0046911470318913
KT2440,2,5,19.5,5.791012021,0.021248009,5.769764012,5.754359206,1.0026770671500551
KT2440,2,5,19.75,5.806284027,0.021248009,5.7850360180000004,5.754226405,1.0053542580412251
KT2440,2,5,20.0,5.810268029,0.021248009,5.789020020000001,5.762061609,1.0046786051294372
KT2440,2,5,20.25,5.810135229,0.021248009,5.78888722,5.7619288090000005,1.0046787129611687
KT2440,2,5,20.5,5.810268029,0.021248009,5.789020020000001,5.769764012,1.003337399581673
KT2440,2,5,20.75,5.817837632,0.021248009,5.796589623,5.769631212,1.004672466923697
KT2440,2,5,21.0,5.821688834,0.021248009,5.800440825,5.777333615,1.0039996322767315
KT2440,2,5,21.25,5.829258437,0.021248009,5.808010428,5.781052017,1.0046632361931227
KT2440,2,5,21.5,5.841210442,0.021248009,5.819962433000001,5.793004022,1.0046536151015295
KT2440,2,5,21.75,5.841077642,0.021248009,5.819829633,5.7928712220000005,1.0046537217843923
KT2440,2,5,22.0,5.852498447,0.021248009,5.8312504380000005,5.796589623,1.0059795185193845
KT2440,2,5,22.25,5.848780045,0.021248009,5.827532036,5.796722423,1.0053150057483786
KT2440,2,5,22.5,5.848912845,0.021248009,5.827664836,5.796855223000001,1.0053148839870552
KT2440,2,5,22.75,5.849045645,0.021248009,5.827797636000001,5.793136822,1.0059830822342004
KT2440,2,5,23.0,5.86059925,0.021248009,5.839351241,5.800839225,1.006639042129288
KT2440,2,5,23.25,5.864317652,0.021248009,5.843069643000001,5.793004022,1.008642428144339
KT2440,2,5,23.5,5.864052051,0.021248009,5.842804042,5.792738422,1.0086428242314305
KT2440,2,5,23.75,5.863919251,0.021248009,5.842671242000001,5.804159226,1.0066352445721136
KT2440,2,5,24.0,5.871754455,0.021248009,5.850506446,5.800440825,1.0086313476010678
KT2440,2,5,24.25,5.875738456,0.021248009,5.854490447,5.804424826,1.0086254232763492
KT2440,2,5,24.5,5.875472856,0.021248009,5.854224847,5.8003080250000005,1.0092955101293952
KT2440,2,5,24.75,5.891143263,0.021248009,5.869895254,5.808276028,1.0106088666762654
KT2440,2,5,25.0,5.887159261,0.021248009,5.865911252,5.8081432280000005,1.0099460398499662
KT2440,2,5,25.25,5.891010463,0.021248009,5.869762454,5.800440825,1.0119510966651402
KT2440,2,5,25.5,5.894596064,0.021248009,5.873348055,5.800175225,1.0126156240391857
KT2440,2,5,25.75,5.894728864,0.021248009,5.873480855,5.796456823000001,1.013288123133148
KT2440,2,5,26.0,5.898845666,0.021248009,5.877597657,5.796722423,1.0139518900679299
KT2440,2,5,26.25,5.906415269,0.021248009,5.88516726,5.796589623,1.0152809915417398
KT2440,2,5,26.5,5.918101674,0.021248009,5.896853665,5.804424826,1.0159238583960946
KT2440,2,5,26.75,5.917968874,0.021248009,5.896720865,5.800440825,1.016598745320361
KT2440,2,5,27.0,5.917703274,0.021248009,5.896455265,5.7924728210000005,1.017951304600519
KT2440,2,5,27.25,5.921820076,0.021248009,5.900572067000001,5.792738422,1.0186153140612155
KT2440,2,5,27.5,5.921820076,0.021248009,5.900572067000001,5.7850360180000004,1.019971534946457
KT2440,2,5,27.75,5.925804077,0.021248009,5.904556068,5.777466415,1.0219974715335494
KT2440,2,5,28.0,5.925671277,0.021248009,5.904423268,5.777333615,1.021997977175843
KT2440,2,5,28.25,5.929389679,0.021248009,5.90814167,5.761796009,1.0253993131258736
KT2440,2,5,28.5,5.928991279,0.021248009,5.90774327,5.745992802,1.0281501341149784
KT2440,2,5,28.75,5.93310808,0.021248009,5.911860071,5.7462584020000005,1.028819043178142
KT2440,2,5,29.0,5.936959282,0.021248009,5.915711273,5.734704797,1.0315633467471055
KT2440,2,5,29.25,5.944661685,0.021248009,5.923413676,5.730853596,1.0336005931357943
KT2440,2,5,29.5,5.93310808,0.021248009,5.911860071,5.703895184,1.036460152280386
KT2440,2,5,29.75,5.940943284,0.021248009,5.9196952750000005,5.69247438,1.0399160153971567
KT2440,2,5,30.0,5.940810484,0.021248009,5.919562475,5.673085572000001,1.0434467098850946
KT2440,2,5,30.25,5.941208884,0.021248009,5.919960875,5.661930367,1.045572886149202
KT2440,2,5,30.5,5.944794485,0.021248009,5.923546476,5.661664767,1.0462552481959764
KT2440,2,5,30.75,5.948778487,0.021248009,5.927530478,5.650243962,1.0490751404478913
KT2440,2,5,31.0,5.944794485,0.021248009,5.923546476,5.642408759,1.0498258330808747
KT2440,2,5,31.25,5.952496888,0.021248009,5.931248879,5.630855154,1.0533477982978499
KT2440,2,5,31.5,5.941076084,0.021248009,5.919828075,5.607880744,1.0556265985744722
KT2440,2,5,31.75,5.941076084,0.021248009,5.919828075,5.5963271390000005,1.057805937352298
KT2440,2,5,32.0,5.944927285,0.021248009,5.9236792760000005,5.592475938000001,1.0592230242332425
KT2440,2,5,32.25,5.944927285,0.021248009,5.9236792760000005,5.584773535,1.060683882502319
KT2440,2,5,32.5,5.95661369,0.021248009,5.935365681,5.5810551330000004,1.0634845095697067
KT2440,2,5,32.75,5.964050493,0.021248009,5.942802484,5.569235928,1.0670768056569213
KT2440,2,5,33.0,5.960066492,0.021248009,5.938818483,5.553698322,1.0693448110918116
KT2440,2,5,33.25,5.960597692,0.021248009,5.9393496830000005,5.5388247150000005,1.0723122663397013
KT2440,2,5,33.5,5.964316093,0.021248009,5.943068084,5.527138311,1.0752522823921784
KT2440,2,5,33.75,5.960464892,0.021248009,5.939216883,5.500179899,1.0798222952816185
KT2440,2,5,34.0,5.95648089,0.021248009,5.935232881,5.457683881,1.0875003042339086
KT2440,2,5,34.25,5.948911287,0.021248009,5.927663278,5.419304665,1.0938051363458452
KT2440,2,5,34.5,5.941208884,0.021248009,5.919960875,5.361536641,1.1041537662411363
KT2440,2,5,34.75,5.937357682,0.021248009,5.916109673,5.2960662140000005,1.117076228647016
KT2440,2,5,35.0,5.93337368,0.021248009,5.912125671,5.257421398,1.1245295408979503
KT2440,2,5,35.25,5.937092082,0.021248009,5.915844073000001,5.195669372,1.138610571504241
KT2440,2,5,35.5,5.937357682,0.021248009,5.916109673,5.138166948,1.1514047194014996
KT2440,2,5,35.75,5.941208884,0.021248009,5.919960875,5.068845319,1.1679111321092575
KT2440,2,5,36.0,5.933506481,0.021248009,5.912258472,4.984118884,1.186219391953011
KT2440,2,5,36.25,5.921820076,0.021248009,5.900572067000001,4.895408446,1.2053278356827022
KT2440,2,5,36.5,5.917968874,0.021248009,5.896720865,4.868450035,1.2112111293343075
KT2440,2,5,36.75,5.922218476,0.021248009,5.9009704670000005,4.811080411,1.2265374849083979
KT2440,2,5,37.0,5.910930471,0.021248009,5.889682462000001,4.7150659710000005,1.2491198422725103
KT2440,2,5,37.25,5.902962468,0.021248009,5.881714459,4.5607523070000004,1.2896368982749933
KT2440,2,5,37.5,5.891276063,0.021248009,5.8700280540000005,4.552917103,1.2892894645791226
KT2440,2,5,37.75,5.902829668,0.021248009,5.881581659,4.541363498,1.2951136066492426
KT2440,2,5,38.0,5.894596064,0.021248009,5.873348055,4.525427492,1.2978548579958111
KT2440,2,5,38.25,5.890080862,0.021248009,5.868832853,4.517061088,1.2992591285938349
KT2440,2,5,38.5,5.863653651,0.021248009,5.842405642,4.4906338770000005,1.3010202572789258
KT2440,2,5,38.75,5.83629684,0.021248009,5.815048831,4.490235477000001,1.2950431799815383
KT2440,2,5,39.0,5.832180038,0.021248009,5.810932029,4.4784162720000005,1.2975417370937954
KT2440,2,5,39.25,5.824477635,0.021248009,5.803229626,4.466862667,1.2991735046776176
KT2440,2,5,39.5,5.81252563,0.021248009,5.791277621,4.4549106620000005,1.2999761522490436
KT2440,2,5,39.75,5.797253624,0.021248009,5.776005615,4.435787454000001,1.3021375967397737
KT2440,2,5,40.0,5.78875442,0.021248009,5.767506411,4.415734646000001,1.306126131520268
KT2440,3,5,0.0,0.029348812,0.021248009,0.03,0.03,1.0
KT2440,3,5,0.25,0.028950412,0.021248009,0.03,0.03,1.0
KT2440,3,5,0.5,0.032801614,0.021248009,0.03,0.03,1.0
KT2440,3,5,0.75,0.036520015,0.021248009,0.03,0.03,1.0
KT2440,3,5,1.0,0.044355219,0.021248009,0.03,0.03,1.0
KT2440,3,5,1.25,0.059627225,0.021248009,0.038379215999999994,0.03,1.2793071999999999
KT2440,3,5,1.5,0.067329628,0.021248009,0.046081619000000004,0.03,1.5360539666666668
KT2440,3,5,1.75,0.075297631,0.021248009,0.054049622000000005,0.03,1.801654066666667
KT2440,3,5,2.0,0.083000035,0.021248009,0.061752026,0.03,2.0584008666666667
KT2440,3,5,2.25,0.094420839,0.021248009,0.07317283000000001,0.034660814,2.111111123933789
KT2440,3,5,2.5,0.106372844,0.021248009,0.085124835,0.038910416,2.187713310492491
KT2440,3,5,2.75,0.128948854,0.021248009,0.107700845,0.053784022,2.002469153385368
KT2440,3,5,3.0,0.179147275,0.021248009,0.15789926599999998,0.069321629,2.2777777769763605
KT2440,3,5,3.25,0.28684812,0.021248009,0.26560011099999997,0.09614724,2.7624309444556077
KT2440,3,5,3.5,0.398532967,0.021248009,0.377284958,0.13080805499999998,2.884263954540109
KT2440,3,5,3.75,0.491227405,0.021248009,0.469979396,0.169585671,2.7713390714478465
KT2440,3,5,4.0,0.606630654,0.021248009,0.585382645,0.254179306,2.303030306487657
KT2440,3,5,4.25,0.733720307,0.021248009,0.712472298,0.408227371,1.7452830177817744
KT2440,3,5,4.5,0.849389155,0.021248009,0.828141146,0.677944283,1.221547502894128
KT2440,3,5,4.75,0.945536395,0.021248009,0.924288386,0.88577637,1.0434782607713953
KT2440,3,5,5.0,1.003437219,0.021248009,0.98218921,1.0630644439999999,0.9239225481987808
KT2440,3,5,5.25,1.09971726,0.021248009,1.078469251,1.170898089,0.921061586086507
KT2440,3,5,5.5,1.238094918,0.021248009,1.216846909,1.247656521,0.9753060145309016
KT2440,3,5,5.75,1.276872534,0.021248009,1.255624525,1.201707702,1.0448668365112967
KT2440,3,5,6.0,1.38842458,0.021248009,1.367176571,1.120699668,1.2199312715420558
KT2440,3,5,6.25,1.481119019,0.021248009,1.45987101,1.159477285,1.2590768520316464
KT2440,3,5,6.5,1.623480679,0.021248009,1.60223267,1.398118984,1.145991641867299
KT2440,3,5,6.75,1.750570332,0.021248009,1.7293223229999999,1.609935073,1.0741565619646576
KT2440,3,5,7.0,1.835296767,0.021248009,1.814048758,1.825602363,0.9936713463817969
KT2440,3,5,7.25,1.877527185,0.021248009,1.856279176,2.03343445,0.912878787904867
KT2440,3,5,7.5,2.158797702,0.021248009,2.1375496930000004,2.195317718,0.9736858020475377
KT2440,3,5,7.75,2.32068097,0.021248009,2.2994329610000004,2.3263913720000002,0.9884119192821698
KT2440,3,5,8.0,2.520943454,0.021248009,2.4996954450000004,2.484290638,1.0062008875951818
KT2440,3,5,8.25,2.755866752,0.021248009,2.7346187430000004,2.634487501,1.0380078637541428
KT2440,3,5,8.5,2.909649216,0.021248009,2.8884012070000002,2.819079578,1.0245901639460566
KT2440,3,5,8.75,3.260108563,0.021248009,3.2388605540000004,3.034746869,1.0672588831328984
KT2440,3,5,9.0,3.364356606,0.021248009,3.343108597,3.246828557,1.0296535644890843
KT2440,3,5,9.25,3.653063927,0.021248009,3.631815918,3.4354046360000003,1.0571726776932717
KT2440,3,5,9.5,3.853459211,0.021248009,3.8322112020000003,3.6435023230000003,1.0517932643568675
KT2440,3,5,9.75,4.011225677,0.021248009,3.989977668,3.782012781,1.0549878858275596
KT2440,3,5,10.0,4.195950554,0.021248009,4.174702545000001,3.978291263,1.04937076473679
KT2440,3,5,10.25,4.338445014,0.021248009,4.317197005000001,4.143892932,1.0418215614746489
KT2440,3,5,10.5,4.512147486,0.021248009,4.490899477,4.313744203000001,1.041067635368086
KT2440,3,5,10.75,4.627683535,0.021248009,4.606435526,4.479345872000001,1.0283723690091506
KT2440,3,5,11.0,4.750789186,0.021248009,4.729541177000001,4.621707532,1.02333199239748
KT2440,3,5,11.25,4.846936426,0.021248009,4.825688417,4.814134812,1.0023999338305194
KT2440,3,5,11.5,4.958621273,0.021248009,4.9373732640000005,5.3378982310000005,0.9249657918403278
KT2440,3,5,11.75,5.039629307,0.021248009,5.018381298,5.834836039,0.8600723764056398
KT2440,3,5,12.0,5.136042147,0.021248009,5.114794138000001,5.88503446,0.8691188085243601
KT2440,3,5,12.25,5.224486984,0.021248009,5.2032389750000005,5.723151192,0.9091563022611128
KT2440,3,5,12.5,5.321032624,0.021248009,5.299784615,5.496195898,0.9642641407538856
KT2440,3,5,12.75,5.543871118,0.021248009,5.522623109,5.4494502780000005,1.0134275619130624
KT2440,3,5,13.0,5.86006805,0.021248009,5.838820041,5.499914299,1.0616201859839198
KT2440,3,5,13.25,5.910266471,0.021248009,5.889018462,5.511600704,1.0684769776094434
KT2440,3,5,13.5,5.952496888,0.021248009,5.931248879,5.561533525000001,1.066477231924984
KT2440,3,5,13.75,5.960332092,0.021248009,5.939084083,5.604029543,1.0597881466236232
KT2440,3,5,14.0,5.975471298,0.021248009,5.954223289000001,5.634573555,1.0567300667707764
KT2440,3,5,14.25,5.910266471,0.021248009,5.889018462,5.673351172,1.0380140914005807
KT2440,3,5,14.5,5.867770453,0.021248009,5.8465224440000005,5.700176783,1.0256738811042592
KT2440,3,5,14.75,5.663391168,0.021248009,5.642143159000001,5.726869594,0.9852054541125282
KT2440,3,5,15.0,5.552237521,0.021248009,5.5309895120000006,5.750508004,0.9618262435514733
KT2440,3,5,15.25,5.412930263,0.021248009,5.391682254,5.360872641,1.0057471264592945
KT2440,3,5,15.5,5.543871118,0.021248009,5.522623109,5.715183189,0.9663072777141037
KT2440,3,5,15.75,5.582914334,0.021248009,5.561666325,5.711863188000001,0.9737044011636085
KT2440,3,5,16.0,5.602170342,0.021248009,5.580922333,5.715714389,0.9764172863046814
KT2440,3,5,16.25,5.617575148,0.021248009,5.5963271390000005,5.711863188000001,0.9797726161854281
KT2440,3,5,16.5,5.636831156,0.021248009,5.615583147000001,5.708011986,0.9838071750327962
KT2440,3,5,16.75,5.663922368,0.021248009,5.642674359,5.715847189,0.9871982529307608
KT2440,3,5,17.0,5.679459974,0.021248009,5.6582119650000005,5.712128788,0.9905609931076366
KT2440,3,5,17.25,5.694864781,0.021248009,5.673616772,5.715979989,0.9925886344806096
KT2440,3,5,17.5,5.714120789,0.021248009,5.69287278,5.719831191,0.9952868519891954
KT2440,3,5,17.75,5.725674394,0.021248009,5.7044263850000005,5.723682393,0.996635730867326
KT2440,3,5,18.0,5.7410792,0.021248009,5.719831191,5.723682393,0.9993271461035801
KT2440,3,5,18.25,5.752367205,0.021248009,5.731119196,5.727267994,1.0006724326509664
KT2440,3,5,18.5,5.755952806,0.021248009,5.734704797,5.730853596,1.0006720117580195
KT2440,3,5,18.75,5.767772011,0.021248009,5.746524002,5.738821599,1.0013421575957933
KT2440,3,5,19.0,5.775607215,0.021248009,5.754359206,5.738954399,1.0026842532505023
KT2440,3,5,19.25,5.783309618,0.021248009,5.762061609,5.742805601000001,1.0033530663125088
KT2440,3,5,19.5,5.783309618,0.021248009,5.762061609,5.750508004,1.0020091451036957
KT2440,3,5,19.75,5.787028019,0.021248009,5.76578001,5.754226405,1.0020078467871827
KT2440,3,5,20.0,5.794863223,0.021248009,5.773615214,5.762061609,1.00200511653363
KT2440,3,5,20.25,5.798581624,0.021248009,5.777333615,5.7619288090000005,1.0026735502139383
KT2440,3,5,20.5,5.802565626,0.021248009,5.781317617,5.7659128100000006,1.0026717030776606
KT2440,3,5,20.75,5.802432826,0.021248009,5.781184817000001,5.76578001,1.00267176461351
KT2440,3,5,21.0,5.813986431,0.021248009,5.792738422,5.769631212,1.004004971747924
KT2440,3,5,21.25,5.817704832,0.021248009,5.796456823000001,5.773349613000001,1.004002392293716
KT2440,3,5,21.5,5.821954434,0.021248009,5.800706425,5.793004022,1.0013296042900626
KT2440,3,5,21.75,5.821821634,0.021248009,5.800573625,5.7928712220000005,1.0013296347708798
KT2440,3,5,22.0,5.829391237,0.021248009,5.8081432280000005,5.796589623,1.0019931728397948
KT2440,3,5,22.25,5.825672835,0.021248009,5.804424826,5.7928712220000005,1.0019944520700066
KT2440,3,5,22.5,5.829656837,0.021248009,5.808408828,5.785301618,1.0039941236474355
KT2440,3,5,22.75,5.829789637,0.021248009,5.808541628,5.7815832170000006,1.004662807744552
KT2440,3,5,23.0,5.841343242,0.021248009,5.820095233,5.777732015,1.0073321534972577
KT2440,3,5,23.25,5.841210442,0.021248009,5.819962433000001,5.78915282,1.005321955380684
KT2440,3,5,23.5,5.840944842,0.021248009,5.819696833,5.792738422,1.0046538284721465
KT2440,3,5,23.75,5.840812042,0.021248009,5.819564033,5.796456823000001,1.003986437008952
KT2440,3,5,24.0,5.844796043,0.021248009,5.823548034,5.796589623,1.0046507365111776
KT2440,3,5,24.25,5.848780045,0.021248009,5.827532036,5.796722423,1.0053150057483786
KT2440,3,5,24.5,5.848514445,0.021248009,5.827266436,5.796456823000001,1.005315249287763
KT2440,3,5,24.75,5.856482448,0.021248009,5.835234439000001,5.804424826,1.0053079527986983
KT2440,3,5,25.0,5.852498447,0.021248009,5.8312504380000005,5.800440825,1.0053115985369958
KT2440,3,5,25.25,5.856349648,0.021248009,5.835101639,5.8081432280000005,1.0046414852288832
KT2440,3,5,25.5,5.85993525,0.021248009,5.838687241000001,5.811728829000001,1.0046386217927925
KT2440,3,5,25.75,5.863919251,0.021248009,5.842671242000001,5.808010428,1.0059677602906674
KT2440,3,5,26.0,5.864184852,0.021248009,5.842936843,5.808276028,1.0059674875699625
KT2440,3,5,26.25,5.867903253,0.021248009,5.846655244,5.804292026000001,1.0072986021051724
KT2440,3,5,26.5,5.875738456,0.021248009,5.854490447,5.808276028,1.007956649921115
KT2440,3,5,26.75,5.875605656,0.021248009,5.8543576470000005,5.81199443,1.0072889293873601
KT2440,3,5,27.0,5.879191258,0.021248009,5.857943249,5.811728829000001,1.007951922975035
KT2440,3,5,27.25,5.879456858,0.021248009,5.858208849,5.804292026000001,1.0092891299677003
KT2440,3,5,27.5,5.879456858,0.021248009,5.858208849,5.804292026000001,1.0092891299677003
KT2440,3,5,27.75,5.879589658,0.021248009,5.858341649000001,5.796722423,1.0106300114967572
KT2440,3,5,28.0,5.879456858,0.021248009,5.858208849,5.796589623,1.0106302550305621
KT2440,3,5,28.25,5.879324058,0.021248009,5.858076049,5.796456823000001,1.010630498575526
KT2440,3,5,28.5,5.875074456,0.021248009,5.853826447,5.780653616,1.0126582279203633
KT2440,3,5,28.75,5.879191258,0.021248009,5.857943249,5.773216813,1.0146757758706055
KT2440,3,5,29.0,5.886893661,0.021248009,5.865645652,5.765514410000001,1.0173672694020723
KT2440,3,5,29.25,5.886893661,0.021248009,5.865645652,5.753960805,1.0194100812961655
KT2440,3,5,29.5,5.883042459,0.021248009,5.8617944500000005,5.734704797,1.0221614987168102
KT2440,3,5,29.75,5.887026461,0.021248009,5.865778452,5.742540001,1.0214606169009774
KT2440,3,5,30.0,5.886893661,0.021248009,5.865645652,5.742407201,1.0214611132032816
KT2440,3,5,30.25,5.88344086,0.021248009,5.8621928510000005,5.742805601000001,1.0207890112072069
KT2440,3,5,30.5,5.887026461,0.021248009,5.865778452,5.738688799,1.0221461134156893
KT2440,3,5,30.75,5.891010463,0.021248009,5.869762454,5.7349703970000006,1.0235035314341832
KT2440,3,5,31.0,5.883175259,0.021248009,5.86192725,5.715581589,1.02560468409403
KT2440,3,5,31.25,5.890877663,0.021248009,5.869629654000001,5.696325581,1.0304238355999267
KT2440,3,5,31.5,5.887159261,0.021248009,5.865911252,5.673351172,1.0339411529732818
KT2440,3,5,31.75,5.891010463,0.021248009,5.869762454,5.673351172,1.0346199761032526
KT2440,3,5,32.0,5.891010463,0.021248009,5.869762454,5.677202373,1.0339181287452055
KT2440,3,5,32.25,5.891010463,0.021248009,5.869762454,5.657946365,1.0374369206308303
KT2440,3,5,32.5,5.898845666,0.021248009,5.877597657,5.6503767620000005,1.0402134060383563
KT2440,3,5,32.75,5.906282469,0.021248009,5.88503446,5.64625996,1.042288966801309
KT2440,3,5,33.0,5.894596064,0.021248009,5.873348055,5.6268711520000005,1.043803544872783
KT2440,3,5,33.25,5.891276063,0.021248009,5.8700280540000005,5.619699949,1.0445447456753532
KT2440,3,5,33.5,5.894994464,0.021248009,5.873746455,5.611864746,1.0466657200151988
KT2440,3,5,33.75,5.891143263,0.021248009,5.869895254,5.588757536,1.0503041536851527
KT2440,3,5,34.0,5.891010463,0.021248009,5.869762454,5.565517527,1.0546660621449877
KT2440,3,5,34.25,5.891143263,0.021248009,5.869895254,5.523287109,1.0627539612118324
KT2440,3,5,34.5,5.887292061,0.021248009,5.866044052,5.496328698,1.0672658740614498
KT2440,3,5,34.75,5.887292061,0.021248009,5.866044052,5.488626294,1.0687636100152385
KT2440,3,5,35.0,5.891010463,0.021248009,5.869762454,5.476939890000001,1.0717230007795464
KT2440,3,5,35.25,5.898580066,0.021248009,5.877332057,5.43059267,1.0822634681234526
KT2440,3,5,35.5,5.906548069,0.021248009,5.8853000600000005,5.388495053000001,1.0921973579104258
KT2440,3,5,35.75,5.910399271,0.021248009,5.889151262,5.346131835,1.101572397344369
KT2440,3,5,36.0,5.902696868,0.021248009,5.881448859,5.338429432,1.1017189482256697
KT2440,3,5,36.25,5.887159261,0.021248009,5.865911252,5.280528607,1.1108568267623817
KT2440,3,5,36.5,5.88330806,0.021248009,5.862060051,5.176546164,1.132426885665073
KT2440,3,5,36.75,5.891408863,0.021248009,5.870160854,5.115325338,1.1475635401706683
KT2440,3,5,37.0,5.887823261,0.021248009,5.8665752520000005,5.069376519,1.157257747577459
KT2440,3,5,37.25,5.88370646,0.021248009,5.862458451,5.007491693,1.1707375289698758
KT2440,3,5,37.5,5.875871256,0.021248009,5.854623247,4.938037264,1.1856174698563393
KT2440,3,5,37.75,5.879722458,0.021248009,5.858474449,4.884120442,1.1994942627993448
KT2440,3,5,38.0,5.871488855,0.021248009,5.850240846,4.8258212170000006,1.2122788190725466
KT2440,3,5,38.25,5.870824854,0.021248009,5.8495768450000005,4.798198806,1.2191193157076536
KT2440,3,5,38.5,5.867504853,0.021248009,5.846256844,4.721705974,1.2381662213175326
KT2440,3,5,38.75,5.867106453,0.021248009,5.845858444,4.625027533,1.2639618688298089
KT2440,3,5,39.0,5.862989651,0.021248009,5.841741642000001,4.513077087,1.2944032484681556
KT2440,3,5,39.25,5.862989651,0.021248009,5.841741642000001,4.505374683,1.2966161646982381
KT2440,3,5,39.5,5.862591251,0.021248009,5.841343242,4.485720275,1.3022085381817525
KT2440,3,5,39.75,5.858872849,0.021248009,5.83762484,4.47429947,1.3047014128448582
KT2440,3,5,40.0,5.850373646,0.021248009,5.829125637000001,4.458097864,1.3075364908588738
KT2440,1,10,0.0,0.029348812,0.02496641,0.03,0.03,1.0
KT2440,1,10,0.25,0.032801614,0.02496641,0.03,0.03,1.0
KT2440,1,10,0.5,0.032801614,0.02496641,0.03,0.03,1.0
KT2440,1,10,0.75,0.051924822,0.02496641,0.03,0.03,1.0
KT2440,1,10,1.0,0.059760025,0.02496641,0.034793615,0.030809612999999996,1.1293103551803785
KT2440,1,10,1.25,0.07118083,0.02496641,0.04621442,0.03,1.5404806666666666
KT2440,1,10,1.5,0.078883233,0.02496641,0.053916822999999996,0.034528013999999996,1.5615384945105735
KT2440,1,10,1.75,0.083000035,0.02496641,0.058033625,0.030942413,1.8755365006601135
KT2440,1,10,2.0,0.090702438,0.02496641,0.065736028,0.038644816,1.7010309481095731
KT2440,1,10,2.25,0.109825646,0.02496641,0.084859236,0.04236321800000001,2.003134794906279
KT2440,1,10,2.5,0.125628853,0.02496641,0.10066244300000002,0.054315222999999996,1.8533007403835942
KT2440,1,10,2.75,0.14435366,0.02496641,0.11938725,0.06918882900000001,1.7255278305114832
KT2440,1,10,3.0,0.163742468,0.02496641,0.138776058,0.084726435,1.6379310424190514
KT2440,1,10,3.25,0.186716878,0.02496641,0.161750468,0.103849643,1.557544766908828
KT2440,1,10,3.5,0.225228894,0.02496641,0.20026248400000002,0.13851045799999998,1.445829339471248
KT2440,1,10,3.75,0.271708914,0.02496641,0.24674250400000003,0.173436872,1.4226646338501772
KT2440,1,10,4.0,0.364004952,0.02496641,0.339038542,0.234923298,1.4431882443605062
KT2440,1,10,4.25,0.548862629,0.02496641,0.523896219,0.377417758,1.3881069660744476
KT2440,1,10,4.5,0.803174736,0.02496641,0.778208326,0.639432267,1.2170301158730858
KT2440,1,10,4.75,0.987899613,0.02496641,0.962933203,0.870371564,1.106347269176179
KT2440,1,10,5.0,1.072758848,0.02496641,1.047792438,1.009147622,1.0382945122770157
KT2440,1,10,5.25,1.165187687,0.02496641,1.140221277,1.082320452,1.053496933272402
KT2440,1,10,5.5,1.245797321,0.02496641,1.220830911,1.155227683,1.056788137061982
KT2440,1,10,5.75,1.303830945,0.02496641,1.278864535,1.0707668479999999,1.1943445367109462
KT2440,1,10,6.0,1.384573379,0.02496641,1.359606969,1.224682112,1.1101713299132436
KT2440,1,10,6.25,1.438755801,0.02496641,1.413789391,1.5253414379999999,0.9268674906345789
KT2440,1,10,6.5,1.480986219,0.02496641,1.456019809,1.617637476,0.9000903049058688
KT2440,1,10,6.75,1.661992695,0.02496641,1.637026285,1.667703097,0.9816053516629045
KT2440,1,10,7.0,1.819891961,0.02496641,1.794925551,1.829453565,0.9811265972197551
KT2440,1,10,7.25,1.923741604,0.02496641,1.898775194,2.05654166,0.9232855482246831
KT2440,1,10,7.5,2.162648904,0.02496641,2.137682494,2.2145737260000002,0.9652794435799242
KT2440,1,10,7.75,2.282168954,0.02496641,2.2572025439999996,2.3610521870000003,0.9560155241075149
KT2440,1,10,8.0,2.332234575,0.02496641,2.307268165,2.5343562590000004,0.9103961437175355
KT2440,1,10,8.25,2.424663414,0.02496641,2.3996970039999996,2.765428356,0.8677487517597435
KT2440,1,10,8.5,2.601553088,0.02496641,2.576586678,2.938466828,0.8768472910594993
KT2440,1,10,8.75,2.767154757,0.02496641,2.742188347,3.1117709010000003,0.8812307956600433
KT2440,1,10,9.0,2.936873228,0.02496641,2.911906818,3.308447783,0.8801428975129755
KT2440,1,10,9.25,3.08693729,0.02496641,3.0619708799999996,3.5162798700000004,0.8707983986496499
KT2440,1,10,9.5,3.25267176,0.02496641,3.22770535,3.7012703470000003,0.8720533890792819
KT2440,1,10,9.75,3.395033419,0.02496641,3.370067009,3.8359296030000003,0.8785528822959475
KT2440,1,10,10.0,3.56435349,0.02496641,3.5393870799999996,4.039910489,0.876105322045416
KT2440,1,10,10.25,3.672187135,0.02496641,3.647220725,4.197809755000001,0.8688389750525984
KT2440,1,10,10.5,3.807377592,0.02496641,3.7824111819999997,4.352256219,0.8690690510102984
KT2440,1,10,10.75,3.988384067,0.02496641,3.963417657,4.517857889,0.8772780716830555
KT2440,1,10,11.0,4.203918557,0.02496641,4.1789521469999995,4.748797185,0.8800022372402075
KT2440,1,10,11.25,4.40019704,0.02496641,4.37523063,5.206957377,0.8402662655404333
KT2440,1,10,11.5,4.558096306,0.02496641,4.533129896,5.7422744,0.7894310825689556
KT2440,1,10,11.75,4.704574767,0.02496641,4.679608357,5.696192781000001,0.8215326511787171
KT2440,1,10,12.0,4.820243615,0.02496641,4.795277205,5.673218372,0.8452481273534167
KT2440,1,10,12.25,4.939498065,0.02496641,4.914531655,5.542144717,0.8867562840654708
KT2440,1,10,12.5,5.055299713,0.02496641,5.030333303,5.423023067,0.9275884024190155
KT2440,1,10,12.75,5.154899755,0.02496641,5.1299333449999995,5.457152681,0.9400384495124591
KT2440,1,10,13.0,5.243875792,0.02496641,5.218909382,5.4960630980000005,0.9495723191204162
KT2440,1,10,13.25,5.328735028,0.02496641,5.303768617999999,5.546261519000001,0.9562781343488247
KT2440,1,10,13.5,5.421031066,0.02496641,5.396064656,5.600045541,0.96357513818297
KT2440,1,10,13.75,5.494336697,0.02496641,5.469370286999999,5.650243962,0.9679883424120368
KT2440,1,10,14.0,5.574946331,0.02496641,5.549979920999999,5.676936773,0.9776363808376696
KT2440,1,10,14.25,5.62142635,0.02496641,5.59645994,5.6887559780000005,0.9837757080182495
KT2440,1,10,14.5,5.655954364,0.02496641,5.630987954,5.711730388,0.9858637525731895
KT2440,1,10,14.75,5.705754385,0.02496641,5.680787974999999,5.730720796,0.9912868166540493
KT2440,1,10,15.0,5.744797602,0.02496641,5.719831192,5.746656802,0.9953319624045298
KT2440,1,10,15.25,5.613192747,0.02496641,5.588226337,5.360872641,1.0424098297469702
KT2440,1,10,15.5,5.898181666,0.02496641,5.873215256,5.692075979,1.0318230602803413
KT2440,1,10,15.75,5.93337368,0.02496641,5.90840727,5.700309583,1.0365063833761956
KT2440,1,10,16.0,5.968034495,0.02496641,5.943068085,5.700309583,1.0425868978632278
KT2440,1,10,16.25,6.045058527,0.02496641,6.020092117,5.6887559780000005,1.0582440414532401
KT2440,1,10,16.5,6.072016938,0.02496641,6.047050528,5.700309583,1.0608284409734663
KT2440,1,10,16.75,6.09910815,0.02496641,6.07414174,5.711995988,1.0634009114783713
KT2440,1,10,17.0,6.122348159,0.02496641,6.097381749,5.7044263850000005,1.0688860434825296
KT2440,1,10,17.25,6.187818587,0.02496641,6.1628521769999995,5.712128788,1.078906377241857
KT2440,1,10,17.5,6.2186282,0.02496641,6.19366179,5.715979989,1.0835695369681604
KT2440,1,10,17.75,6.245586611,0.02496641,6.220620201,5.7275335940000005,1.0860905656697575
KT2440,1,10,18.0,6.257140216,0.02496641,6.232173806,5.742938401,1.0851890392755754
KT2440,1,10,18.25,6.260725817,0.02496641,6.235759407,5.742672801,1.0858636079551904
KT2440,1,10,18.5,6.260460217,0.02496641,6.235493807,5.742407201,1.0858675793514143
KT2440,1,10,18.75,6.256874616,0.02496641,6.231908206,5.754226405,1.083014078240809
KT2440,1,10,19.0,6.253156214,0.02496641,6.228189803999999,5.750508004,1.0830677567386617
KT2440,1,10,19.25,6.241602609,0.02496641,6.216636199,5.754359206,1.080335094916909
KT2440,1,10,19.5,6.230049004,0.02496641,6.205082593999999,5.754359206,1.078327294467477
KT2440,1,10,19.75,6.222213801,0.02496641,6.197247390999999,5.76578001,1.074832439019816
KT2440,1,10,20.0,6.199239392,0.02496641,6.174272982,5.762061609,1.0715388694137096
KT2440,1,10,20.25,6.17214818,0.02496641,6.1471817699999995,5.76578001,1.066149204329424
KT2440,1,10,20.5,6.137620166,0.02496641,6.112653755999999,5.769764012,1.0594287293703615
KT2440,1,10,20.75,6.083570543,0.02496641,6.058604133,5.7619288090000005,1.0514888909312103
KT2440,1,10,21.0,6.045058527,0.02496641,6.020092117,5.76578001,1.0441071470917946
KT2440,1,10,21.25,5.987157703,0.02496641,5.962191293,5.7772008150000005,1.032020780292021
KT2440,1,10,21.5,5.976002498,0.02496641,5.9510360879999995,5.773748014000001,1.0307058904493436
KT2440,1,10,21.75,5.964316093,0.02496641,5.939349683,5.746656802,1.0335313013529774
KT2440,1,10,22.0,5.937224882,0.02496641,5.9122584719999995,5.731119196,1.0316062656882838
KT2440,1,10,22.25,5.948911287,0.02496641,5.923944876999999,5.708144786,1.0378056442312533
KT2440,1,10,22.5,5.960597692,0.02496641,5.935631282,5.696723981,1.0419376648397949
KT2440,1,10,22.75,5.9799865,0.02496641,5.95502009,5.673749572,1.049574009996506
KT2440,1,10,23.0,5.987688903,0.02496641,5.962722492999999,5.66989837,1.0516453918379491
KT2440,1,10,23.25,5.983704901,0.02496641,5.958738491,5.6582119650000005,1.0531133382522546
KT2440,1,10,23.5,6.002695309,0.02496641,5.977728899,5.650243962,1.0579594331151818
KT2440,1,10,23.75,5.9794553,0.02496641,5.9544888899999995,5.630855154,1.057475059675456
KT2440,1,10,24.0,5.964183293,0.02496641,5.939216882999999,5.630987954,1.0547379840834232
KT2440,1,10,24.25,5.960464892,0.02496641,5.935498482,5.619567149,1.0562198697200762
KT2440,1,10,24.5,5.967901695,0.02496641,5.942935285,5.607747944000001,1.0597721838333751
KT2440,1,10,24.75,5.968167295,0.02496641,5.9432008849999995,5.6041623430000005,1.060497630377086
KT2440,1,10,25.0,5.968034495,0.02496641,5.943068085,5.584773535,1.064155609489723
KT2440,1,10,25.25,5.952629689,0.02496641,5.927663279,5.569368728000001,1.0643330633144603
KT2440,1,10,25.5,5.944661685,0.02496641,5.919695275,5.54984712,1.0666411429005274
KT2440,1,10,25.75,5.93324088,0.02496641,5.908274469999999,5.538426315000001,1.0667785637949756
KT2440,1,10,26.0,5.887292061,0.02496641,5.862325651,5.504031101,1.0650967524392991
KT2440,1,10,26.25,5.848647245,0.02496641,5.823680835,5.457683881,1.067060856213046
KT2440,1,10,26.5,5.791012021,0.02496641,5.766045611,5.3692390450000005,1.0739036877803976
KT2440,1,10,26.75,5.76392081,0.02496641,5.7389544,5.334445430000001,1.0758296200248127
KT2440,1,10,27.0,5.744399201,0.02496641,5.719432791,5.268709402,1.0855472098781735
KT2440,1,10,27.25,5.686896777,0.02496641,5.661930367,5.176546164,1.0937660338809643
KT2440,1,10,27.5,5.710003987,0.02496641,5.685037577,5.080266124,1.1190432623485926
KT2440,1,10,27.75,5.706285586,0.02496641,5.681319176,4.984118884,1.1398843623570356
KT2440,1,10,28.0,5.663789568,0.02496641,5.638823158,4.899259648,1.1509541365707996
KT2440,1,10,28.25,5.671359171,0.02496641,5.6463927609999995,4.795144404,1.1775229868551835
KT2440,1,10,28.5,5.690216779,0.02496641,5.665250369,4.7177219720000005,1.2008444759194468
KT2440,1,10,28.75,5.659672766,0.02496641,5.634706356,4.698731564,1.1991973321419558
KT2440,1,10,29.0,5.636565556,0.02496641,5.611599146,4.6871779590000004,1.1972234028846693
KT2440,1,10,29.25,5.563392726,0.02496641,5.538426316,4.679475556,1.183557056708771
KT2440,1,10,29.5,5.547987919,0.02496641,5.523021508999999,4.6640707500000005,1.1841633210645441
KT2440,1,10,29.75,5.517311107,0.02496641,5.492344697,4.64109634,1.183415360216375
KT2440,1,10,30.0,5.494071097,0.02496641,5.469104687,4.625558734,1.18236628297454
KT2440,1,10,30.25,5.459808682,0.02496641,5.434842272,4.6144035290000005,1.177799522266272
KT2440,1,10,30.5,5.432584671,0.02496641,5.407618261,4.606435526,1.173926831381423
KT2440,1,10,30.75,5.374949447,0.02496641,5.349983036999999,4.591163519,1.1652782600444773
KT2440,1,10,31.0,5.328602228,0.02496641,5.303635818,4.571774711,1.1600824960248135
KT2440,1,10,31.25,5.220768583,0.02496641,5.195802173,4.571774711,1.1364956721289323
KT2440,1,10,31.5,5.089960528,0.02496641,5.0649941179999995,4.548800302,1.1134791113544908
KT2440,1,10,31.75,4.943614867,0.02496641,4.918648457,4.5449491,1.082223001573329
KT2440,1,10,32.0,4.758757189,0.02496641,4.733790779,4.533395495000001,1.0442042359244896
KT2440,1,10,32.25,4.458363464,0.02496641,4.433397053999999,4.506437084,0.9837920670723824
KT2440,1,10,32.5,4.127292925,0.02496641,4.102326515,4.4988674810000004,0.9118576024577949
KT2440,1,10,32.75,3.930616043,0.02496641,3.905649633,4.487048276,0.8704273706815807
KT2440,1,10,33.0,3.907376033,0.02496641,3.8824096229999996,4.471510669000001,0.8682545811454485
KT2440,1,10,33.25,3.904056032,0.02496641,3.879089622,4.460488265,0.8696558294835015
KT2440,1,10,33.5,3.876964821,0.02496641,3.851998411,4.441099456,0.8673524313435236
KT2440,1,10,33.75,3.880816022,0.02496641,3.8558496119999996,4.421843448000001,0.8720004806465955
KT2440,1,10,34.0,3.869129617,0.02496641,3.844163207,4.410157044,0.8716612965585812
KT2440,1,10,34.25,3.85000641,0.02496641,3.82504,4.406438642,0.8680570208198533
KT2440,1,10,34.5,3.830750401,0.02496641,3.8057839909999998,4.3794802310000005,0.8690035781097694
KT2440,1,10,34.75,3.80379199,0.02496641,3.77882558,4.371777828,0.8643681652342192
KT2440,1,10,35.0,3.795956787,0.02496641,3.770990377,4.344686616000001,0.8679545178500855
KT2440,1,10,35.25,3.784270382,0.02496641,3.7593039719999997,4.336851413,0.866827938981547
KT2440,1,10,35.5,3.769131176,0.02496641,3.744164766,4.325563408,0.8655900776012853
KT2440,1,10,35.75,3.753726369,0.02496641,3.7287599589999996,4.302456199,0.8666584356783593
KT2440,1,10,36.0,3.722916756,0.02496641,3.697950346,4.287051392,0.8625859612741492
KT2440,1,10,36.25,3.699676747,0.02496641,3.6747103369999996,4.275364987000001,0.8595079831017007
KT2440,1,10,36.5,3.695825545,0.02496641,3.6708591349999997,4.248406576,0.8640555157167236
KT2440,1,10,36.75,3.676967937,0.02496641,3.652001527,4.2526561780000005,0.8587577678846153
KT2440,1,10,37.0,3.661828731,0.02496641,3.6368623209999997,4.237516971,0.858253157660333
KT2440,1,10,37.25,3.642307123,0.02496641,3.617340713,4.206441758,0.8599526443270915
KT2440,1,10,37.5,3.622918315,0.02496641,3.597951905,4.194755354,0.8577262799293158
KT2440,1,10,37.75,3.603662307,0.02496641,3.578695897,4.183201749,0.8554920636700086
KT2440,1,10,38.0,3.591577501,0.02496641,3.566611091,4.148009734,0.859836721636777
KT2440,1,10,38.25,3.556252687,0.02496641,3.531286277,4.1319409270000005,0.8546313559143484
KT2440,1,10,38.5,3.552932685,0.02496641,3.527966275,4.128620926,0.8545144585163108
KT2440,1,10,38.75,3.529427075,0.02496641,3.504460665,4.108966518,0.8528812901366163
KT2440,1,10,39.0,3.506054266,0.02496641,3.481087856,4.085593708,0.8520396556279403
KT2440,1,10,39.25,3.490649459,0.02496641,3.465683049,4.070188901,0.8514796569143315
KT2440,1,10,39.5,3.513358269,0.02496641,3.4883918589999996,4.058236896,0.8595831018239304
KT2440,1,10,39.75,3.448020641,0.02496641,3.4230542309999996,4.031411285,0.8490957605185152
KT2440,1,10,40.0,3.42026543,0.02496641,3.39529902,4.011358477,0.8464212409505878
KT2440,2,10,0.0,0.029348812,0.02496641,0.03,0.03,1.0
KT2440,2,10,0.25,0.02509921,0.02496641,0.03,0.03,1.0
KT2440,2,10,0.5,0.02509921,0.02496641,0.03,0.03,1.0
KT2440,2,10,0.75,0.051924822,0.02496641,0.03,0.03,1.0
KT2440,2,10,1.0,0.055908823,0.02496641,0.030942413000000002,0.03,1.0314137666666667
KT2440,2,10,1.25,0.055776023,0.02496641,0.030809613,0.03,1.0269871
KT2440,2,10,1.5,0.055776023,0.02496641,0.030809613,0.034528013999999996,0.892307707011472
KT2440,2,10,1.75,0.079148833,0.02496641,0.054182423,0.034793614,1.557251942842155
KT2440,2,10,2.0,0.083000035,0.02496641,0.058033625,0.034793614,1.6679389786872958
KT2440,2,10,2.25,0.086718436,0.02496641,0.061752025999999995,0.038512015999999996,1.6034482848158351
KT2440,2,10,2.5,0.098670441,0.02496641,0.073704031,0.046612819,1.5811966017330985
KT2440,2,10,2.75,0.113544047,0.02496641,0.08857763699999999,0.053784022,1.6469135945244107
KT2440,2,10,3.0,0.125230452,0.02496641,0.100264042,0.065470427,1.531440172216992
KT2440,2,10,3.25,0.136651257,0.02496641,0.111684847,0.076891232,1.4525043245502947
KT2440,2,10,3.5,0.159758467,0.02496641,0.134792057,0.099998442,1.347941570929675
KT2440,2,10,3.75,0.198536083,0.02496641,0.173569673,0.123371251,1.4068891382158393
KT2440,2,10,4.0,0.260022509,0.02496641,0.23505609900000002,0.16560166899999998,1.4194065821884927
KT2440,2,10,4.25,0.352451347,0.02496641,0.32748493700000003,0.231072096,1.4172413833992314
KT2440,2,10,4.5,0.533590623,0.02496641,0.508624213,0.381401759,1.3335654621351656
KT2440,2,10,4.75,0.768381121,0.02496641,0.743414711,0.743281911,1.0001786670683555
KT2440,2,10,5.0,0.907157179,0.02496641,0.882190769,1.001445219,0.8809176500746767
KT2440,2,10,5.25,1.049651639,0.02496641,1.024685229,1.1169812669999999,0.9173701110960529
KT2440,2,10,5.5,1.207285305,0.02496641,1.182318895,1.186037296,0.996864853228022
KT2440,2,10,5.75,1.319235752,0.02496641,1.294269342,1.039957235,1.2445409276853583
KT2440,2,10,6.0,1.373019774,0.02496641,1.348053364,1.193872499,1.1291434932366258
KT2440,2,10,6.25,1.404094987,0.02496641,1.379128577,1.286566938,1.0719446740516194
KT2440,2,10,6.5,1.423218195,0.02496641,1.398251785,1.255624525,1.1135906930457575
KT2440,2,10,6.75,1.477135018,0.02496641,1.452168608,1.548315847,0.9379020506789401
KT2440,2,10,7.0,1.581117461,0.02496641,1.556151051,1.694661508,0.9182665940389082
KT2440,2,10,7.25,1.74658633,0.02496641,1.72161992,1.875535184,0.9179352830525198
KT2440,2,10,7.5,1.916172001,0.02496641,1.891205591,2.068228065,0.9144086297852263
KT2440,2,10,7.75,2.066501664,0.02496641,2.041535254,2.187748114,0.9331674158170477
KT2440,2,10,8.0,2.24750814,0.02496641,2.2225417299999997,2.341796179,0.9490756496789038
KT2440,2,10,8.25,2.424663414,0.02496641,2.3996970039999996,2.4650346300000003,0.9734942360627199
KT2440,2,10,8.5,2.609255491,0.02496641,2.5842890809999997,2.6881387240000003,0.9613674539662631
KT2440,2,10,8.75,2.771005958,0.02496641,2.7460395479999997,2.8768476030000003,0.9545307666406824
KT2440,2,10,9.0,2.929170825,0.02496641,2.9042044149999997,3.1004828960000004,0.9366942222925262
KT2440,2,10,9.25,3.044574073,0.02496641,3.019607663,3.3198685880000003,0.9095563824166644
KT2440,2,10,9.5,3.264225365,0.02496641,3.239258955,3.5125614680000004,0.9221928169827546
KT2440,2,10,9.75,3.383479814,0.02496641,3.358513404,3.654923128,0.9189012426200609
KT2440,2,10,10.0,3.525841474,0.02496641,3.5008750639999997,3.858904013,0.9072200428427707
KT2440,2,10,10.25,3.672187135,0.02496641,3.647220725,4.005249674,0.9106100797350692
KT2440,2,10,10.5,3.876699221,0.02496641,3.8517328109999998,4.190505752,0.919157027564438
KT2440,2,10,10.75,3.992235269,0.02496641,3.967268859,4.359958623,0.9099326856157643
KT2440,2,10,11.0,4.153852937,0.02496641,4.128886527,4.494617879000001,0.9186290443713155
KT2440,2,10,11.25,4.311619402,0.02496641,4.286652992,4.66393795,0.9191059224962458
KT2440,2,10,11.5,4.523435491,0.02496641,4.498469081,4.844944425,0.9284872408004967
KT2440,2,10,11.75,4.642955541,0.02496641,4.617989131,5.4651206850000005,0.844993074658881
KT2440,2,10,12.0,4.720112373,0.02496641,4.695145963,5.869629654000001,0.7999049752313384
KT2440,2,10,12.25,4.85477163,0.02496641,4.82980522,5.854092047,0.825030624941248
KT2440,2,10,12.5,5.009085294,0.02496641,4.984118884,5.7619288090000005,0.8650087582156379
KT2440,2,10,12.75,5.112536537,0.02496641,5.087570127,5.730587996000001,0.8877919910751162
KT2440,2,10,13.0,5.197661373,0.02496641,5.172694963,5.442146275,0.9504880430653253
KT2440,2,10,13.25,5.290223012,0.02496641,5.265256602,5.5000470990000006,0.9573111842910056
KT2440,2,10,13.5,5.359411841,0.02496641,5.334445431,5.515319106000001,0.9672052203102388
KT2440,2,10,13.75,5.417312665,0.02496641,5.392346255,5.557815123,0.9702277128083592
KT2440,2,10,14.0,5.486368694,0.02496641,5.461402284,5.592210338,0.9766088816239372
KT2440,2,10,14.25,5.540551116,0.02496641,5.515584705999999,5.630987954,0.9795056837374295
KT2440,2,10,14.5,5.594335139,0.02496641,5.569368729,5.665515968,0.9830293940493576
KT2440,2,10,14.75,5.667242369,0.02496641,5.642275959,5.703762384,0.9892200234055192
KT2440,2,10,15.0,5.721690392,0.02496641,5.696723982,5.735103197,0.9933080166682832
KT2440,2,10,15.25,5.69406798,0.02496641,5.66910157,5.487962294,1.033006654618972
KT2440,2,10,15.5,5.890479263,0.02496641,5.865512852999999,5.695927181,1.0297731460763209
KT2440,2,10,15.75,5.944927285,0.02496641,5.919960875,5.673351172,1.0434680835935393
KT2440,2,10,16.0,5.994992906,0.02496641,5.970026496,5.66949997,1.053007589309503
KT2440,2,10,16.25,6.033504922,0.02496641,6.008538511999999,5.66949997,1.0598004310422457
KT2440,2,10,16.5,6.07586814,0.02496641,6.05090173,5.677202373,1.0658245615441264
KT2440,2,10,16.75,6.110661755,0.02496641,6.0856953449999995,5.688888778,1.0697511557150712
KT2440,2,10,17.0,6.157008974,0.02496641,6.132042564,5.69287278,1.077143790309679
KT2440,2,10,17.25,6.19552099,0.02496641,6.17055458,5.696723981,1.0831759798404037
KT2440,2,10,17.5,6.226330603,0.02496641,6.201364193,5.7044263850000005,1.087114422110296
KT2440,2,10,17.75,6.272545022,0.02496641,6.247578612,5.712128788,1.0937391021583527
KT2440,2,10,18.0,6.29180103,0.02496641,6.26683462,5.715979989,1.0963709866129834
KT2440,2,10,18.25,6.310791438,0.02496641,6.285825028,5.727267994,1.0975259119330814
KT2440,2,10,18.5,6.337484249,0.02496641,6.312517839,5.730853596,1.1014969643276156
KT2440,2,10,18.75,6.349303454,0.02496641,6.324337044,5.742672801,1.1012880697118441
KT2440,2,10,19.0,6.376394666,0.02496641,6.351428256,5.746656802,1.105238832740024
KT2440,2,10,19.25,6.384097069,0.02496641,6.359130659,5.746656802,1.106579160388844
KT2440,2,10,19.5,6.364841061,0.02496641,6.339874651,5.754359206,1.1017516328124755
KT2440,2,10,19.75,6.349303454,0.02496641,6.324337044,5.754226405,1.0990768521906986
KT2440,2,10,20.0,6.326329045,0.02496641,6.301362634999999,5.762061609,1.0935951509365403
KT2440,2,10,20.25,6.279981825,0.02496641,6.255015415,5.7619288090000005,1.0855766571134668
KT2440,2,10,20.5,6.241602609,0.02496641,6.216636199,5.769764012,1.0774506870767315
KT2440,2,10,20.75,6.191404188,0.02496641,6.166437778,5.769631212,1.0687750310929232
KT2440,2,10,21.0,6.145189769,0.02496641,6.120223359,5.777333615,1.0593508644039071
KT2440,2,10,21.25,6.106544953,0.02496641,6.081578543,5.781052017,1.0519847469139283
KT2440,2,10,21.5,6.09924095,0.02496641,6.07427454,5.793004022,1.048553482257534
KT2440,2,10,21.75,6.07600094,0.02496641,6.05103453,5.7928712220000005,1.044565690847667
KT2440,2,10,22.0,6.056612132,0.02496641,6.0316457219999995,5.796589623,1.0405507573051802
KT2440,2,10,22.25,6.025935319,0.02496641,6.000968909,5.796722423,1.0352348225593138
KT2440,2,10,22.5,6.022216918,0.02496641,5.997250508,5.796855223000001,1.0345696549751489
KT2440,2,10,22.75,6.022349718,0.02496641,5.997383308,5.793136822,1.0352566307815059
KT2440,2,10,23.0,6.033903322,0.02496641,6.008936911999999,5.800839225,1.0358737208407978
KT2440,2,10,23.25,6.037621724,0.02496641,6.012655314,5.793004022,1.0379166475917907
KT2440,2,10,23.5,6.045058527,0.02496641,6.020092117,5.792738422,1.0392480513424434
KT2440,2,10,23.75,6.056479332,0.02496641,6.031512922,5.804159226,1.0391708233953263
KT2440,2,10,24.0,6.068165737,0.02496641,6.043199327,5.800440825,1.0418517332258104
KT2440,2,10,24.25,6.079852142,0.02496641,6.054885732,5.804424826,1.043149995651266
KT2440,2,10,24.5,6.091140146,0.02496641,6.066173736,5.8003080250000005,1.045836481416864
KT2440,2,10,24.75,6.110661755,0.02496641,6.0856953449999995,5.808276028,1.0477627639703488
KT2440,2,10,25.0,6.114380156,0.02496641,6.089413746,5.8081432280000005,1.0484269252597018
KT2440,2,10,25.25,6.122082559,0.02496641,6.097116149,5.800440825,1.0511470305362522
KT2440,2,10,25.5,6.129519362,0.02496641,6.104552952,5.800175225,1.0524773330447097
KT2440,2,10,25.75,6.129652163,0.02496641,6.104685753,5.796456823000001,1.053175403425238
KT2440,2,10,26.0,6.126066561,0.02496641,6.101100151,5.796722423,1.0525085911984162
KT2440,2,10,26.25,6.129784963,0.02496641,6.104818552999999,5.796589623,1.0531741851755372
KT2440,2,10,26.5,6.133768964,0.02496641,6.1088025539999995,5.804424826,1.052438912919776
KT2440,2,10,26.75,6.122082559,0.02496641,6.097116149,5.800440825,1.0511470305362522
KT2440,2,10,27.0,6.121816959,0.02496641,6.096850549,5.7924728210000005,1.0525471137122147
KT2440,2,10,27.25,6.122082559,0.02496641,6.097116149,5.792738422,1.05254470421865
KT2440,2,10,27.5,6.129784963,0.02496641,6.104818552999999,5.7850360180000004,1.0552775356981363
KT2440,2,10,27.75,6.126066561,0.02496641,6.101100151,5.777466415,1.056016549946487
KT2440,2,10,28.0,6.122082559,0.02496641,6.097116149,5.777333615,1.0553512321271756
KT2440,2,10,28.25,6.114247356,0.02496641,6.089280946,5.761796009,1.0568373015095405
KT2440,2,10,28.5,6.106146553,0.02496641,6.081180143,5.745992802,1.0583341038790255
KT2440,2,10,28.75,6.110263354,0.02496641,6.0852969439999995,5.7462584020000005,1.0590016177974169
KT2440,2,10,29.0,6.110263354,0.02496641,6.0852969439999995,5.734704797,1.0611351690122577
KT2440,2,10,29.25,6.110263354,0.02496641,6.0852969439999995,5.730853596,1.0618482643226819
KT2440,2,10,29.5,6.110263354,0.02496641,6.0852969439999995,5.703895184,1.0668668949369668
KT2440,2,10,29.75,6.110396154,0.02496641,6.085429744,5.69247438,1.0690306776576128
KT2440,2,10,30.0,6.102560951,0.02496641,6.077594541,5.673085572000001,1.0713031671858588
KT2440,2,10,30.25,6.102959351,0.02496641,6.077992941,5.661930367,1.0734842265855085
KT2440,2,10,30.5,6.106544953,0.02496641,6.081578543,5.661664767,1.0741678981856255
KT2440,2,10,30.75,6.110528955,0.02496641,6.085562545,5.650243962,1.0770442101133473
KT2440,2,10,31.0,6.114247356,0.02496641,6.089280946,5.642408759,1.0791988326416817
KT2440,2,10,31.25,6.121949759,0.02496641,6.096983348999999,5.630855154,1.0827810665079665
KT2440,2,10,31.5,6.125933761,0.02496641,6.1009673509999995,5.607880744,1.0879274416681497
KT2440,2,10,31.75,6.129784963,0.02496641,6.104818552999999,5.5963271390000005,1.0908616314540291
KT2440,2,10,32.0,6.122082559,0.02496641,6.097116149,5.592475938000001,1.0902355623152613
KT2440,2,10,32.25,6.122082559,0.02496641,6.097116149,5.584773535,1.0917391924290445
KT2440,2,10,32.5,6.133768964,0.02496641,6.1088025539999995,5.5810551330000004,1.094560510230315
KT2440,2,10,32.75,6.137354566,0.02496641,6.112388156,5.569235928,1.097527243417582
KT2440,2,10,33.0,6.121816959,0.02496641,6.096850549,5.553698322,1.0978000956314817
KT2440,2,10,33.25,6.133901764,0.02496641,6.108935354,5.5388247150000005,1.102929893675106
KT2440,2,10,33.5,6.145322569,0.02496641,6.120356159,5.527138311,1.107328207586083
KT2440,2,10,33.75,6.149173771,0.02496641,6.124207361,5.500179899,1.113455827529106
KT2440,2,10,34.0,6.164445777,0.02496641,6.139479367,5.457683881,1.1249239605785075
KT2440,2,10,34.25,6.17228098,0.02496641,6.14731457,5.419304665,1.1343364047608864
KT2440,2,10,34.5,6.164578577,0.02496641,6.139612167,5.361536641,1.145121739922471
KT2440,2,10,34.75,6.168429779,0.02496641,6.143463369,5.2960662140000005,1.1600050151865415
KT2440,2,10,35.0,6.156743374,0.02496641,6.131776964,5.257421398,1.1663088232441512
KT2440,2,10,35.25,6.183568985,0.02496641,6.158602575,5.195669372,1.1853338105363953
KT2440,2,10,35.5,6.183834585,0.02496641,6.158868174999999,5.138166948,1.1986508490926517
KT2440,2,10,35.75,6.19538819,0.02496641,6.17042178,5.068845319,1.2173229585189478
KT2440,2,10,36.0,6.168429779,0.02496641,6.143463369,4.984118884,1.2326077110082032
KT2440,2,10,36.25,6.145189769,0.02496641,6.120223359,4.895408446,1.2501966743961448
KT2440,2,10,36.5,6.129784963,0.02496641,6.104818552999999,4.868450035,1.25395526484026
KT2440,2,10,36.75,6.126332161,0.02496641,6.1013657509999994,4.811080411,1.2681903501446175
KT2440,2,10,37.0,6.115044156,0.02496641,6.0900777459999995,4.7150659710000005,1.2916208985106477
KT2440,2,10,37.25,6.107076153,0.02496641,6.082109743,4.5607523070000004,1.3335759834325946
KT2440,2,10,37.5,6.091538547,0.02496641,6.066572137,4.552917103,1.3324582898736776
KT2440,2,10,37.75,6.087687345,0.02496641,6.062720935,4.541363498,1.3350001464692267
KT2440,2,10,38.0,6.071751338,0.02496641,6.046784928,4.525427492,1.336179828024963
KT2440,2,10,38.25,6.040277725,0.02496641,6.015311315,4.517061088,1.331686952602931
KT2440,2,10,38.5,6.044660127,0.02496641,6.019693717,4.4906338770000005,1.3404997784013286
KT2440,2,10,38.75,6.025005719,0.02496641,6.000039309,4.490235477000001,1.3362415712346392
KT2440,2,10,39.0,6.020888917,0.02496641,5.9959225069999995,4.4784162720000005,1.3388488570139776
KT2440,2,10,39.25,6.009335312,0.02496641,5.984368902,4.466862667,1.3397252944915756
KT2440,2,10,39.5,6.012788114,0.02496641,5.987821704,4.4549106620000005,1.344094676258179
KT2440,2,10,39.75,6.024474519,0.02496641,5.999508109,4.435787454000001,1.3525238012903218
KT2440,2,10,40.0,6.035231323,0.02496641,6.010264912999999,4.415734646000001,1.3611019218386247
KT2440,3,10,0.0,0.029348812,0.02496641,0.03,0.03,1.0
KT2440,3,10,0.25,0.028950412,0.02496641,0.03,0.03,1.0
KT2440,3,10,0.5,0.028950412,0.02496641,0.03,0.03,1.0
KT2440,3,10,0.75,0.02496641,0.02496641,0.03,0.03,1.0
KT2440,3,10,1.0,0.044355219,0.02496641,0.03,0.03,1.0
KT2440,3,10,1.25,0.04807362,0.02496641,0.03,0.03,1.0
KT2440,3,10,1.5,0.04807362,0.02496641,0.03,0.03,1.0
KT2440,3,10,1.75,0.059892825,0.02496641,0.034926414999999995,0.03,1.1642138333333332
KT2440,3,10,2.0,0.067595228,0.02496641,0.04262881799999999,0.03,1.4209605999999997
KT2440,3,10,2.25,0.090569638,0.02496641,0.06560322799999999,0.034660814,1.8927203498452168
KT2440,3,10,2.5,0.110224046,0.02496641,0.085257636,0.038910416,2.1911263040724105
KT2440,3,10,2.75,0.140502459,0.02496641,0.115536049,0.053784022,2.148148180513536
KT2440,3,10,3.0,0.16759367,0.02496641,0.14262726,0.069321629,2.0574712691763204
KT2440,3,10,3.25,0.205972886,0.02496641,0.181006476,0.09614724,1.8825966923231494
KT2440,3,10,3.5,0.259889709,0.02496641,0.23492329900000003,0.13080805499999998,1.7959390880018824
KT2440,3,10,3.75,0.356435349,0.02496641,0.331468939,0.169585671,1.95458105065964
KT2440,3,10,4.0,0.518053017,0.02496641,0.49308660699999995,0.254179306,1.9399164108190616
KT2440,3,10,4.25,0.675952283,0.02496641,0.650985873,0.408227371,1.5946649324501074
KT2440,3,10,4.5,0.826281945,0.02496641,0.801315535,0.677944283,1.1819784532352196
KT2440,3,10,4.75,0.972494807,0.02496641,0.947528397,0.88577637,1.0697151437896226
KT2440,3,10,5.0,1.103568461,0.02496641,1.078602051,1.0630644439999999,1.0146158655645905
KT2440,3,10,5.25,1.207550905,0.02496641,1.182584495,1.170898089,1.0099807200214843
KT2440,3,10,5.5,1.29201174,0.02496641,1.26704533,1.247656521,1.0155401816715228
KT2440,3,10,5.75,1.326938155,0.02496641,1.301971745,1.201707702,1.0834346345897015
KT2440,3,10,6.0,1.403829387,0.02496641,1.378862977,1.120699668,1.2303590483440743
KT2440,3,10,6.25,1.469565414,0.02496641,1.444599004,1.159477285,1.2459053943432796
KT2440,3,10,6.5,1.561861453,0.02496641,1.536895043,1.398118984,1.0992591192796506
KT2440,3,10,6.75,1.6735463,0.02496641,1.64857989,1.609935073,1.0240039599410604
KT2440,3,10,7.0,1.789082348,0.02496641,1.764115938,1.825602363,0.9663199247294139
KT2440,3,10,7.25,1.896783193,0.02496641,1.871816783,2.03343445,0.9205198539839826
KT2440,3,10,7.5,2.185756114,0.02496641,2.160789704,2.195317718,0.9842719740669446
KT2440,3,10,7.75,2.228252132,0.02496641,2.203285722,2.3263913720000002,0.9470830009594791
KT2440,3,10,8.0,2.401556204,0.02496641,2.3765897939999996,2.484290638,0.9566472447496296
KT2440,3,10,8.25,2.586413881,0.02496641,2.5614474709999997,2.634487501,0.9722754311902122
KT2440,3,10,8.5,2.747898749,0.02496641,2.7229323389999998,2.819079578,0.9658941025466857
KT2440,3,10,8.75,2.874988402,0.02496641,2.850021992,3.034746869,0.9391300543425982
KT2440,3,10,9.0,3.021599663,0.02496641,2.9966332529999997,3.246828557,0.9229416337796488
KT2440,3,10,9.25,3.160110121,0.02496641,3.135143711,3.4354046360000003,0.9125980905266496
KT2440,3,10,9.5,3.306588582,0.02496641,3.2816221719999996,3.6435023230000003,0.9006779414642901
KT2440,3,10,9.75,3.395033419,0.02496641,3.370067009,3.782012781,0.8910776362074911
KT2440,3,10,10.0,3.614419111,0.02496641,3.589452701,3.978291263,0.9022599060012565
KT2440,3,10,10.25,3.714550353,0.02496641,3.6895839429999997,4.143892932,0.8903666198777164
KT2440,3,10,10.5,3.872848019,0.02496641,3.847881609,4.313744203000001,0.8920050489604794
KT2440,3,10,10.75,4.023044882,0.02496641,3.9980784719999996,4.479345872000001,0.8925585534690765
KT2440,3,10,11.0,4.153852937,0.02496641,4.128886527,4.621707532,0.89336819744915
KT2440,3,10,11.25,4.330875411,0.02496641,4.305909001,4.814134812,0.8944304987610305
KT2440,3,10,11.5,4.407899443,0.02496641,4.382933033,5.3378982310000005,0.8210971515991046
KT2440,3,10,11.75,4.550526702,0.02496641,4.525560292,5.834836039,0.7756105333125368
KT2440,3,10,12.0,4.654641946,0.02496641,4.629675536,5.88503446,0.7866862237540746
KT2440,3,10,12.25,4.785450001,0.02496641,4.760483591,5.723151192,0.8317941342619696
KT2440,3,10,12.5,4.916656455,0.02496641,4.891690045,5.496195898,0.8900137723948354
KT2440,3,10,12.75,4.993149287,0.02496641,4.968182876999999,5.4494502780000005,0.9116851468591377
KT2440,3,10,13.0,5.07057172,0.02496641,5.04560531,5.499914299,0.9173970785176411
KT2440,3,10,13.25,5.159282157,0.02496641,5.134315747,5.511600704,0.9315471172056805
KT2440,3,10,13.5,5.236173389,0.02496641,5.211206979,5.561533525000001,0.9370090022068148
KT2440,3,10,13.75,5.328735028,0.02496641,5.303768617999999,5.604029543,0.9464205313879801
KT2440,3,10,14.0,5.413195863,0.02496641,5.388229453,5.634573555,0.9562799030671275
KT2440,3,10,14.25,5.482783092,0.02496641,5.457816682,5.673351172,0.9620093162814001
KT2440,3,10,14.5,5.548120719,0.02496641,5.523154309,5.700176783,0.9689443887901958
KT2440,3,10,14.75,5.613325547,0.02496641,5.588359136999999,5.726869594,0.9758139320746684
KT2440,3,10,15.0,5.660071166,0.02496641,5.635104756,5.750508004,0.9799316429227248
KT2440,3,10,15.25,5.678663174,0.02496641,5.653696764,5.360872641,1.0546224733563858
KT2440,3,10,15.5,5.85966965,0.02496641,5.83470324,5.715183189,1.0209127244127607
KT2440,3,10,15.75,5.856349648,0.02496641,5.831383238,5.711863188000001,1.0209248796874368
KT2440,3,10,16.0,5.887159261,0.02496641,5.862192851,5.715714389,1.025627323555897
KT2440,3,10,16.25,5.960332092,0.02496641,5.935365682,5.711863188000001,1.039129525103044
KT2440,3,10,16.5,5.998844108,0.02496641,5.973877698,5.708011986,1.0465776373021092
KT2440,3,10,16.75,6.025935319,0.02496641,6.000968909,5.715847189,1.049882670157577
KT2440,3,10,17.0,6.110794555,0.02496641,6.085828145,5.712128788,1.0654220818313944
KT2440,3,10,17.25,6.103092151,0.02496641,6.078125741,5.715979989,1.0633567214540505
KT2440,3,10,17.5,6.141604168,0.02496641,6.1166377579999995,5.719831191,1.0693738248122364
KT2440,3,10,17.75,6.183967385,0.02496641,6.159000975,5.723682393,1.0760556844545375
KT2440,3,10,18.0,6.199372192,0.02496641,6.174405782,5.723682393,1.0787470998655044
KT2440,3,10,18.25,6.253023414,0.02496641,6.228057004,5.727267994,1.0874394232162066
KT2440,3,10,18.5,6.295121032,0.02496641,6.270154622,5.730853596,1.0941048339424373
KT2440,3,10,18.75,6.31464264,0.02496641,6.2896762299999995,5.738821599,1.0959874116135595
KT2440,3,10,19.0,6.33788265,0.02496641,6.31291624,5.738954399,1.1000115702435294
KT2440,3,10,19.25,6.376394666,0.02496641,6.351428256,5.742805601000001,1.1059800204440178
KT2440,3,10,19.5,6.403353077,0.02496641,6.378386667,5.750508004,1.1091866427389117
KT2440,3,10,19.75,6.43402989,0.02496641,6.4090634799999995,5.754226405,1.1138010618475134
KT2440,3,10,20.0,6.438013891,0.02496641,6.4130474809999996,5.762061609,1.1129779436900151
KT2440,3,10,20.25,6.445583495,0.02496641,6.420617085,5.7619288090000005,1.1143173228678465
KT2440,3,10,20.5,6.422609085,0.02496641,6.397642675,5.7659128100000006,1.1095628542811766
KT2440,3,10,20.75,6.391666672,0.02496641,6.366700262,5.76578001,1.104221848727801
KT2440,3,10,21.0,6.360857059,0.02496641,6.3358906489999995,5.769631212,1.0981448235066154
KT2440,3,10,21.25,6.322212243,0.02496641,6.297245833,5.773349613000001,1.0907438930807738
KT2440,3,10,21.5,6.276396224,0.02496641,6.251429814,5.793004022,1.0791343817920795
KT2440,3,10,21.75,6.237751408,0.02496641,6.212784998,5.7928712220000005,1.072488021899272
KT2440,3,10,22.0,6.187552987,0.02496641,6.162586577,5.796589623,1.063140049201996
KT2440,3,10,22.25,6.129917763,0.02496641,6.104951353,5.7928712220000005,1.0538731345890773
KT2440,3,10,22.5,6.09924095,0.02496641,6.07427454,5.785301618,1.0499494997980587
KT2440,3,10,22.75,6.072415339,0.02496641,6.047448929,5.7815832170000006,1.0459849321580732
KT2440,3,10,23.0,6.064712935,0.02496641,6.039746525,5.777732015,1.0453490243783832
KT2440,3,10,23.25,6.037621724,0.02496641,6.012655314,5.78915282,1.0386071159199421
KT2440,3,10,23.5,6.021951317,0.02496641,5.996984907,5.792738422,1.0352590554105292
KT2440,3,10,23.75,6.010264913,0.02496641,5.985298503,5.796456823000001,1.0325788124998512
KT2440,3,10,24.0,6.006546511,0.02496641,5.981580101,5.796589623,1.031913675114413
KT2440,3,10,24.25,5.998976908,0.02496641,5.974010498,5.796722423,1.030584192594174
KT2440,3,10,24.5,5.994860106,0.02496641,5.969893696,5.796456823000001,1.0299211877697099
KT2440,3,10,24.75,6.010530513,0.02496641,5.985564103,5.804424826,1.0312071018972655
KT2440,3,10,25.0,6.006546511,0.02496641,5.981580101,5.800440825,1.031228536151819
KT2440,3,10,25.25,6.006546511,0.02496641,5.981580101,5.8081432280000005,1.029860984171997
KT2440,3,10,25.5,6.017834516,0.02496641,5.9928681059999995,5.811728829000001,1.031167881766288
KT2440,3,10,25.75,6.029520921,0.02496641,6.004554510999999,5.808010428,1.0338401739178142
KT2440,3,10,26.0,6.045191327,0.02496641,6.020224917,5.808276028,1.0364908430622541
KT2440,3,10,26.25,6.056612132,0.02496641,6.0316457219999995,5.804292026000001,1.0391699271817443
KT2440,3,10,26.5,6.072149738,0.02496641,6.047183328,5.808276028,1.041132222168557
KT2440,3,10,26.75,6.07586814,0.02496641,6.05090173,5.81199443,1.0411059065657087
KT2440,3,10,27.0,6.083304943,0.02496641,6.058338533,5.811728829000001,1.0424331057515002
KT2440,3,10,27.25,6.091272946,0.02496641,6.066306536,5.804292026000001,1.045141510597041
KT2440,3,10,27.5,6.09897535,0.02496641,6.07400894,5.804292026000001,1.046468529286917
KT2440,3,10,27.75,6.102959351,0.02496641,6.077992941,5.796722423,1.0485223368440044
KT2440,3,10,28.0,6.102826551,0.02496641,6.0778601409999995,5.796589623,1.0485234484918442
KT2440,3,10,28.25,6.102693751,0.02496641,6.077727341,5.796456823000001,1.048524560190621
KT2440,3,10,28.5,6.102295351,0.02496641,6.077328941,5.780653616,1.0513221072750054
KT2440,3,10,28.75,6.106412153,0.02496641,6.081445743,5.773216813,1.0533894603275484
KT2440,3,10,29.0,6.106412153,0.02496641,6.081445743,5.765514410000001,1.0547967294040634
KT2440,3,10,29.25,6.106412153,0.02496641,6.081445743,5.753960805,1.0569146973881758
KT2440,3,10,29.5,6.110263354,0.02496641,6.0852969439999995,5.734704797,1.0611351690122577
KT2440,3,10,29.75,6.106544953,0.02496641,6.081578543,5.742540001,1.0590398224376252
KT2440,3,10,30.0,6.09870975,0.02496641,6.07374334,5.742407201,1.0576998682612233
KT2440,3,10,30.25,6.106810553,0.02496641,6.081844143,5.742805601000001,1.0590370918947634
KT2440,3,10,30.5,6.114247356,0.02496641,6.089280946,5.738688799,1.0610927268021735
KT2440,3,10,30.75,6.110528955,0.02496641,6.085562545,5.7349703970000006,1.0611323378728157
KT2440,3,10,31.0,6.114247356,0.02496641,6.089280946,5.715581589,1.065382560143872
KT2440,3,10,31.25,6.121949759,0.02496641,6.096983348999999,5.696325581,1.0703361776469356
KT2440,3,10,31.5,6.122082559,0.02496641,6.097116149,5.673351172,1.0746939443994636
KT2440,3,10,31.75,6.133636164,0.02496641,6.108669754,5.673351172,1.076730413613113
KT2440,3,10,32.0,6.137487366,0.02496641,6.112520956,5.677202373,1.0766783627566838
KT2440,3,10,32.25,6.137487366,0.02496641,6.112520956,5.657946365,1.0803426829586074
KT2440,3,10,32.5,6.145322569,0.02496641,6.120356159,5.6503767620000005,1.0831766476459963
KT2440,3,10,32.75,6.160461775,0.02496641,6.135495365,5.64625996,1.0866476939542118
KT2440,3,10,33.0,6.144924169,0.02496641,6.119957759,5.6268711520000005,1.0876306909613058
KT2440,3,10,33.25,6.153157772,0.02496641,6.128191362,5.619699949,1.090483730023786
KT2440,3,10,33.5,6.17228098,0.02496641,6.14731457,5.611864746,1.0954138861564073
KT2440,3,10,33.75,6.176132182,0.02496641,6.151165772,5.588757536,1.1006320693601834
KT2440,3,10,34.0,6.187552987,0.02496641,6.162586577,5.565517527,1.107280059240392
KT2440,3,10,34.25,6.19538819,0.02496641,6.17042178,5.523287109,1.1171647713090123
KT2440,3,10,34.5,6.199239392,0.02496641,6.174272982,5.496328698,1.1233449309985208
KT2440,3,10,34.75,6.206941795,0.02496641,6.181975384999999,5.488626294,1.126324703825791
KT2440,3,10,35.0,6.202957793,0.02496641,6.177991383,5.476939890000001,1.1280005819088876
KT2440,3,10,35.25,6.222081001,0.02496641,6.197114591,5.43059267,1.1411488519907718
KT2440,3,10,35.5,6.222346601,0.02496641,6.197380191,5.388495053000001,1.1501133674697648
KT2440,3,10,35.75,6.237751408,0.02496641,6.212784998,5.346131835,1.162108453316883
KT2440,3,10,36.0,6.237751408,0.02496641,6.212784998,5.338429432,1.163785168866123
KT2440,3,10,36.25,6.229916204,0.02496641,6.204949794,5.280528607,1.1750622439152332
KT2440,3,10,36.5,6.237618608,0.02496641,6.212652198,5.176546164,1.2001539252572575
KT2440,3,10,36.75,6.257273016,0.02496641,6.232306606,5.115325338,1.21835977072706
KT2440,3,10,37.0,6.261389818,0.02496641,6.236423407999999,5.069376519,1.230215073712894
KT2440,3,10,37.25,6.257273016,0.02496641,6.232306606,5.007491693,1.2445964942312684
KT2440,3,10,37.5,6.264842619,0.02496641,6.239876209,4.938037264,1.263634896903443
KT2440,3,10,37.75,6.272545022,0.02496641,6.247578612,4.884120442,1.2791614552080286
KT2440,3,10,38.0,6.275865024,0.02496641,6.250898614,4.8258212170000006,1.2953025677743417
KT2440,3,10,38.25,6.279052225,0.02496641,6.254085815,4.798198806,1.3034236528881333
KT2440,3,10,38.5,6.279583425,0.02496641,6.254617015,4.721705974,1.3246519477157093
KT2440,3,10,38.75,6.29073863,0.02496641,6.26577222,4.625027533,1.3547534961236738
KT2440,3,10,39.0,6.282770627,0.02496641,6.2578042169999994,4.513077087,1.3865936912590564
KT2440,3,10,39.25,6.286621828,0.02496641,6.261655418,4.505374683,1.38981901807788
KT2440,3,10,39.5,6.297777033,0.02496641,6.272810623,4.485720275,1.3983954055182364
KT2440,3,10,39.75,6.297909833,0.02496641,6.272943423,4.47429947,1.4019945390468018
KT2440,3,10,40.0,6.300964234,0.02496641,6.275997824,4.458097864,1.407774798906927
KT2440,1,15,0.0,0.022399658,0.017919727,0.03,0.03,1.0
KT2440,1,15,0.25,0.044799317,0.017919727,0.03,0.03,1.0
KT2440,1,15,0.5,0.040319385,0.017919727,0.03,0.03,1.0
KT2440,1,15,0.75,0.040319385,0.017919727,0.03,0.03,1.0
KT2440,1,15,1.0,0.044799317,0.017919727,0.03,0.030809612999999996,0.9737220652528158
KT2440,1,15,1.25,0.049279249,0.017919727,0.031359522,0.03,1.0453174
KT2440,1,15,1.5,0.05375918,0.017919727,0.03583945299999999,0.034528013999999996,1.0379818833484022
KT2440,1,15,1.75,0.049279249,0.017919727,0.031359522,0.030942413,1.0134801704055854
KT2440,1,15,2.0,0.058239112,0.017919727,0.040319385,0.038644816,1.0433323062011732
KT2440,1,15,2.25,0.067198975,0.017919727,0.049279248,0.04236321800000001,1.1632555392746602
KT2440,1,15,2.5,0.076158839,0.017919727,0.05823911200000001,0.054315222999999996,1.0722428958820627
KT2440,1,15,2.75,0.085118702,0.017919727,0.06719897500000001,0.06918882900000001,0.9712402416869925
KT2440,1,15,3.0,0.089598634,0.017919727,0.071678907,0.084726435,0.846004048205262
KT2440,1,15,3.25,0.098558497,0.017919727,0.08063877,0.103849643,0.7764953992186568
KT2440,1,15,3.5,0.10751836,0.017919727,0.089598633,0.13851045799999998,0.646872693179601
KT2440,1,15,3.75,0.120958155,0.017919727,0.103038428,0.173436872,0.5940975918892265
KT2440,1,15,4.0,0.13439795,0.017919727,0.11647822299999999,0.234923298,0.4958138421843541
KT2440,1,15,4.25,0.152317677,0.017919727,0.13439795000000002,0.377417758,0.3560986391106696
KT2440,1,15,4.5,0.179197267,0.017919727,0.16127754,0.639432267,0.2522198961848761
KT2440,1,15,4.75,0.201596926,0.017919727,0.183677199,0.870371564,0.21103308816279298
KT2440,1,15,5.0,0.232956447,0.017919727,0.21503672000000001,1.009147622,0.21308747631374791
KT2440,1,15,5.25,0.273275833,0.017919727,0.255356106,1.082320452,0.23593391913470005
KT2440,1,15,5.5,0.318075149,0.017919727,0.300155422,1.155227683,0.25982360569868723
KT2440,1,15,5.75,0.37183433,0.017919727,0.353914603,1.0707668479999999,0.3305244308422967
KT2440,1,15,6.0,0.439033305,0.017919727,0.421113578,1.224682112,0.34385541674344305
KT2440,1,15,6.25,0.515192143,0.017919727,0.49727241600000005,1.5253414379999999,0.32600728178735816
KT2440,1,15,6.5,0.609270709,0.017919727,0.591350982,1.617637476,0.3655645908144131
KT2440,1,15,6.75,0.716789069,0.017919727,0.698869342,1.667703097,0.41906100867545487
KT2440,1,15,7.0,0.833267293,0.017919727,0.815347566,1.829453565,0.44567819681173493
KT2440,1,15,7.25,0.967665243,0.017919727,0.949745516,2.05654166,0.46181681337785296
KT2440,1,15,7.5,1.111023057,0.017919727,1.09310333,2.2145737260000002,0.49359536653330627
KT2440,1,15,7.75,1.267820666,0.017919727,1.249900939,2.3610521870000003,0.5293830207913146
KT2440,1,15,8.0,1.433578138,0.017919727,1.415658411,2.5343562590000004,0.558586980805369
KT2440,1,15,8.25,1.608295474,0.017919727,1.590375747,2.765428356,0.57509200827765
KT2440,1,15,8.5,1.765093083,0.017919727,1.747173356,2.938466828,0.5945867209905423
KT2440,1,15,8.75,1.903970965,0.017919727,1.886051238,3.1117709010000003,0.606102215749205
KT2440,1,15,9.0,2.033888984,0.017919727,2.0159692569999996,3.308447783,0.6093399047610115
KT2440,1,15,9.25,2.145887276,0.017919727,2.1279675489999996,3.5162798700000004,0.6051758186699739
KT2440,1,15,9.5,2.253405636,0.017919727,2.235485909,3.7012703470000003,0.6039780127955078
KT2440,1,15,9.75,2.356444065,0.017919727,2.3385243379999996,3.8359296030000003,0.6096369276879036
KT2440,1,15,10.0,2.441562767,0.017919727,2.42364304,4.039910489,0.599924935614087
KT2440,1,15,10.25,2.508761742,0.017919727,2.4908420149999997,4.197809755000001,0.5933670557683478
KT2440,1,15,10.5,2.580440649,0.017919727,2.5625209219999996,4.352256219,0.5887798863525502
KT2440,1,15,10.75,2.638679761,0.017919727,2.620760034,4.517857889,0.5800890816820466
KT2440,1,15,11.0,2.687959009,0.017919727,2.670039282,4.748797185,0.56225590986152
KT2440,1,15,11.25,2.710358668,0.017919727,2.692438941,5.206957377,0.5170848820259125
KT2440,1,15,11.5,2.732758326,0.017919727,2.7148385989999997,5.7422744,0.4727810637192816
KT2440,1,15,11.75,2.750678053,0.017919727,2.732758326,5.696192781000001,0.4797517273494118
KT2440,1,15,12.0,2.76859778,0.017919727,2.7506780529999997,5.673218372,0.48485319489478657
KT2440,1,15,12.25,2.782037575,0.017919727,2.7641178479999997,5.542144717,0.49874515898535304
KT2440,1,15,12.5,2.790997438,0.017919727,2.773077711,5.423023067,0.5113527412182036
KT2440,1,15,12.75,2.799957301,0.017919727,2.782037574,5.457152681,0.509796543476992
KT2440,1,15,13.0,2.813397096,0.017919727,2.795477369,5.4960630980000005,0.5086326920113535
KT2440,1,15,13.25,2.835796755,0.017919727,2.817877028,5.546261519000001,0.5080678252092352
KT2440,1,15,13.5,2.840276686,0.017919727,2.822356959,5.600045541,0.5039882155129781
KT2440,1,15,13.75,2.858196413,0.017919727,2.8402766859999997,5.650243962,0.5026821328604429
KT2440,1,15,14.0,2.867156277,0.017919727,2.8492365499999996,5.676936773,0.5018968263925738
KT2440,1,15,14.25,2.885076003,0.017919727,2.867156276,5.6887559780000005,0.504004089310227
KT2440,1,15,14.5,2.894035867,0.017919727,2.8761161399999997,5.711730388,0.5035455010345982
KT2440,1,15,14.75,2.889555935,0.017919727,2.871636208,5.730720796,0.5010951170408408
KT2440,1,15,15.0,2.907475662,0.017919727,2.8895559349999997,5.746656802,0.5028238216686878
KT2440,1,15,15.25,2.934355252,0.017919727,2.916435525,5.360872641,0.5440225351923259
KT2440,1,15,15.5,2.92987532,0.017919727,2.9119555929999996,5.692075979,0.5115805909378568
KT2440,1,15,15.75,2.952274979,0.017919727,2.9343552519999996,5.700309583,0.5147712083482465
KT2440,1,15,16.0,2.952274979,0.017919727,2.9343552519999996,5.700309583,0.5147712083482465
KT2440,1,15,16.25,2.970194705,0.017919727,2.9522749779999997,5.6887559780000005,0.5189667107215122
KT2440,1,15,16.5,2.974674637,0.017919727,2.95675491,5.700309583,0.5187007594846976
KT2440,1,15,16.75,2.965714774,0.017919727,2.9477950469999996,5.711995988,0.5160709239279668
KT2440,1,15,17.0,2.974674637,0.017919727,2.95675491,5.7044263850000005,0.5183264206502683
KT2440,1,15,17.25,2.992594364,0.017919727,2.9746746369999997,5.712128788,0.5207646303859912
KT2440,1,15,17.5,2.997074295,0.017919727,2.979154568,5.715979989,0.5211975153400069
KT2440,1,15,17.75,3.01051409,0.017919727,2.992594363,5.7275335940000005,0.5224926774999549
KT2440,1,15,18.0,3.001554227,0.017919727,2.9836345,5.742938401,0.5195309947048133
KT2440,1,15,18.25,3.019473954,0.017919727,3.0015542269999997,5.742672801,0.5226754737754385
KT2440,1,15,18.5,3.032913749,0.017919727,3.0149940219999998,5.742407201,0.5250400949404911
KT2440,1,15,18.75,3.041873612,0.017919727,3.0239538849999996,5.754226405,0.525518753028627
KT2440,1,15,19.0,3.050833476,0.017919727,3.032913749,5.750508004,0.5274166642130284
KT2440,1,15,19.25,3.050833476,0.017919727,3.032913749,5.754359206,0.5270636817106616
KT2440,1,15,19.5,3.073233134,0.017919727,3.055313407,5.754359206,0.5309563233060358
KT2440,1,15,19.75,3.077713066,0.017919727,3.0597933389999996,5.76578001,0.5306815961922209
KT2440,1,15,20.0,3.082192997,0.017919727,3.0642732699999997,5.762061609,0.5318015456852779
KT2440,1,15,20.25,3.100112724,0.017919727,3.082192997,5.76578001,0.5345665272789344
KT2440,1,15,20.5,3.104592656,0.017919727,3.0866729289999997,5.769764012,0.5349738607298865
KT2440,1,15,20.75,3.113552519,0.017919727,3.095632792,5.7619288090000005,0.5372563415161764
KT2440,1,15,21.0,3.122512382,0.017919727,3.104592655,5.76578001,0.5384514583656479
KT2440,1,15,21.25,3.131472246,0.017919727,3.1135525189999997,5.7772008150000005,0.5389379075963451
KT2440,1,15,21.5,3.131472246,0.017919727,3.1135525189999997,5.773748014000001,0.5392602017702117
KT2440,1,15,21.75,3.140432109,0.017919727,3.1225123819999996,5.746656802,0.5433615560465133
KT2440,1,15,22.0,3.153871904,0.017919727,3.1359521769999996,5.731119196,0.5471797165183231
KT2440,1,15,22.25,3.158351836,0.017919727,3.140432109,5.708144786,0.5501668627436248
KT2440,1,15,22.5,3.158351836,0.017919727,3.140432109,5.696723981,0.5512698385026423
KT2440,1,15,22.75,3.140432109,0.017919727,3.1225123819999996,5.673749572,0.5503437087547225
KT2440,1,15,23.0,3.041873612,0.017919727,3.0239538849999996,5.66989837,0.5333347597551381
KT2440,1,15,23.25,3.041873612,0.017919727,3.0239538849999996,5.6582119650000005,0.5344363031475792
KT2440,1,15,23.5,3.046353544,0.017919727,3.028433817,5.650243962,0.5359828420449361
KT2440,1,15,23.75,3.059793339,0.017919727,3.041873612,5.630855154,0.5402152122203213
KT2440,1,15,24.0,3.064273271,0.017919727,3.0463535439999996,5.630987954,0.5409980573366362
KT2440,1,15,24.25,3.077713066,0.017919727,3.0597933389999996,5.619567149,0.5444891497638726
KT2440,1,15,24.5,3.073233134,0.017919727,3.055313407,5.607747944000001,0.5448378631691224
KT2440,1,15,24.75,3.077713066,0.017919727,3.0597933389999996,5.6041623430000005,0.5459858497536033
KT2440,1,15,25.0,3.077713066,0.017919727,3.0597933389999996,5.584773535,0.5478813634651704
KT2440,1,15,25.25,3.077713066,0.017919727,3.0597933389999996,5.569368728000001,0.5493967967351289
KT2440,1,15,25.5,3.077713066,0.017919727,3.0597933389999996,5.54984712,0.551329302022287
KT2440,1,15,25.75,3.077713066,0.017919727,3.0597933389999996,5.538426315000001,0.5524661997782667
KT2440,1,15,26.0,3.077713066,0.017919727,3.0597933389999996,5.504031101,0.5559186136219472
KT2440,1,15,26.25,3.082192997,0.017919727,3.0642732699999997,5.457683881,0.5614603807794267
KT2440,1,15,26.5,3.086672929,0.017919727,3.068753202,5.3692390450000005,0.571543411697737
KT2440,1,15,26.75,3.077713066,0.017919727,3.0597933389999996,5.334445430000001,0.5735916468077918
KT2440,1,15,27.0,3.086672929,0.017919727,3.068753202,5.268709402,0.5824487493721142
KT2440,1,15,27.25,3.086672929,0.017919727,3.068753202,5.176546164,0.5928186680419218
KT2440,1,15,27.5,3.091152861,0.017919727,3.0732331339999996,5.080266124,0.6049354618415654
KT2440,1,15,27.75,3.086672929,0.017919727,3.068753202,4.984118884,0.6157062609102885
KT2440,1,15,28.0,3.086672929,0.017919727,3.068753202,4.899259648,0.6263708034443003
KT2440,1,15,28.25,3.086672929,0.017919727,3.068753202,4.795144404,0.6399709671809083
KT2440,1,15,28.5,3.082192997,0.017919727,3.0642732699999997,4.7177219720000005,0.6495239202705605
KT2440,1,15,28.75,3.082192997,0.017919727,3.0642732699999997,4.698731564,0.6521490381526294
KT2440,1,15,29.0,3.086672929,0.017919727,3.068753202,4.6871779590000004,0.6547123298588629
KT2440,1,15,29.25,3.086672929,0.017919727,3.068753202,4.679475556,0.6557899844279046
KT2440,1,15,29.5,3.086672929,0.017919727,3.068753202,4.6640707500000005,0.6579559716155677
KT2440,1,15,29.75,3.086672929,0.017919727,3.068753202,4.64109634,0.6612129930489656
KT2440,1,15,30.0,3.077713066,0.017919727,3.0597933389999996,4.625558734,0.6614970244587104
KT2440,1,15,30.25,3.077713066,0.017919727,3.0597933389999996,4.6144035290000005,0.6630961769533614
KT2440,1,15,30.5,3.073233134,0.017919727,3.055313407,4.606435526,0.6632706329557775
KT2440,1,15,30.75,3.077713066,0.017919727,3.0597933389999996,4.591163519,0.6664527034023943
KT2440,1,15,31.0,3.073233134,0.017919727,3.055313407,4.571774711,0.668299205481125
KT2440,1,15,31.25,3.073233134,0.017919727,3.055313407,4.571774711,0.668299205481125
KT2440,1,15,31.5,3.073233134,0.017919727,3.055313407,4.548800302,0.6716745524433444
KT2440,1,15,31.75,3.068753202,0.017919727,3.0508334749999997,4.5449491,0.6712580070478676
KT2440,1,15,32.0,3.064273271,0.017919727,3.0463535439999996,4.533395495000001,0.6719805380668644
KT2440,1,15,32.25,3.064273271,0.017919727,3.0463535439999996,4.506437084,0.6760004605003822
KT2440,1,15,32.5,3.055313407,0.017919727,3.0373936799999997,4.4988674810000004,0.6751462879997642
KT2440,1,15,32.75,3.050833476,0.017919727,3.032913749,4.487048276,0.6759262576295936
KT2440,1,15,33.0,3.050833476,0.017919727,3.032913749,4.471510669000001,0.6782749664507173
KT2440,1,15,33.25,3.046353544,0.017919727,3.028433817,4.460488265,0.6789467065216008
KT2440,1,15,33.5,3.03739368,0.017919727,3.019473953,4.441099456,0.6798933423840892
KT2440,1,15,33.75,3.03739368,0.017919727,3.019473953,4.421843448000001,0.682854105648111
KT2440,1,15,34.0,3.032913749,0.017919727,3.0149940219999998,4.410157044,0.6836477685305756
KT2440,1,15,34.25,3.032913749,0.017919727,3.0149940219999998,4.406438642,0.6842246691608419
KT2440,1,15,34.5,3.028433817,0.017919727,3.0105140899999996,4.3794802310000005,0.6874135585063677
KT2440,1,15,34.75,3.028433817,0.017919727,3.0105140899999996,4.371777828,0.6886246759198303
KT2440,1,15,35.0,3.023953885,0.017919727,3.006034158,4.344686616000001,0.6918874532698861
KT2440,1,15,35.25,3.023953885,0.017919727,3.006034158,4.336851413,0.6931374565864103
KT2440,1,15,35.5,3.014994022,0.017919727,2.997074295,4.325563408,0.6928748956626092
KT2440,1,15,35.75,3.014994022,0.017919727,2.997074295,4.302456199,0.6965961200712738
KT2440,1,15,36.0,3.01051409,0.017919727,2.992594363,4.287051392,0.6980542310699688
KT2440,1,15,36.25,3.006034159,0.017919727,2.9881144319999997,4.275364987000001,0.69891446486695
KT2440,1,15,36.5,3.001554227,0.017919727,2.9836345,4.248406576,0.7022949537963431
KT2440,1,15,36.75,2.992594364,0.017919727,2.9746746369999997,4.2526561780000005,0.6994862769270409
KT2440,1,15,37.0,2.992594364,0.017919727,2.9746746369999997,4.237516971,0.7019853035061744
KT2440,1,15,37.25,2.988114432,0.017919727,2.970194705,4.206441758,0.70610622371061
KT2440,1,15,37.5,2.9836345,0.017919727,2.9657147729999997,4.194755354,0.7070054205120635
KT2440,1,15,37.75,2.974674637,0.017919727,2.95675491,4.183201749,0.7068162348867865
KT2440,1,15,38.0,2.965714774,0.017919727,2.9477950469999996,4.148009734,0.7106528759655025
KT2440,1,15,38.25,2.961234842,0.017919727,2.943315115,4.1319409270000005,0.7123323317056705
KT2440,1,15,38.5,2.95675491,0.017919727,2.9388351829999997,4.128620926,0.7118200570298615
KT2440,1,15,38.75,2.952274979,0.017919727,2.9343552519999996,4.108966518,0.7141346222086689
KT2440,1,15,39.0,2.943315115,0.017919727,2.9253953879999997,4.085593708,0.7160269956045271
KT2440,1,15,39.25,2.934355252,0.017919727,2.916435525,4.070188901,0.7165356684755994
KT2440,1,15,39.5,2.925395388,0.017919727,2.907475661,4.058236896,0.716438132004012
KT2440,1,15,39.75,2.920915457,0.017919727,2.9029957299999998,4.031411285,0.7200941617644948
KT2440,1,15,40.0,2.911955593,0.017919727,2.894035866,4.011358477,0.7214602939611572
KT2440,2,15,0.0,0.017919727,0.017919727,0.03,0.03,1.0
KT2440,2,15,0.25,0.040319385,0.017919727,0.03,0.03,1.0
KT2440,2,15,0.5,0.040319385,0.017919727,0.03,0.03,1.0
KT2440,2,15,0.75,0.035839453,0.017919727,0.03,0.03,1.0
KT2440,2,15,1.0,0.040319385,0.017919727,0.03,0.03,1.0
KT2440,2,15,1.25,0.040319385,0.017919727,0.03,0.03,1.0
KT2440,2,15,1.5,0.044799317,0.017919727,0.03,0.034528013999999996,0.8688597033122148
KT2440,2,15,1.75,0.049279249,0.017919727,0.031359522,0.034793614,0.9013010835839014
KT2440,2,15,2.0,0.058239112,0.017919727,0.040319385,0.034793614,1.158815666576056
KT2440,2,15,2.25,0.062719044,0.017919727,0.044799317000000005,0.038512015999999996,1.1632555667820663
KT2440,2,15,2.5,0.071678907,0.017919727,0.053759180000000004,0.046612819,1.1533132119728695
KT2440,2,15,2.75,0.076158839,0.017919727,0.05823911200000001,0.053784022,1.0828329647790196
KT2440,2,15,3.0,0.085118702,0.017919727,0.06719897500000001,0.065470427,1.0264019661884902
KT2440,2,15,3.25,0.089598634,0.017919727,0.071678907,0.076891232,0.9322117117332701
KT2440,2,15,3.5,0.098558497,0.017919727,0.08063877,0.099998442,0.8064002637161086
KT2440,2,15,3.75,0.10751836,0.017919727,0.089598633,0.123371251,0.726252123357329
KT2440,2,15,4.0,0.120958155,0.017919727,0.103038428,0.16560166899999998,0.6222064585593036
KT2440,2,15,4.25,0.138877882,0.017919727,0.12095815500000001,0.231072096,0.5234650011570415
KT2440,2,15,4.5,0.161277541,0.017919727,0.143357814,0.381401759,0.3758708779316353
KT2440,2,15,4.75,0.188157131,0.017919727,0.170237404,0.743281911,0.2290347733216933
KT2440,2,15,5.0,0.219516652,0.017919727,0.201596925,1.001445219,0.20130599375301425
KT2440,2,15,5.25,0.255356106,0.017919727,0.23743637900000003,1.1169812669999999,0.2125697055221966
KT2440,2,15,5.5,0.300155423,0.017919727,0.282235696,1.186037296,0.2379652789603338
KT2440,2,15,5.75,0.353914603,0.017919727,0.335994876,1.039957235,0.3230852814827525
KT2440,2,15,6.0,0.416633646,0.017919727,0.398713919,1.193872499,0.33396691802011264
KT2440,2,15,6.25,0.492792485,0.017919727,0.474872758,1.286566938,0.3691007004565199
KT2440,2,15,6.5,0.577911187,0.017919727,0.55999146,1.255624525,0.44598639868076806
KT2440,2,15,6.75,0.680949616,0.017919727,0.663029889,1.548315847,0.4282265083604741
KT2440,2,15,7.0,0.797427839,0.017919727,0.779508112,1.694661508,0.4599786496124275
KT2440,2,15,7.25,0.922865927,0.017919727,0.9049462,1.875535184,0.4825002525785728
KT2440,2,15,7.5,1.06622374,0.017919727,1.048304013,2.068228065,0.5068609360544578
KT2440,2,15,7.75,1.223021349,0.017919727,1.205101622,2.187748114,0.5508411202771581
KT2440,2,15,8.0,1.397738685,0.017919727,1.379818958,2.341796179,0.5892139420046427
KT2440,2,15,8.25,1.576935952,0.017919727,1.559016225,2.4650346300000003,0.6324520580873136
KT2440,2,15,8.5,1.733733561,0.017919727,1.715813834,2.6881387240000003,0.6382906576513422
KT2440,2,15,8.75,1.881571306,0.017919727,1.8636515790000001,2.8768476030000003,0.6478103244177998
KT2440,2,15,9.0,2.011489325,0.017919727,1.9935695979999999,3.1004828960000004,0.6429868071750845
KT2440,2,15,9.25,2.136927412,0.017919727,2.1190076849999997,3.3198685880000003,0.6382805911834483
KT2440,2,15,9.5,2.244445773,0.017919727,2.2265260459999996,3.5125614680000004,0.6338753261071756
KT2440,2,15,9.75,2.351964133,0.017919727,2.334044406,3.654923128,0.6386028718686638
KT2440,2,15,10.0,2.446042698,0.017919727,2.4281229709999996,3.858904013,0.6292260607727118
KT2440,2,15,10.25,2.513241674,0.017919727,2.495321947,4.005249674,0.6230128331819945
KT2440,2,15,10.5,2.589400512,0.017919727,2.571480785,4.190505752,0.6136444947659864
KT2440,2,15,10.75,2.652119556,0.017919727,2.634199829,4.359958623,0.6041800064578273
KT2440,2,15,11.0,2.696918873,0.017919727,2.6789991459999998,4.494617879000001,0.5960460306352107
KT2440,2,15,11.25,2.737238258,0.017919727,2.719318531,4.66393795,0.5830520388891537
KT2440,2,15,11.5,2.759637916,0.017919727,2.7417181889999998,4.844944425,0.5658925982417228
KT2440,2,15,11.75,2.790997438,0.017919727,2.773077711,5.4651206850000005,0.5074138103868789
KT2440,2,15,12.0,2.82235696,0.017919727,2.804437233,5.869629654000001,0.4777877648701138
KT2440,2,15,12.25,2.844756618,0.017919727,2.8268368909999997,5.854092047,0.48288220757455397
KT2440,2,15,12.5,2.858196413,0.017919727,2.8402766859999997,5.7619288090000005,0.49293852460716847
KT2440,2,15,12.75,2.871636208,0.017919727,2.8537164809999997,5.730587996000001,0.49797969824246974
KT2440,2,15,13.0,2.880596072,0.017919727,2.8626763449999997,5.442146275,0.5260197356602657
KT2440,2,15,13.25,2.90299573,0.017919727,2.885076003,5.5000470990000006,0.5245547812717012
KT2440,2,15,13.5,2.907475662,0.017919727,2.8895559349999997,5.515319106000001,0.5239145513550634
KT2440,2,15,13.75,2.92987532,0.017919727,2.9119555929999996,5.557815123,0.5239389091856267
KT2440,2,15,14.0,2.947795047,0.017919727,2.92987532,5.592210338,0.5239208010634023
KT2440,2,15,14.25,2.95675491,0.017919727,2.9388351829999997,5.630987954,0.5219040081434348
KT2440,2,15,14.5,2.974674637,0.017919727,2.95675491,5.665515968,0.5218862547913306
KT2440,2,15,14.75,2.974674637,0.017919727,2.95675491,5.703762384,0.51838676139353
KT2440,2,15,15.0,2.988114432,0.017919727,2.970194705,5.735103197,0.5178973425541309
KT2440,2,15,15.25,3.014994022,0.017919727,2.997074295,5.487962294,0.5461178729811441
KT2440,2,15,15.5,3.023953885,0.017919727,3.006034158,5.695927181,0.5277515077838913
KT2440,2,15,15.75,3.041873612,0.017919727,3.0239538849999996,5.673351172,0.5330101721755361
KT2440,2,15,16.0,3.046353544,0.017919727,3.028433817,5.66949997,0.5341624187361976
KT2440,2,15,16.25,3.068753202,0.017919727,3.0508334749999997,5.66949997,0.5381133241279477
KT2440,2,15,16.5,3.073233134,0.017919727,3.055313407,5.677202373,0.5381723613607036
KT2440,2,15,16.75,3.073233134,0.017919727,3.055313407,5.688888778,0.5370668202928259
KT2440,2,15,17.0,3.082192997,0.017919727,3.0642732699999997,5.69287278,0.5382648424474364
KT2440,2,15,17.25,3.109072587,0.017919727,3.09115286,5.696723981,0.5426193844584656
KT2440,2,15,17.5,3.109072587,0.017919727,3.09115286,5.7044263850000005,0.5418867124183249
KT2440,2,15,17.75,3.122512382,0.017919727,3.104592655,5.712128788,0.5435088686239193
KT2440,2,15,18.0,3.122512382,0.017919727,3.104592655,5.715979989,0.5431426738677478
KT2440,2,15,18.25,3.144912041,0.017919727,3.1269923139999998,5.727267994,0.5459832362089393
KT2440,2,15,18.5,3.158351836,0.017919727,3.140432109,5.730853596,0.5479867974976619
KT2440,2,15,18.75,3.167311699,0.017919727,3.1493919719999997,5.742672801,0.5484191910518705
KT2440,2,15,19.0,3.180751494,0.017919727,3.1628317669999997,5.746656802,0.5503777023710976
KT2440,2,15,19.25,3.180751494,0.017919727,3.1628317669999997,5.746656802,0.5503777023710976
KT2440,2,15,19.5,3.198671221,0.017919727,3.180751494,5.754359206,0.5527551166224501
KT2440,2,15,19.75,3.203151153,0.017919727,3.1852314259999996,5.754226405,0.5535464199379203
KT2440,2,15,20.0,3.212111016,0.017919727,3.194191289,5.762061609,0.5543486872842286
KT2440,2,15,20.25,3.234510674,0.017919727,3.216590947,5.7619288090000005,0.5582489915487603
KT2440,2,15,20.5,3.234510674,0.017919727,3.216590947,5.769764012,0.5574909026279253
KT2440,2,15,20.75,3.256910333,0.017919727,3.2389906059999998,5.769631212,0.5613860725211287
KT2440,2,15,21.0,3.265870196,0.017919727,3.2479504689999996,5.777333615,0.562188491342645
KT2440,2,15,21.25,3.279309991,0.017919727,3.2613902639999997,5.781052017,0.5641516897632854
KT2440,2,15,21.5,3.27483006,0.017919727,3.256910333,5.793004022,0.5622144090753749
KT2440,2,15,21.75,3.288269855,0.017919727,3.2703501279999996,5.7928712220000005,0.5645473553045608
KT2440,2,15,22.0,3.315149445,0.017919727,3.2972297179999996,5.796589623,0.568822347698565
KT2440,2,15,22.25,3.324109308,0.017919727,3.306189581,5.796722423,0.570354993691234
KT2440,2,15,22.5,3.32858924,0.017919727,3.3106695129999997,5.796855223000001,0.5711147485388905
KT2440,2,15,22.75,3.337549103,0.017919727,3.319629376,5.793136822,0.5730279601533637
KT2440,2,15,23.0,3.350988898,0.017919727,3.333069171,5.800839225,0.5745839596166363
KT2440,2,15,23.25,3.359948762,0.017919727,3.342029035,5.793004022,0.5769077705294229
KT2440,2,15,23.5,3.364428693,0.017919727,3.3465089659999996,5.792738422,0.5777075921968844
KT2440,2,15,23.75,3.30170965,0.017919727,3.2837899229999996,5.804159226,0.5657649618380748
KT2440,2,15,24.0,3.256910333,0.017919727,3.2389906059999998,5.800440825,0.5584042150796358
KT2440,2,15,24.25,3.279309991,0.017919727,3.2613902639999997,5.804424826,0.5618800073680202
KT2440,2,15,24.5,3.288269855,0.017919727,3.2703501279999996,5.8003080250000005,0.563823526941054
KT2440,2,15,24.75,3.30170965,0.017919727,3.2837899229999996,5.808276028,0.5653639577681585
KT2440,2,15,25.0,3.310669513,0.017919727,3.292749786,5.8081432280000005,0.5669195225982467
KT2440,2,15,25.25,3.324109308,0.017919727,3.306189581,5.800440825,0.5699893647307401
KT2440,2,15,25.5,3.333069171,0.017919727,3.315149444,5.800175225,0.5715602228206821
KT2440,2,15,25.75,3.350988898,0.017919727,3.333069171,5.796456823000001,0.5750183729092188
KT2440,2,15,26.0,3.35546883,0.017919727,3.3375491029999997,5.796722423,0.5757648649446121
KT2440,2,15,26.25,3.359948762,0.017919727,3.342029035,5.796589623,0.5765509122362792
KT2440,2,15,26.5,3.377868488,0.017919727,3.3599487609999996,5.804424826,0.5788598977024635
KT2440,2,15,26.75,3.373388557,0.017919727,3.35546883,5.800440825,0.5784851412564838
KT2440,2,15,27.0,3.395788215,0.017919727,3.377868488,5.7924728210000005,0.5831479218605727
KT2440,2,15,27.25,3.404748078,0.017919727,3.3868283509999997,5.792738422,0.5846679246101127
KT2440,2,15,27.5,3.422667805,0.017919727,3.404748078,5.7850360180000004,0.5885439723117035
KT2440,2,15,27.75,3.427147737,0.017919727,3.4092280099999996,5.777466415,0.5900904938449564
KT2440,2,15,28.0,3.440587532,0.017919727,3.4226678049999997,5.777333615,0.5924303550886424
KT2440,2,15,28.25,3.454027327,0.017919727,3.4361075999999997,5.761796009,0.5963605088817368
KT2440,2,15,28.5,3.46298719,0.017919727,3.445067463,5.745992802,0.5995600032427608
KT2440,2,15,28.75,3.480906917,0.017919727,3.4629871899999998,5.7462584020000005,0.6026507942620015
KT2440,2,15,29.0,3.498826644,0.017919727,3.480906917,5.734704797,0.6069897301114731
KT2440,2,15,29.25,3.512266439,0.017919727,3.4943467119999996,5.730853596,0.6097427989503991
KT2440,2,15,29.5,3.530186165,0.017919727,3.5122664379999997,5.703895184,0.6157663008696689
KT2440,2,15,29.75,3.539146029,0.017919727,3.5212263019999996,5.69247438,0.6185756960754208
KT2440,2,15,30.0,3.543625961,0.017919727,3.525706234,5.673085572000001,0.6214794734282565
KT2440,2,15,30.25,3.557065756,0.017919727,3.539146029,5.661930367,0.6250776324674641
KT2440,2,15,30.5,3.574985482,0.017919727,3.557065755,5.661664767,0.6282720544905762
KT2440,2,15,30.75,3.583945346,0.017919727,3.566025619,5.650243962,0.6311277252775018
KT2440,2,15,31.0,3.583945346,0.017919727,3.566025619,5.642408759,0.6320041264844491
KT2440,2,15,31.25,3.597385141,0.017919727,3.579465414,5.630855154,0.6356877092562484
KT2440,2,15,31.5,3.601865072,0.017919727,3.5839453449999996,5.607880744,0.6390908631276699
KT2440,2,15,31.75,3.610824936,0.017919727,3.592905209,5.5963271390000005,0.6420112905769142
KT2440,2,15,32.0,3.610824936,0.017919727,3.592905209,5.592475938000001,0.6424534050449409
KT2440,2,15,32.25,3.624264731,0.017919727,3.6063450039999996,5.584773535,0.6457459700736101
KT2440,2,15,32.5,3.619784799,0.017919727,3.601865072,5.5810551330000004,0.6453734976926987
KT2440,2,15,32.75,3.628744662,0.017919727,3.6108249349999997,5.569235928,0.6483519430100178
KT2440,2,15,33.0,3.642184458,0.017919727,3.624264731,5.553698322,0.6525858123483431
KT2440,2,15,33.25,3.642184458,0.017919727,3.624264731,5.5388247150000005,0.6543382247112688
KT2440,2,15,33.5,3.642184458,0.017919727,3.624264731,5.527138311,0.6557217364702201
KT2440,2,15,33.75,3.651144321,0.017919727,3.6332245939999996,5.500179899,0.6605646834680016
KT2440,2,15,34.0,3.655624253,0.017919727,3.637704526,5.457683881,0.6665289901938165
KT2440,2,15,34.25,3.669064048,0.017919727,3.651144321,5.419304665,0.6737292967823945
KT2440,2,15,34.5,3.669064048,0.017919727,3.651144321,5.361536641,0.6809884116205558
KT2440,2,15,34.75,3.673543979,0.017919727,3.655624252,5.2960662140000005,0.6902527469041949
KT2440,2,15,35.0,3.682503843,0.017919727,3.664584116,5.257421398,0.6970306997635878
KT2440,2,15,35.25,3.686983774,0.017919727,3.669064047,5.195669372,0.7061773535423492
KT2440,2,15,35.5,3.691463706,0.017919727,3.6735439789999997,5.138166948,0.7149522419527268
KT2440,2,15,35.75,3.700423569,0.017919727,3.6825038419999996,5.068845319,0.7264975769129401
KT2440,2,15,36.0,3.700423569,0.017919727,3.6825038419999996,4.984118884,0.7388475130120913
KT2440,2,15,36.25,3.704903501,0.017919727,3.6869837739999998,4.895408446,0.7531514100754158
KT2440,2,15,36.5,3.704903501,0.017919727,3.6869837739999998,4.868450035,0.7573218883820791
KT2440,2,15,36.75,3.700423569,0.017919727,3.6825038419999996,4.811080411,0.7654213871753971
KT2440,2,15,37.0,3.713863364,0.017919727,3.6959436369999996,4.7150659710000005,0.7838583086073218
KT2440,2,15,37.25,3.718343296,0.017919727,3.700423569,4.5607523070000004,0.8113625384392091
KT2440,2,15,37.5,3.718343296,0.017919727,3.700423569,4.552917103,0.8127588280844654
KT2440,2,15,37.75,3.713863364,0.017919727,3.6959436369999996,4.541363498,0.8138400809861795
KT2440,2,15,38.0,3.709383433,0.017919727,3.691463706,4.525427492,0.8157160207573159
KT2440,2,15,38.25,3.718343296,0.017919727,3.700423569,4.517061088,0.8192104328255655
KT2440,2,15,38.5,3.722823228,0.017919727,3.704903501,4.4906338770000005,0.8250290721707838
KT2440,2,15,38.75,3.713863364,0.017919727,3.6959436369999996,4.490235477000001,0.8231068628653123
KT2440,2,15,39.0,3.713863364,0.017919727,3.6959436369999996,4.4784162720000005,0.8252791639999648
KT2440,2,15,39.25,3.709383433,0.017919727,3.691463706,4.466862667,0.8264108348957216
KT2440,2,15,39.5,3.700423569,0.017919727,3.6825038419999996,4.4549106620000005,0.8266167654968788
KT2440,2,15,39.75,3.704903501,0.017919727,3.6869837739999998,4.435787454000001,0.8311903607273242
KT2440,2,15,40.0,3.700423569,0.017919727,3.6825038419999996,4.415734646000001,0.8339504379720373
KT2440,3,15,0.0,0.017919727,0.017919727,0.03,0.03,1.0
KT2440,3,15,0.25,0.044799317,0.017919727,0.03,0.03,1.0
KT2440,3,15,0.5,0.044799317,0.017919727,0.03,0.03,1.0
KT2440,3,15,0.75,0.040319385,0.017919727,0.03,0.03,1.0
KT2440,3,15,1.0,0.044799317,0.017919727,0.03,0.03,1.0
KT2440,3,15,1.25,0.049279249,0.017919727,0.031359522,0.03,1.0453174
KT2440,3,15,1.5,0.05375918,0.017919727,0.03583945299999999,0.03,1.1946484333333331
KT2440,3,15,1.75,0.058239112,0.017919727,0.040319385,0.03,1.3439795
KT2440,3,15,2.0,0.067198975,0.017919727,0.049279248,0.03,1.6426416
KT2440,3,15,2.25,0.067198975,0.017919727,0.049279248,0.034660814,1.4217568000566865
KT2440,3,15,2.5,0.076158839,0.017919727,0.05823911200000001,0.038910416,1.4967486340932465
KT2440,3,15,2.75,0.085118702,0.017919727,0.06719897500000001,0.053784022,1.2494226445169907
KT2440,3,15,3.0,0.094078565,0.017919727,0.076158838,0.069321629,1.0986302413637743
KT2440,3,15,3.25,0.103038429,0.017919727,0.085118702,0.09614724,0.8852953241299492
KT2440,3,15,3.5,0.111998292,0.017919727,0.094078565,0.13080805499999998,0.7192107932496972
KT2440,3,15,3.75,0.125438087,0.017919727,0.10751836000000001,0.169585671,0.6340061596359754
KT2440,3,15,4.0,0.138877882,0.017919727,0.12095815500000001,0.254179306,0.4758772730302443
KT2440,3,15,4.25,0.161277541,0.017919727,0.143357814,0.408227371,0.3511714896745618
KT2440,3,15,4.5,0.183677199,0.017919727,0.16575747200000002,0.677944283,0.24450013984408808
KT2440,3,15,4.75,0.215036721,0.017919727,0.197116994,0.88577637,0.2225358461526807
KT2440,3,15,5.0,0.250876174,0.017919727,0.232956447,1.0630644439999999,0.21913671209193414
KT2440,3,15,5.25,0.291195559,0.017919727,0.273275832,1.170898089,0.23338993766177374
KT2440,3,15,5.5,0.34495474,0.017919727,0.327035013,1.247656521,0.26211942749906886
KT2440,3,15,5.75,0.403193851,0.017919727,0.385274124,1.201707702,0.3206055210920168
KT2440,3,15,6.0,0.474872758,0.017919727,0.456953031,1.120699668,0.40773906163055984
KT2440,3,15,6.25,0.555511529,0.017919727,0.537591802,1.159477285,0.46365013696667634
KT2440,3,15,6.5,0.654070026,0.017919727,0.636150299,1.398118984,0.455004406835234
KT2440,3,15,6.75,0.766068318,0.017919727,0.748148591,1.609935073,0.46470730624302636
KT2440,3,15,7.0,0.895986336,0.017919727,0.878066609,1.825602363,0.4809736374119713
KT2440,3,15,7.25,1.034864219,0.017919727,1.016944492,2.03343445,0.5001117650977143
KT2440,3,15,7.5,1.196141759,0.017919727,1.178222032,2.195317718,0.5366977282328844
KT2440,3,15,7.75,1.361899231,0.017919727,1.343979504,2.3263913720000002,0.5777099761355201
KT2440,3,15,8.0,1.541096499,0.017919727,1.523176772,2.484290638,0.6131234199015647
KT2440,3,15,8.25,1.733733561,0.017919727,1.715813834,2.634487501,0.6512894190421137
KT2440,3,15,8.5,1.899491033,0.017919727,1.881571306,2.819079578,0.6674417141976827
KT2440,3,15,8.75,2.05180871,0.017919727,2.0338889829999998,3.034746869,0.6702005375724138
KT2440,3,15,9.0,2.181726729,0.017919727,2.163807002,3.246828557,0.6664370982369673
KT2440,3,15,9.25,2.311644748,0.017919727,2.2937250209999998,3.4354046360000003,0.6676724473629079
KT2440,3,15,9.5,2.419163108,0.017919727,2.4012433809999996,3.6435023230000003,0.6590481268097161
KT2440,3,15,9.75,2.5311614,0.017919727,2.5132416729999996,3.782012781,0.6645249020907524
KT2440,3,15,10.0,2.611800171,0.017919727,2.593880444,3.978291263,0.6520086822511768
KT2440,3,15,10.25,2.687959009,0.017919727,2.670039282,4.143892932,0.6443311460538479
KT2440,3,15,10.5,2.759637916,0.017919727,2.7417181889999998,4.313744203000001,0.6355773685174163
KT2440,3,15,10.75,2.813397096,0.017919727,2.795477369,4.479345872000001,0.6240816067529602
KT2440,3,15,11.0,2.853716481,0.017919727,2.835796754,4.621707532,0.6135820439448785
KT2440,3,15,11.25,2.885076003,0.017919727,2.867156276,4.814134812,0.5955704166931833
KT2440,3,15,11.5,2.907475662,0.017919727,2.8895559349999997,5.3378982310000005,0.5413284049176544
KT2440,3,15,11.75,2.934355252,0.017919727,2.916435525,5.834836039,0.49983161574833757
KT2440,3,15,12.0,2.95675491,0.017919727,2.9388351829999997,5.88503446,0.49937433722350705
KT2440,3,15,12.25,2.965714774,0.017919727,2.9477950469999996,5.723151192,0.5150650311528585
KT2440,3,15,12.5,2.9836345,0.017919727,2.9657147729999997,5.496195898,0.5395940807130234
KT2440,3,15,12.75,2.992594364,0.017919727,2.9746746369999997,5.4494502780000005,0.5458669196430824
KT2440,3,15,13.0,3.006034159,0.017919727,2.9881144319999997,5.499914299,0.5433019988226546
KT2440,3,15,13.25,3.028433817,0.017919727,3.0105140899999996,5.511600704,0.5462141130461688
KT2440,3,15,13.5,3.028433817,0.017919727,3.0105140899999996,5.561533525000001,0.541310067891751
KT2440,3,15,13.75,3.046353544,0.017919727,3.028433817,5.604029543,0.540402900049451
KT2440,3,15,14.0,3.068753202,0.017919727,3.0508334749999997,5.634573555,0.541448868351848
KT2440,3,15,14.25,3.082192997,0.017919727,3.0642732699999997,5.673351172,0.5401169744477082
KT2440,3,15,14.5,3.091152861,0.017919727,3.0732331339999996,5.700176783,0.5391469863119857
KT2440,3,15,14.75,3.104592656,0.017919727,3.0866729289999997,5.726869594,0.5389808303359805
KT2440,3,15,15.0,3.113552519,0.017919727,3.095632792,5.750508004,0.5383233602747282
KT2440,3,15,15.25,3.135952177,0.017919727,3.11803245,5.360872641,0.5816277794315166
KT2440,3,15,15.5,3.144912041,0.017919727,3.1269923139999998,5.715183189,0.5471377225525359
KT2440,3,15,15.75,3.158351836,0.017919727,3.140432109,5.711863188000001,0.549808706132476
KT2440,3,15,16.0,3.167311699,0.017919727,3.1493919719999997,5.715714389,0.551005833682149
KT2440,3,15,16.25,3.185231426,0.017919727,3.167311699,5.711863188000001,0.5545146294214776
KT2440,3,15,16.5,3.189711358,0.017919727,3.1717916309999996,5.708011986,0.5556736108437457
KT2440,3,15,16.75,3.198671221,0.017919727,3.180751494,5.715847189,0.5564794489470037
KT2440,3,15,17.0,3.207631084,0.017919727,3.1897113569999997,5.712128788,0.5584102661867364
KT2440,3,15,17.25,3.221070879,0.017919727,3.203151152,5.715979989,0.5603852984377549
KT2440,3,15,17.5,3.230030743,0.017919727,3.2121110159999997,5.719831191,0.56157444315038
KT2440,3,15,17.75,3.243470538,0.017919727,3.2255508109999997,5.723682393,0.5635446884587468
KT2440,3,15,18.0,3.24795047,0.017919727,3.230030743,5.723682393,0.564327389470508
KT2440,3,15,18.25,3.261390265,0.017919727,3.243470538,5.727267994,0.5663207206992801
KT2440,3,15,18.5,3.27483006,0.017919727,3.256910333,5.730853596,0.568311557509207
KT2440,3,15,18.75,3.283789923,0.017919727,3.265870196,5.738821599,0.5690837639157633
KT2440,3,15,19.0,3.30170965,0.017919727,3.2837899229999996,5.738954399,0.5721930677079771
KT2440,3,15,19.25,3.30170965,0.017919727,3.2837899229999996,5.742805601000001,0.5718093474082059
KT2440,3,15,19.5,3.319629376,0.017919727,3.3017096489999997,5.750508004,0.5741596475830242
KT2440,3,15,19.75,3.333069171,0.017919727,3.315149444,5.754226405,0.57612426252804
KT2440,3,15,20.0,3.333069171,0.017919727,3.315149444,5.762061609,0.5753408534927729
KT2440,3,15,20.25,3.35546883,0.017919727,3.3375491029999997,5.7619288090000005,0.5792416417548972
KT2440,3,15,20.5,3.364428693,0.017919727,3.3465089659999996,5.7659128100000006,0.5803953469771596
KT2440,3,15,20.75,3.38234842,0.017919727,3.364428693,5.76578001,0.5835166598733966
KT2440,3,15,21.0,3.391308283,0.017919727,3.3733885559999996,5.769631212,0.5846801003474604
KT2440,3,15,21.25,3.404748078,0.017919727,3.3868283509999997,5.773349613000001,0.586631432015444
KT2440,3,15,21.5,3.404748078,0.017919727,3.3868283509999997,5.793004022,0.5846411185177665
KT2440,3,15,21.75,3.413707942,0.017919727,3.3957882149999996,5.7928712220000005,0.5862012264494284
KT2440,3,15,22.0,3.440587532,0.017919727,3.4226678049999997,5.796589623,0.5904623283006556
KT2440,3,15,22.25,3.449547395,0.017919727,3.431627668,5.7928712220000005,0.592388046702551
KT2440,3,15,22.5,3.454027327,0.017919727,3.4361075999999997,5.785301618,0.5939375035018268
KT2440,3,15,22.75,3.458507259,0.017919727,3.440587532,5.7815832170000006,0.5950943544120225
KT2440,3,15,23.0,3.476426985,0.017919727,3.4585072579999996,5.777732015,0.5985925357945144
KT2440,3,15,23.25,3.485386849,0.017919727,3.467467122,5.78915282,0.5989593347787976
KT2440,3,15,23.5,3.494346712,0.017919727,3.476426985,5.792738422,0.6001353300879291
KT2440,3,15,23.75,3.507786507,0.017919727,3.48986678,5.796456823000001,0.6020689684347191
KT2440,3,15,24.0,3.512266439,0.017919727,3.4943467119999996,5.796589623,0.6028280315264953
KT2440,3,15,24.25,3.449547395,0.017919727,3.431627668,5.796722423,0.5919944785322352
KT2440,3,15,24.5,3.395788215,0.017919727,3.377868488,5.796456823000001,0.5827471145125788
KT2440,3,15,24.75,3.418187873,0.017919727,3.4002681459999997,5.804424826,0.5858062164521518
KT2440,3,15,25.0,3.431627668,0.017919727,3.4137079409999997,5.800440825,0.588525604172507
KT2440,3,15,25.25,3.449547395,0.017919727,3.431627668,5.8081432280000005,0.5908304140050727
KT2440,3,15,25.5,3.458507259,0.017919727,3.440587532,5.811728829000001,0.5920075821211375
KT2440,3,15,25.75,3.471947054,0.017919727,3.454027327,5.808010428,0.5947006070010451
KT2440,3,15,26.0,3.480906917,0.017919727,3.4629871899999998,5.808276028,0.596216015441751
KT2440,3,15,26.25,3.494346712,0.017919727,3.476426985,5.804292026000001,0.5989407440954969
KT2440,3,15,26.5,3.512266439,0.017919727,3.4943467119999996,5.808276028,0.6016151255819758
KT2440,3,15,26.75,3.512266439,0.017919727,3.4943467119999996,5.81199443,0.6012302238218077
KT2440,3,15,27.0,3.525706234,0.017919727,3.5077865069999996,5.811728829000001,0.6035702301691129
KT2440,3,15,27.25,3.539146029,0.017919727,3.5212263019999996,5.804292026000001,0.6066590526849552
KT2440,3,15,27.5,3.552585824,0.017919727,3.5346660969999997,5.804292026000001,0.6089745452445641
KT2440,3,15,27.75,3.561545687,0.017919727,3.54362596,5.796722423,0.611315447146433
KT2440,3,15,28.0,3.574985482,0.017919727,3.557065755,5.796589623,0.6136480217412831
KT2440,3,15,28.25,3.588425277,0.017919727,3.5705055499999996,5.796456823000001,0.6159807032172556
KT2440,3,15,28.5,3.601865072,0.017919727,3.5839453449999996,5.780653616,0.6199896383827886
KT2440,3,15,28.75,3.615304867,0.017919727,3.5973851399999996,5.773216813,0.6231162377098827
KT2440,3,15,29.0,3.633224594,0.017919727,3.615304867,5.765514410000001,0.627056774106649
KT2440,3,15,29.25,3.646664389,0.017919727,3.628744662,5.753960805,0.6306516128588748
KT2440,3,15,29.5,3.660104184,0.017919727,3.642184457,5.734704797,0.6351128063131233
KT2440,3,15,29.75,3.673543979,0.017919727,3.655624252,5.742540001,0.6365866413404893
KT2440,3,15,30.0,3.682503843,0.017919727,3.664584116,5.742407201,0.6381616607338187
KT2440,3,15,30.25,3.695943638,0.017919727,3.678023911,5.742805601000001,0.6404576728767455
KT2440,3,15,30.5,3.709383433,0.017919727,3.691463706,5.738688799,0.6432590850096731
KT2440,3,15,30.75,3.722823228,0.017919727,3.704903501,5.7349703970000006,0.6460196382073844
KT2440,3,15,31.0,3.72730316,0.017919727,3.7093834329999997,5.715581589,0.6489949229556873
KT2440,3,15,31.25,3.749702818,0.017919727,3.7317830909999996,5.696325581,0.6551211018287474
KT2440,3,15,31.5,3.763142613,0.017919727,3.7452228859999996,5.673351172,0.6601429688477601
KT2440,3,15,31.75,3.767622545,0.017919727,3.749702818,5.673351172,0.6609326136034224
KT2440,3,15,32.0,3.776582408,0.017919727,3.7586626809999997,5.677202373,0.6620624797304543
KT2440,3,15,32.25,3.785542271,0.017919727,3.767622544,5.657946365,0.6658993035541085
KT2440,3,15,32.5,3.794502135,0.017919727,3.776582408,5.6503767620000005,0.6683770953820866
KT2440,3,15,32.75,3.803461998,0.017919727,3.7855422709999997,5.64625996,0.6704512894939396
KT2440,3,15,33.0,3.812421861,0.017919727,3.7945021339999996,5.6268711520000005,0.6743538338622329
KT2440,3,15,33.25,3.83482152,0.017919727,3.816901793,5.619699949,0.6792002825131616
KT2440,3,15,33.5,3.83482152,0.017919727,3.816901793,5.611864746,0.6801485719556221
KT2440,3,15,33.75,3.848261315,0.017919727,3.8303415879999996,5.588757536,0.6853654973089889
KT2440,3,15,34.0,3.857221178,0.017919727,3.839301451,5.565517527,0.6898372761157239
KT2440,3,15,34.25,3.857221178,0.017919727,3.839301451,5.523287109,0.6951116925904494
KT2440,3,15,34.5,3.870660973,0.017919727,3.852741246,5.496328698,0.7009663100028811
KT2440,3,15,34.75,3.875140905,0.017919727,3.8572211779999996,5.488626294,0.7027662244406395
KT2440,3,15,35.0,3.8885807,0.017919727,3.8706609729999997,5.476939890000001,0.7067196373776524
KT2440,3,15,35.25,3.893060632,0.017919727,3.875140905,5.43059267,0.713576057067819
KT2440,3,15,35.5,3.902020495,0.017919727,3.8841007679999997,5.388495053000001,0.7208136464442996
KT2440,3,15,35.75,3.91546029,0.017919727,3.8975405629999997,5.346131835,0.7290393658988396
KT2440,3,15,36.0,3.91546029,0.017919727,3.8975405629999997,5.338429432,0.7300912398761104
KT2440,3,15,36.25,3.924420154,0.017919727,3.9065004269999997,5.280528607,0.739793440721341
KT2440,3,15,36.5,3.924420154,0.017919727,3.9065004269999997,5.176546164,0.7546538373727907
KT2440,3,15,36.75,3.919940222,0.017919727,3.902020495,5.115325338,0.7628098385088483
KT2440,3,15,37.0,3.937859949,0.017919727,3.9199402219999997,5.069376519,0.7732588430368273
KT2440,3,15,37.25,3.946819812,0.017919727,3.928900085,5.007491693,0.7846044139208919
KT2440,3,15,37.5,3.946819812,0.017919727,3.928900085,4.938037264,0.7956400235460029
KT2440,3,15,37.75,3.946819812,0.017919727,3.928900085,4.884120442,0.8044232593476244
KT2440,3,15,38.0,3.94233988,0.017919727,3.924420153,4.8258212170000006,0.8132129178709273
KT2440,3,15,38.25,3.951299744,0.017919727,3.9333800169999997,4.798198806,0.8197617847933747
KT2440,3,15,38.5,3.955779675,0.017919727,3.937859948,4.721705974,0.8339909282119141
KT2440,3,15,38.75,3.955779675,0.017919727,3.937859948,4.625027533,0.8514241093491886
KT2440,3,15,39.0,3.960259607,0.017919727,3.9423398799999996,4.513077087,0.8735370134394514
KT2440,3,15,39.25,3.955779675,0.017919727,3.937859948,4.505374683,0.8740360624963364
KT2440,3,15,39.5,3.960259607,0.017919727,3.9423398799999996,4.485720275,0.8788644048920325
KT2440,3,15,39.75,3.960259607,0.017919727,3.9423398799999996,4.47429947,0.8811077368498089
KT2440,3,15,40.0,3.964739539,0.017919727,3.9468198119999998,4.458097864,0.8853147536018289
KT2440,1,20,0.0,0.040319385,0.031359522,0.03,0.03,1.0
KT2440,1,20,0.25,0.040319385,0.031359522,0.03,0.03,1.0
KT2440,1,20,0.5,0.040319385,0.031359522,0.03,0.03,1.0
KT2440,1,20,0.75,0.044799317,0.031359522,0.03,0.03,1.0
KT2440,1,20,1.0,0.049279249,0.031359522,0.03,0.030809612999999996,0.9737220652528158
KT2440,1,20,1.25,0.049279249,0.031359522,0.03,0.03,1.0
KT2440,1,20,1.5,0.05375918,0.031359522,0.03,0.034528013999999996,0.8688597033122148
KT2440,1,20,1.75,0.049279249,0.031359522,0.03,0.030942413,0.9695430023508509
KT2440,1,20,2.0,0.05375918,0.031359522,0.03,0.038644816,0.7763007592014411
KT2440,1,20,2.25,0.05375918,0.031359522,0.03,0.04236321800000001,0.7081614999124947
KT2440,1,20,2.5,0.05375918,0.031359522,0.03,0.054315222999999996,0.5523313418044883
KT2440,1,20,2.75,0.05375918,0.031359522,0.03,0.06918882900000001,0.4335960072398392
KT2440,1,20,3.0,0.05375918,0.031359522,0.03,0.084726435,0.35408075413535334
KT2440,1,20,3.25,0.058239112,0.031359522,0.03,0.103849643,0.28887918276233265
KT2440,1,20,3.5,0.05375918,0.031359522,0.03,0.13851045799999998,0.21659014368431304
KT2440,1,20,3.75,0.049279249,0.031359522,0.03,0.173436872,0.1729735992932345
KT2440,1,20,4.0,0.05375918,0.031359522,0.03,0.234923298,0.12770125507092106
KT2440,1,20,4.25,0.05375918,0.031359522,0.03,0.377417758,0.07948751579410315
KT2440,1,20,4.5,0.049279249,0.031359522,0.03,0.639432267,0.0469166189262701
KT2440,1,20,4.75,0.05375918,0.031359522,0.03,0.870371564,0.034468037836769216
KT2440,1,20,5.0,0.049279249,0.031359522,0.03,1.009147622,0.029728058953896044
KT2440,1,20,5.25,0.05375918,0.031359522,0.03,1.082320452,0.027718223327077993
KT2440,1,20,5.5,0.049279249,0.031359522,0.03,1.155227683,0.025968906771774446
KT2440,1,20,5.75,0.049279249,0.031359522,0.03,1.0707668479999999,0.028017303725862086
KT2440,1,20,6.0,0.049279249,0.031359522,0.03,1.224682112,0.02449615267998623
KT2440,1,20,6.25,0.049279249,0.031359522,0.03,1.5253414379999999,0.019667727665836875
KT2440,1,20,6.5,0.044799317,0.031359522,0.03,1.617637476,0.01854556440802933
KT2440,1,20,6.75,0.044799317,0.031359522,0.03,1.667703097,0.017988813508811274
KT2440,1,20,7.0,0.044799317,0.031359522,0.03,1.829453565,0.01639833914013554
KT2440,1,20,7.25,0.044799317,0.031359522,0.03,2.05654166,0.014587596538161059
KT2440,1,20,7.5,0.044799317,0.031359522,0.03,2.2145737260000002,0.01354662508987068
KT2440,1,20,7.75,0.044799317,0.031359522,0.03,2.3610521870000003,0.012706199450050528
KT2440,1,20,8.0,0.044799317,0.031359522,0.03,2.5343562590000004,0.011837325511543243
KT2440,1,20,8.25,0.044799317,0.031359522,0.03,2.765428356,0.0108482289678236
KT2440,1,20,8.5,0.040319385,0.031359522,0.03,2.938466828,0.010209405705770315
KT2440,1,20,8.75,0.044799317,0.031359522,0.03,3.1117709010000003,0.009640812564433707
KT2440,1,20,9.0,0.044799317,0.031359522,0.03,3.308447783,0.00906769638443467
KT2440,1,20,9.25,0.044799317,0.031359522,0.03,3.5162798700000004,0.008531744090097127
KT2440,1,20,9.5,0.040319385,0.031359522,0.03,3.7012703470000003,0.008105325249833742
KT2440,1,20,9.75,0.044799317,0.031359522,0.03,3.8359296030000003,0.007820790031323209
KT2440,1,20,10.0,0.040319385,0.031359522,0.03,4.039910489,0.007425907104052175
KT2440,1,20,10.25,0.040319385,0.031359522,0.03,4.197809755000001,0.00714658399282318
KT2440,1,20,10.5,0.044799317,0.031359522,0.03,4.352256219,0.006892976536866889
KT2440,1,20,10.75,0.040319385,0.031359522,0.03,4.517857889,0.006640315108857998
KT2440,1,20,11.0,0.040319385,0.031359522,0.03,4.748797185,0.006317389189574328
KT2440,1,20,11.25,0.040319385,0.031359522,0.03,5.206957377,0.005761522099741973
KT2440,1,20,11.5,0.040319385,0.031359522,0.03,5.7422744,0.005224410731747685
KT2440,1,20,11.75,0.040319385,0.031359522,0.03,5.696192781000001,0.0052666756820567645
KT2440,1,20,12.0,0.040319385,0.031359522,0.03,5.673218372,0.00528800374546908
KT2440,1,20,12.25,0.040319385,0.031359522,0.03,5.542144717,0.005413066877878137
KT2440,1,20,12.5,0.040319385,0.031359522,0.03,5.423023067,0.005531969831099374
KT2440,1,20,12.75,0.040319385,0.031359522,0.03,5.457152681,0.005497372302675363
KT2440,1,20,13.0,0.040319385,0.031359522,0.03,5.4960630980000005,0.005458452616913532
KT2440,1,20,13.25,0.040319385,0.031359522,0.03,5.546261519000001,0.005409048941747169
KT2440,1,20,13.5,0.040319385,0.031359522,0.03,5.600045541,0.005357099291489494
KT2440,1,20,13.75,0.040319385,0.031359522,0.03,5.650243962,0.005309505253536165
KT2440,1,20,14.0,0.040319385,0.031359522,0.03,5.676936773,0.005284540096110032
KT2440,1,20,14.25,0.040319385,0.031359522,0.03,5.6887559780000005,0.005273560707475999
KT2440,1,20,14.5,0.040319385,0.031359522,0.03,5.711730388,0.005252348756346795
KT2440,1,20,14.75,0.040319385,0.031359522,0.03,5.730720796,0.005234943573056251
KT2440,1,20,15.0,0.040319385,0.031359522,0.03,5.746656802,0.005220426594739248
KT2440,1,20,15.25,0.040319385,0.031359522,0.03,5.360872641,0.005596103845213508
KT2440,1,20,15.5,0.040319385,0.031359522,0.03,5.692075979,0.005270484812690515
KT2440,1,20,15.75,0.040319385,0.031359522,0.03,5.700309583,0.005262872053382648
KT2440,1,20,16.0,0.040319385,0.031359522,0.03,5.700309583,0.005262872053382648
KT2440,1,20,16.25,0.040319385,0.031359522,0.03,5.6887559780000005,0.005273560707475999
KT2440,1,20,16.5,0.040319385,0.031359522,0.03,5.700309583,0.005262872053382648
KT2440,1,20,16.75,0.040319385,0.031359522,0.03,5.711995988,0.005252104529314316
KT2440,1,20,17.0,0.040319385,0.031359522,0.03,5.7044263850000005,0.005259073914756111
KT2440,1,20,17.25,0.040319385,0.031359522,0.03,5.712128788,0.0052519824243150446
KT2440,1,20,17.5,0.040319385,0.031359522,0.03,5.715979989,0.0052484438465027665
KT2440,1,20,17.75,0.040319385,0.031359522,0.03,5.7275335940000005,0.0052378566633685284
KT2440,1,20,18.0,0.040319385,0.031359522,0.03,5.742938401,0.0052238066831391036
KT2440,1,20,18.25,0.040319385,0.031359522,0.03,5.742672801,0.005224048285456199
KT2440,1,20,18.5,0.040319385,0.031359522,0.03,5.742407201,0.005224289910122659
KT2440,1,20,18.75,0.040319385,0.031359522,0.03,5.754226405,0.005213559197798022
KT2440,1,20,19.0,0.044799317,0.031359522,0.03,5.750508004,0.0052169303962593
KT2440,1,20,19.25,0.040319385,0.031359522,0.03,5.754359206,0.005213438877559011
KT2440,1,20,19.5,0.044799317,0.031359522,0.03,5.754359206,0.005213438877559011
KT2440,1,20,19.75,0.044799317,0.031359522,0.03,5.76578001,0.005203112145792742
KT2440,1,20,20.0,0.044799317,0.031359522,0.03,5.762061609,0.005206469842866965
KT2440,1,20,20.25,0.044799317,0.031359522,0.03,5.76578001,0.005203112145792742
KT2440,1,20,20.5,0.044799317,0.031359522,0.03,5.769764012,0.0051995194149372075
KT2440,1,20,20.75,0.044799317,0.031359522,0.03,5.7619288090000005,0.005206589840738867
KT2440,1,20,21.0,0.044799317,0.031359522,0.03,5.76578001,0.005203112145792742
KT2440,1,20,21.25,0.049279249,0.031359522,0.03,5.7772008150000005,0.00519282624244385
KT2440,1,20,21.5,0.049279249,0.031359522,0.03,5.773748014000001,0.005195931642194456
KT2440,1,20,21.75,0.049279249,0.031359522,0.03,5.746656802,0.005220426594739248
KT2440,1,20,22.0,0.049279249,0.031359522,0.03,5.731119196,0.00523457966481282
KT2440,1,20,22.25,0.049279249,0.031359522,0.03,5.708144786,0.005255648047607179
KT2440,1,20,22.5,0.05375918,0.031359522,0.03,5.696723981,0.005266184582587731
KT2440,1,20,22.75,0.05375918,0.031359522,0.03,5.673749572,0.005287508660595497
KT2440,1,20,23.0,0.05375918,0.031359522,0.03,5.66989837,0.005291100129542533
KT2440,1,20,23.25,0.05375918,0.031359522,0.03,5.6582119650000005,0.005302028306039255
KT2440,1,20,23.5,0.058239112,0.031359522,0.03,5.650243962,0.005309505253536165
KT2440,1,20,23.75,0.058239112,0.031359522,0.03,5.630855154,0.0053277875526044835
KT2440,1,20,24.0,0.058239112,0.031359522,0.03,5.630987954,0.005327661903217064
KT2440,1,20,24.25,0.058239112,0.031359522,0.03,5.619567149,0.005338489460943356
KT2440,1,20,24.5,0.062719044,0.031359522,0.031359522,5.607747944000001,0.005592177521736344
KT2440,1,20,24.75,0.062719044,0.031359522,0.031359522,5.6041623430000005,0.005595755454723806
KT2440,1,20,25.0,0.067198975,0.031359522,0.03583945299999999,5.584773535,0.006417351173757128
KT2440,1,20,25.25,0.067198975,0.031359522,0.03583945299999999,5.569368728000001,0.006435101490015762
KT2440,1,20,25.5,0.071678907,0.031359522,0.040319385,5.54984712,0.007264954174089034
KT2440,1,20,25.75,0.071678907,0.031359522,0.040319385,5.538426315000001,0.007279935257204915
KT2440,1,20,26.0,0.076158839,0.031359522,0.044799317000000005,5.504031101,0.008139364799712095
KT2440,1,20,26.25,0.076158839,0.031359522,0.044799317000000005,5.457683881,0.008208485133402691
KT2440,1,20,26.5,0.08063877,0.031359522,0.049279248,5.3692390450000005,0.009178069291940046
KT2440,1,20,26.75,0.085118702,0.031359522,0.053759180000000004,5.334445430000001,0.010077744857538077
KT2440,1,20,27.0,0.089598634,0.031359522,0.058239111999999996,5.268709402,0.01105377191193966
KT2440,1,20,27.25,0.089598634,0.031359522,0.058239111999999996,5.176546164,0.0112505732886187
KT2440,1,20,27.5,0.098558497,0.031359522,0.067198975,5.080266124,0.013227451743628379
KT2440,1,20,27.75,0.098558497,0.031359522,0.067198975,4.984118884,0.01348261880665044
KT2440,1,20,28.0,0.10751836,0.031359522,0.07615883799999999,4.899259648,0.01554496872422141
KT2440,1,20,28.25,0.111998292,0.031359522,0.08063877,4.795144404,0.016816755285353445
KT2440,1,20,28.5,0.116478224,0.031359522,0.085118702,4.7177219720000005,0.01804233113040261
KT2440,1,20,28.75,0.120958155,0.031359522,0.089598633,4.698731564,0.01906868519293008
KT2440,1,20,29.0,0.129918019,0.031359522,0.098558497,4.6871779590000004,0.021027257309647197
KT2440,1,20,29.25,0.13439795,0.031359522,0.10303842799999999,4.679475556,0.02201922560913576
KT2440,1,20,29.5,0.147837746,0.031359522,0.11647822399999999,4.6640707500000005,0.024973511390237804
KT2440,1,20,29.75,0.156797609,0.031359522,0.125438087,4.64109634,0.027027684368215465
KT2440,1,20,30.0,0.165757472,0.031359522,0.13439795,4.625558734,0.029055506097482402
KT2440,1,20,30.25,0.174717336,0.031359522,0.143357814,4.6144035290000005,0.031067463670882603
KT2440,1,20,30.5,0.188157131,0.031359522,0.156797609,4.606435526,0.03403881550387296
KT2440,1,20,30.75,0.197116994,0.031359522,0.165757472,4.591163519,0.03610358710031386
KT2440,1,20,31.0,0.210556789,0.031359522,0.179197267,4.571774711,0.03919643427941434
KT2440,1,20,31.25,0.228476516,0.031359522,0.197116994,4.571774711,0.04311607777297581
KT2440,1,20,31.5,0.241916311,0.031359522,0.210556789,4.548800302,0.04628842222583901
KT2440,1,20,31.75,0.259836038,0.031359522,0.228476516,4.5449491,0.050270423490551296
KT2440,1,20,32.0,0.277755764,0.031359522,0.24639624200000002,4.533395495000001,0.05435136693274541
KT2440,1,20,32.25,0.300155423,0.031359522,0.26879590099999995,4.506437084,0.059647099468969296
KT2440,1,20,32.5,0.322555081,0.031359522,0.29119555900000005,4.4988674810000004,0.06472641397636225
KT2440,1,20,32.75,0.34495474,0.031359522,0.313595218,4.487048276,0.06988897794510825
KT2440,1,20,33.0,0.37183433,0.031359522,0.34047480799999996,4.471510669000001,0.07614312772648332
KT2440,1,20,33.25,0.39871392,0.031359522,0.367354398,4.460488265,0.08235744074981889
KT2440,1,20,33.5,0.42559351,0.031359522,0.394233988,4.441099456,0.08876945718191094
KT2440,1,20,33.75,0.456953032,0.031359522,0.42559351,4.421843448000001,0.09624798231888917
KT2440,1,20,34.0,0.488312553,0.031359522,0.45695303099999995,4.410157044,0.10361377756868831
KT2440,1,20,34.25,0.519672075,0.031359522,0.488312553,4.406438642,0.1108179626843423
KT2440,1,20,34.5,0.55999146,0.031359522,0.528631938,4.3794802310000005,0.12070654737932071
KT2440,1,20,34.75,0.600310845,0.031359522,0.568951323,4.371777828,0.13014186570873473
KT2440,1,20,35.0,0.640630231,0.031359522,0.609270709,4.344686616000001,0.14023352265644742
KT2440,1,20,35.25,0.680949616,0.031359522,0.649590094,4.336851413,0.14978380215029055
KT2440,1,20,35.5,0.725748932,0.031359522,0.69438941,4.325563408,0.16053155265641178
KT2440,1,20,35.75,0.770548249,0.031359522,0.7391887269999999,4.302456199,0.17180621784640276
KT2440,1,20,36.0,0.815347566,0.031359522,0.783988044,4.287051392,0.1828734886320672
KT2440,1,20,36.25,0.864626815,0.031359522,0.833267293,4.275364987000001,0.19489968588265466
KT2440,1,20,36.5,0.913906063,0.031359522,0.882546541,4.248406576,0.2077358946729961
KT2440,1,20,36.75,0.95870538,0.031359522,0.927345858,4.2526561780000005,0.21806273989357056
KT2440,1,20,37.0,1.007984628,0.031359522,0.976625106,4.237516971,0.2304710783894581
KT2440,1,20,37.25,1.052783945,0.031359522,1.021424423,4.206441758,0.24282385963324205
KT2440,1,20,37.5,1.097583262,0.031359522,1.0662237399999999,4.194755354,0.2541801964644444
KT2440,1,20,37.75,1.142382579,0.031359522,1.111023057,4.183201749,0.26559155490542413
KT2440,1,20,38.0,1.182701964,0.031359522,1.151342442,4.148009734,0.2775650289734831
KT2440,1,20,38.25,1.223021349,0.031359522,1.191661827,4.1319409270000005,0.2884024355752847
KT2440,1,20,38.5,1.258860803,0.031359522,1.2275012809999999,4.128620926,0.2973150848676389
KT2440,1,20,38.75,1.294700256,0.031359522,1.263340734,4.108966518,0.30745948609357837
KT2440,1,20,39.0,1.326059778,0.031359522,1.294700256,4.085593708,0.3168940302274423
KT2440,1,20,39.25,1.352939368,0.031359522,1.321579846,4.070188901,0.3246974226860337
KT2440,1,20,39.5,1.375339026,0.031359522,1.343979504,4.058236896,0.331173250463691
KT2440,1,20,39.75,1.402218616,0.031359522,1.370859094,4.031411285,0.3400444650985294
KT2440,1,20,40.0,1.424618275,0.031359522,1.393258753,4.011358477,0.34732840781709073
KT2440,2,20,0.0,0.035839453,0.031359522,0.03,0.03,1.0
KT2440,2,20,0.25,0.040319385,0.031359522,0.03,0.03,1.0
KT2440,2,20,0.5,0.040319385,0.031359522,0.03,0.03,1.0
KT2440,2,20,0.75,0.044799317,0.031359522,0.03,0.03,1.0
KT2440,2,20,1.0,0.044799317,0.031359522,0.03,0.03,1.0
KT2440,2,20,1.25,0.044799317,0.031359522,0.03,0.03,1.0
KT2440,2,20,1.5,0.044799317,0.031359522,0.03,0.034528013999999996,0.8688597033122148
KT2440,2,20,1.75,0.044799317,0.031359522,0.03,0.034793614,0.8622271891617812
KT2440,2,20,2.0,0.049279249,0.031359522,0.03,0.034793614,0.8622271891617812
KT2440,2,20,2.25,0.044799317,0.031359522,0.03,0.038512015999999996,0.7789776572589708
KT2440,2,20,2.5,0.044799317,0.031359522,0.03,0.046612819,0.6435997788505347
KT2440,2,20,2.75,0.044799317,0.031359522,0.03,0.053784022,0.5577864742060383
KT2440,2,20,3.0,0.044799317,0.031359522,0.03,0.065470427,0.45822215272858996
KT2440,2,20,3.25,0.049279249,0.031359522,0.03,0.076891232,0.3901615206269552
KT2440,2,20,3.5,0.044799317,0.031359522,0.03,0.099998442,0.300004674072822
KT2440,2,20,3.75,0.044799317,0.031359522,0.03,0.123371251,0.24316848339326638
KT2440,2,20,4.0,0.044799317,0.031359522,0.03,0.16560166899999998,0.1811575944926014
KT2440,2,20,4.25,0.044799317,0.031359522,0.03,0.231072096,0.1298296095431618
KT2440,2,20,4.5,0.044799317,0.031359522,0.03,0.381401759,0.07865721458300877
KT2440,2,20,4.75,0.044799317,0.031359522,0.03,0.743281911,0.040361536526078594
KT2440,2,20,5.0,0.040319385,0.031359522,0.03,1.001445219,0.029956705999312376
KT2440,2,20,5.25,0.040319385,0.031359522,0.03,1.1169812669999999,0.02685810486381237
KT2440,2,20,5.5,0.040319385,0.031359522,0.03,1.186037296,0.02529431418487197
KT2440,2,20,5.75,0.040319385,0.031359522,0.03,1.039957235,0.028847340054324447
KT2440,2,20,6.0,0.040319385,0.031359522,0.03,1.193872499,0.025128311461339724
KT2440,2,20,6.25,0.031359522,0.031359522,0.03,1.286566938,0.02331786952852662
KT2440,2,20,6.5,0.040319385,0.031359522,0.03,1.255624525,0.023892492861271566
KT2440,2,20,6.75,0.035839453,0.031359522,0.03,1.548315847,0.019375891590935838
KT2440,2,20,7.0,0.040319385,0.031359522,0.03,1.694661508,0.017702650268728474
KT2440,2,20,7.25,0.040319385,0.031359522,0.03,1.875535184,0.01599543439969932
KT2440,2,20,7.5,0.035839453,0.031359522,0.03,2.068228065,0.014505170153950114
KT2440,2,20,7.75,0.040319385,0.031359522,0.03,2.187748114,0.01371273036782515
KT2440,2,20,8.0,0.040319385,0.031359522,0.03,2.341796179,0.012810679370401345
KT2440,2,20,8.25,0.040319385,0.031359522,0.03,2.4650346300000003,0.012170214420070843
KT2440,2,20,8.5,0.040319385,0.031359522,0.03,2.6881387240000003,0.011160138326254027
KT2440,2,20,8.75,0.040319385,0.031359522,0.03,2.8768476030000003,0.010428081059530492
KT2440,2,20,9.0,0.040319385,0.031359522,0.03,3.1004828960000004,0.009675912109917988
KT2440,2,20,9.25,0.040319385,0.031359522,0.03,3.3198685880000003,0.009036502260492485
KT2440,2,20,9.5,0.035839453,0.031359522,0.03,3.5125614680000004,0.008540775805150976
KT2440,2,20,9.75,0.035839453,0.031359522,0.03,3.654923128,0.00820810696952092
KT2440,2,20,10.0,0.040319385,0.031359522,0.03,3.858904013,0.00777422809661371
KT2440,2,20,10.25,0.035839453,0.031359522,0.03,4.005249674,0.007490169762635376
KT2440,2,20,10.5,0.040319385,0.031359522,0.03,4.190505752,0.007159040405965776
KT2440,2,20,10.75,0.035839453,0.031359522,0.03,4.359958623,0.006880799244685859
KT2440,2,20,11.0,0.035839453,0.031359522,0.03,4.494617879000001,0.006674649727214329
KT2440,2,20,11.25,0.035839453,0.031359522,0.03,4.66393795,0.006432332574235898
KT2440,2,20,11.5,0.035839453,0.031359522,0.03,4.844944425,0.006192021490525146
KT2440,2,20,11.75,0.035839453,0.031359522,0.03,5.4651206850000005,0.005489357276654541
KT2440,2,20,12.0,0.035839453,0.031359522,0.03,5.869629654000001,0.005111055001494988
KT2440,2,20,12.25,0.035839453,0.031359522,0.03,5.854092047,0.0051246204807069715
KT2440,2,20,12.5,0.035839453,0.031359522,0.03,5.7619288090000005,0.005206589840738867
KT2440,2,20,12.75,0.035839453,0.031359522,0.03,5.730587996000001,0.005235064887048285
KT2440,2,20,13.0,0.035839453,0.031359522,0.03,5.442146275,0.005512530991276967
KT2440,2,20,13.25,0.035839453,0.031359522,0.03,5.5000470990000006,0.005454498745193381
KT2440,2,20,13.5,0.035839453,0.031359522,0.03,5.515319106000001,0.005439395150747239
KT2440,2,20,13.75,0.035839453,0.031359522,0.03,5.557815123,0.005397804593364484
KT2440,2,20,14.0,0.035839453,0.031359522,0.03,5.592210338,0.005364605082206047
KT2440,2,20,14.25,0.035839453,0.031359522,0.03,5.630987954,0.005327661903217064
KT2440,2,20,14.5,0.035839453,0.031359522,0.03,5.665515968,0.005295192912604284
KT2440,2,20,14.75,0.035839453,0.031359522,0.03,5.703762384,0.005259686147542713
KT2440,2,20,15.0,0.031359522,0.031359522,0.03,5.735103197,0.005230943362221072
KT2440,2,20,15.25,0.035839453,0.031359522,0.03,5.487962294,0.005466509861556276
KT2440,2,20,15.5,0.035839453,0.031359522,0.03,5.695927181,0.005266921266141095
KT2440,2,20,15.75,0.035839453,0.031359522,0.03,5.673351172,0.005287879965559092
KT2440,2,20,16.0,0.035839453,0.031359522,0.03,5.66949997,0.005291471939102946
KT2440,2,20,16.25,0.035839453,0.031359522,0.03,5.66949997,0.005291471939102946
KT2440,2,20,16.5,0.035839453,0.031359522,0.03,5.677202373,0.005284292866267355
KT2440,2,20,16.75,0.035839453,0.031359522,0.03,5.688888778,0.005273437602790834
KT2440,2,20,17.0,0.035839453,0.031359522,0.03,5.69287278,0.00526974713107852
KT2440,2,20,17.25,0.035839453,0.031359522,0.03,5.696723981,0.005266184582587731
KT2440,2,20,17.5,0.035839453,0.031359522,0.03,5.7044263850000005,0.005259073914756111
KT2440,2,20,17.75,0.035839453,0.031359522,0.03,5.712128788,0.0052519824243150446
KT2440,2,20,18.0,0.035839453,0.031359522,0.03,5.715979989,0.0052484438465027665
KT2440,2,20,18.25,0.035839453,0.031359522,0.03,5.727267994,0.0052380995670935245
KT2440,2,20,18.5,0.035839453,0.031359522,0.03,5.730853596,0.005234822264686588
KT2440,2,20,18.75,0.035839453,0.031359522,0.03,5.742672801,0.005224048285456199
KT2440,2,20,19.0,0.035839453,0.031359522,0.03,5.746656802,0.005220426594739248
KT2440,2,20,19.25,0.035839453,0.031359522,0.03,5.746656802,0.005220426594739248
KT2440,2,20,19.5,0.035839453,0.031359522,0.03,5.754359206,0.005213438877559011
KT2440,2,20,19.75,0.035839453,0.031359522,0.03,5.754226405,0.005213559197798022
KT2440,2,20,20.0,0.035839453,0.031359522,0.03,5.762061609,0.005206469842866965
KT2440,2,20,20.25,0.035839453,0.031359522,0.03,5.7619288090000005,0.005206589840738867
KT2440,2,20,20.5,0.040319385,0.031359522,0.03,5.769764012,0.0051995194149372075
KT2440,2,20,20.75,0.035839453,0.031359522,0.03,5.769631212,0.005199639092634609
KT2440,2,20,21.0,0.035839453,0.031359522,0.03,5.777333615,0.005192706878153859
KT2440,2,20,21.25,0.035839453,0.031359522,0.03,5.781052017,0.005189366902733405
KT2440,2,20,21.5,0.040319385,0.031359522,0.03,5.793004022,0.0051786603092401585
KT2440,2,20,21.75,0.035839453,0.031359522,0.03,5.7928712220000005,0.005178779028621741
KT2440,2,20,22.0,0.040319385,0.031359522,0.03,5.796589623,0.005175456941261546
KT2440,2,20,22.25,0.035839453,0.031359522,0.03,5.796722423,0.005175338374141776
KT2440,2,20,22.5,0.040319385,0.031359522,0.03,5.796855223000001,0.005175219812454508
KT2440,2,20,22.75,0.040319385,0.031359522,0.03,5.793136822,0.005178541595301544
KT2440,2,20,23.0,0.040319385,0.031359522,0.03,5.800839225,0.005171665484316194
KT2440,2,20,23.25,0.040319385,0.031359522,0.03,5.793004022,0.0051786603092401585
KT2440,2,20,23.5,0.040319385,0.031359522,0.03,5.792738422,0.005178897753446668
KT2440,2,20,23.75,0.044799317,0.031359522,0.03,5.804159226,0.005168707272125411
KT2440,2,20,24.0,0.040319385,0.031359522,0.03,5.800440825,0.005172020697237266
KT2440,2,20,24.25,0.040319385,0.031359522,0.03,5.804424826,0.0051684707614128725
KT2440,2,20,24.5,0.044799317,0.031359522,0.03,5.8003080250000005,0.005172139112387914
KT2440,2,20,24.75,0.044799317,0.031359522,0.03,5.808276028,0.00516504378500243
KT2440,2,20,25.0,0.044799317,0.031359522,0.03,5.8081432280000005,0.005165161880887417
KT2440,2,20,25.25,0.044799317,0.031359522,0.03,5.800440825,0.005172020697237266
KT2440,2,20,25.5,0.044799317,0.031359522,0.03,5.800175225,0.005172257532960997
KT2440,2,20,25.75,0.044799317,0.031359522,0.03,5.796456823000001,0.005175575513814191
KT2440,2,20,26.0,0.044799317,0.031359522,0.03,5.796722423,0.005175338374141776
KT2440,2,20,26.25,0.044799317,0.031359522,0.03,5.796589623,0.005175456941261546
KT2440,2,20,26.5,0.044799317,0.031359522,0.03,5.804424826,0.0051684707614128725
KT2440,2,20,26.75,0.044799317,0.031359522,0.03,5.800440825,0.005172020697237266
KT2440,2,20,27.0,0.049279249,0.031359522,0.03,5.7924728210000005,0.005179135220322166
KT2440,2,20,27.25,0.049279249,0.031359522,0.03,5.792738422,0.005178897753446668
KT2440,2,20,27.5,0.05375918,0.031359522,0.03,5.7850360180000004,0.005185793123267638
KT2440,2,20,27.75,0.049279249,0.031359522,0.03,5.777466415,0.005192587519351248
KT2440,2,20,28.0,0.049279249,0.031359522,0.03,5.777333615,0.005192706878153859
KT2440,2,20,28.25,0.049279249,0.031359522,0.03,5.761796009,0.00520670984414228
KT2440,2,20,28.5,0.05375918,0.031359522,0.03,5.745992802,0.005221029860942036
KT2440,2,20,28.75,0.05375918,0.031359522,0.03,5.7462584020000005,0.005220788537730642
KT2440,2,20,29.0,0.05375918,0.031359522,0.03,5.734704797,0.005231306765030681
KT2440,2,20,29.25,0.05375918,0.031359522,0.03,5.730853596,0.005234822264686588
KT2440,2,20,29.5,0.058239112,0.031359522,0.03,5.703895184,0.005259563689766428
KT2440,2,20,29.75,0.058239112,0.031359522,0.03,5.69247438,0.0052701159456074705
KT2440,2,20,30.0,0.062719044,0.031359522,0.031359522,5.673085572000001,0.0055277717217553715
KT2440,2,20,30.25,0.062719044,0.031359522,0.031359522,5.661930367,0.005538662605738825
KT2440,2,20,30.5,0.067198975,0.031359522,0.03583945299999999,5.661664767,0.006330196942937436
KT2440,2,20,30.75,0.067198975,0.031359522,0.03583945299999999,5.650243962,0.006342992132912082
KT2440,2,20,31.0,0.067198975,0.031359522,0.03583945299999999,5.642408759,0.006351800185130826
KT2440,2,20,31.25,0.071678907,0.031359522,0.040319385,5.630855154,0.007160437251055597
KT2440,2,20,31.5,0.071678907,0.031359522,0.040319385,5.607880744,0.007189772186781723
KT2440,2,20,31.75,0.076158839,0.031359522,0.044799317000000005,5.5963271390000005,0.008005128343516589
KT2440,2,20,32.0,0.076158839,0.031359522,0.044799317000000005,5.592475938000001,0.008010640992765949
KT2440,2,20,32.25,0.08063877,0.031359522,0.049279248,5.584773535,0.008823857886298338
KT2440,2,20,32.5,0.08063877,0.031359522,0.049279248,5.5810551330000004,0.008829736819587873
KT2440,2,20,32.75,0.085118702,0.031359522,0.053759180000000004,5.569235928,0.009652882495015032
KT2440,2,20,33.0,0.089598634,0.031359522,0.058239111999999996,5.553698322,0.010486545833664747
KT2440,2,20,33.25,0.094078565,0.031359522,0.062719043,5.5388247150000005,0.011323529128868632
KT2440,2,20,33.5,0.094078565,0.031359522,0.062719043,5.527138311,0.011347471235734742
KT2440,2,20,33.75,0.098558497,0.031359522,0.067198975,5.500179899,0.012217595830314131
KT2440,2,20,34.0,0.103038429,0.031359522,0.071678907,5.457683881,0.013133576176798722
KT2440,2,20,34.25,0.10751836,0.031359522,0.07615883799999999,5.419304665,0.014053249025075801
KT2440,2,20,34.5,0.111998292,0.031359522,0.08063877,5.361536641,0.015040234805699241
KT2440,2,20,34.75,0.120958155,0.031359522,0.089598633,5.2960662140000005,0.01691795936447104
KT2440,2,20,35.0,0.125438087,0.031359522,0.094078565,5.257421398,0.017894431105672615
KT2440,2,20,35.25,0.129918019,0.031359522,0.098558497,5.195669372,0.018969355042324658
KT2440,2,20,35.5,0.138877882,0.031359522,0.10751836000000001,5.138166948,0.020925431401533356
KT2440,2,20,35.75,0.143357814,0.031359522,0.111998292,5.068845319,0.02209542508235296
KT2440,2,20,36.0,0.147837746,0.031359522,0.11647822399999999,4.984118884,0.023369872731952273
KT2440,2,20,36.25,0.156797609,0.031359522,0.125438087,4.895408446,0.025623620252257905
KT2440,2,20,36.5,0.165757472,0.031359522,0.13439795,4.868450035,0.02760590106374584
KT2440,2,20,36.75,0.174717336,0.031359522,0.143357814,4.811080411,0.029797426306205216
KT2440,2,20,37.0,0.183677199,0.031359522,0.152317677,4.7150659710000005,0.03230446359326242
KT2440,2,20,37.25,0.192637062,0.031359522,0.16127754,4.5607523070000004,0.03536204756229924
KT2440,2,20,37.5,0.206076857,0.031359522,0.174717335,4.552917103,0.03837481136761211
KT2440,2,20,37.75,0.219516652,0.031359522,0.18815713,4.541363498,0.04143185853386625
KT2440,2,20,38.0,0.232956447,0.031359522,0.201596925,4.525427492,0.04454759806811197
KT2440,2,20,38.25,0.246396243,0.031359522,0.215036721,4.517061088,0.047605448943620746
KT2440,2,20,38.5,0.259836038,0.031359522,0.228476516,4.4906338770000005,0.050878455527226224
KT2440,2,20,38.75,0.277755764,0.031359522,0.24639624200000002,4.490235477000001,0.05487379075375828
KT2440,2,20,39.0,0.295675491,0.031359522,0.264315969,4.4784162720000005,0.05901996441299103
KT2440,2,20,39.25,0.313595218,0.031359522,0.282235696,4.466862667,0.06318432354884843
KT2440,2,20,39.5,0.331514944,0.031359522,0.300155422,4.4549106620000005,0.06737630555878474
KT2440,2,20,39.75,0.349434671,0.031359522,0.318075149,4.435787454000001,0.07170658024048777
KT2440,2,20,40.0,0.37183433,0.031359522,0.34047480799999996,4.415734646000001,0.0771049067245061
KT2440,3,20,0.0,0.040319385,0.031359522,0.03,0.03,1.0
KT2440,3,20,0.25,0.044799317,0.031359522,0.03,0.03,1.0
KT2440,3,20,0.5,0.044799317,0.031359522,0.03,0.03,1.0
KT2440,3,20,0.75,0.049279249,0.031359522,0.03,0.03,1.0
KT2440,3,20,1.0,0.05375918,0.031359522,0.03,0.03,1.0
KT2440,3,20,1.25,0.049279249,0.031359522,0.03,0.03,1.0
KT2440,3,20,1.5,0.058239112,0.031359522,0.03,0.03,1.0
KT2440,3,20,1.75,0.058239112,0.031359522,0.03,0.03,1.0
KT2440,3,20,2.0,0.05375918,0.031359522,0.03,0.03,1.0
KT2440,3,20,2.25,0.058239112,0.031359522,0.03,0.034660814,0.8655307402763247
KT2440,3,20,2.5,0.05375918,0.031359522,0.03,0.038910416,0.7710017800889097
KT2440,3,20,2.75,0.05375918,0.031359522,0.03,0.053784022,0.5577864742060383
KT2440,3,20,3.0,0.05375918,0.031359522,0.03,0.069321629,0.4327653638953003
KT2440,3,20,3.25,0.05375918,0.031359522,0.03,0.09614724,0.312021437120816
KT2440,3,20,3.5,0.05375918,0.031359522,0.03,0.13080805499999998,0.22934367459251653
KT2440,3,20,3.75,0.049279249,0.031359522,0.03,0.169585671,0.17690173835500525
KT2440,3,20,4.0,0.049279249,0.031359522,0.03,0.254179306,0.11802691758077269
KT2440,3,20,4.25,0.049279249,0.031359522,0.03,0.408227371,0.07348845797995254
KT2440,3,20,4.5,0.049279249,0.031359522,0.03,0.677944283,0.04425142412477575
KT2440,3,20,4.75,0.049279249,0.031359522,0.03,0.88577637,0.033868593717396187
KT2440,3,20,5.0,0.049279249,0.031359522,0.03,1.0630644439999999,0.02822030232439982
KT2440,3,20,5.25,0.049279249,0.031359522,0.03,1.170898089,0.02562135875174359
KT2440,3,20,5.5,0.049279249,0.031359522,0.03,1.247656521,0.02404507931073443
KT2440,3,20,5.75,0.044799317,0.031359522,0.03,1.201707702,0.024964473432325558
KT2440,3,20,6.0,0.044799317,0.031359522,0.03,1.120699668,0.02676899160105756
KT2440,3,20,6.25,0.044799317,0.031359522,0.03,1.159477285,0.025873728091188954
KT2440,3,20,6.5,0.044799317,0.031359522,0.03,1.398118984,0.021457401225016198
KT2440,3,20,6.75,0.040319385,0.031359522,0.03,1.609935073,0.018634291843892266
KT2440,3,20,7.0,0.044799317,0.031359522,0.03,1.825602363,0.016432932279240264
KT2440,3,20,7.25,0.040319385,0.031359522,0.03,2.03343445,0.0147533646830858
KT2440,3,20,7.5,0.040319385,0.031359522,0.03,2.195317718,0.013665447945881334
KT2440,3,20,7.75,0.040319385,0.031359522,0.03,2.3263913720000002,0.012895508623817229
KT2440,3,20,8.0,0.044799317,0.031359522,0.03,2.484290638,0.01207588175920985
KT2440,3,20,8.25,0.040319385,0.031359522,0.03,2.634487501,0.01138741405628707
KT2440,3,20,8.5,0.044799317,0.031359522,0.03,2.819079578,0.010641771248360268
KT2440,3,20,8.75,0.044799317,0.031359522,0.03,3.034746869,0.00988550323799675
KT2440,3,20,9.0,0.044799317,0.031359522,0.03,3.246828557,0.009239785678033876
KT2440,3,20,9.25,0.040319385,0.031359522,0.03,3.4354046360000003,0.008732595772162193
KT2440,3,20,9.5,0.040319385,0.031359522,0.03,3.6435023230000003,0.008233835837189337
KT2440,3,20,9.75,0.035839453,0.031359522,0.03,3.782012781,0.00793228413999905
KT2440,3,20,10.0,0.040319385,0.031359522,0.03,3.978291263,0.0075409259947893355
KT2440,3,20,10.25,0.035839453,0.031359522,0.03,4.143892932,0.007239569287211496
KT2440,3,20,10.5,0.040319385,0.031359522,0.03,4.313744203000001,0.006954515286079422
KT2440,3,20,10.75,0.040319385,0.031359522,0.03,4.479345872000001,0.006697406464530318
KT2440,3,20,11.0,0.040319385,0.031359522,0.03,4.621707532,0.006491107408308414
KT2440,3,20,11.25,0.040319385,0.031359522,0.03,4.814134812,0.006231649335041513
KT2440,3,20,11.5,0.035839453,0.031359522,0.03,5.3378982310000005,0.005620189576821476
KT2440,3,20,11.75,0.035839453,0.031359522,0.03,5.834836039,0.005141532649671769
KT2440,3,20,12.0,0.040319385,0.031359522,0.03,5.88503446,0.005097676182511258
KT2440,3,20,12.25,0.035839453,0.031359522,0.03,5.723151192,0.005241867459649665
KT2440,3,20,12.5,0.035839453,0.031359522,0.03,5.496195898,0.005458320728872972
KT2440,3,20,12.75,0.035839453,0.031359522,0.03,5.4494502780000005,0.0055051424399839245
KT2440,3,20,13.0,0.035839453,0.031359522,0.03,5.499914299,0.005454630448597104
KT2440,3,20,13.25,0.035839453,0.031359522,0.03,5.511600704,0.005443064839263072
KT2440,3,20,13.5,0.035839453,0.031359522,0.03,5.561533525000001,0.005394195659370766
KT2440,3,20,13.75,0.035839453,0.031359522,0.03,5.604029543,0.0053532908364969335
KT2440,3,20,14.0,0.035839453,0.031359522,0.03,5.634573555,0.005324271607631893
KT2440,3,20,14.25,0.035839453,0.031359522,0.03,5.673351172,0.005287879965559092
KT2440,3,20,14.5,0.035839453,0.031359522,0.03,5.700176783,0.00526299466526563
KT2440,3,20,14.75,0.035839453,0.031359522,0.03,5.726869594,0.005238463964926106
KT2440,3,20,15.0,0.035839453,0.031359522,0.03,5.750508004,0.0052169303962593
KT2440,3,20,15.25,0.035839453,0.031359522,0.03,5.360872641,0.005596103845213508
KT2440,3,20,15.5,0.035839453,0.031359522,0.03,5.715183189,0.005249175574588917
KT2440,3,20,15.75,0.035839453,0.031359522,0.03,5.711863188000001,0.005252226639991434
KT2440,3,20,16.0,0.040319385,0.031359522,0.03,5.715714389,0.005248687733196669
KT2440,3,20,16.25,0.040319385,0.031359522,0.03,5.711863188000001,0.005252226639991434
KT2440,3,20,16.5,0.040319385,0.031359522,0.03,5.708011986,0.005255770323114385
KT2440,3,20,16.75,0.040319385,0.031359522,0.03,5.715847189,0.005248565787016529
KT2440,3,20,17.0,0.040319385,0.031359522,0.03,5.712128788,0.0052519824243150446
KT2440,3,20,17.25,0.044799317,0.031359522,0.03,5.715979989,0.0052484438465027665
KT2440,3,20,17.5,0.040319385,0.031359522,0.03,5.719831191,0.005244910032870234
KT2440,3,20,17.75,0.044799317,0.031359522,0.03,5.723682393,0.005241380974718246
KT2440,3,20,18.0,0.035839453,0.031359522,0.03,5.723682393,0.005241380974718246
KT2440,3,20,18.25,0.044799317,0.031359522,0.03,5.727267994,0.0052380995670935245
KT2440,3,20,18.5,0.040319385,0.031359522,0.03,5.730853596,0.005234822264686588
KT2440,3,20,18.75,0.044799317,0.031359522,0.03,5.738821599,0.005227554033954906
KT2440,3,20,19.0,0.040319385,0.031359522,0.03,5.738954399,0.005227433067812393
KT2440,3,20,19.25,0.044799317,0.031359522,0.03,5.742805601000001,0.005223927481504174
KT2440,3,20,19.5,0.040319385,0.031359522,0.03,5.750508004,0.0052169303962593
KT2440,3,20,19.75,0.049279249,0.031359522,0.03,5.754226405,0.005213559197798022
KT2440,3,20,20.0,0.040319385,0.031359522,0.03,5.762061609,0.005206469842866965
KT2440,3,20,20.25,0.044799317,0.031359522,0.03,5.7619288090000005,0.005206589840738867
KT2440,3,20,20.5,0.040319385,0.031359522,0.03,5.7659128100000006,0.005202992308168461
KT2440,3,20,20.75,0.044799317,0.031359522,0.03,5.76578001,0.005203112145792742
KT2440,3,20,21.0,0.044799317,0.031359522,0.03,5.769631212,0.005199639092634609
KT2440,3,20,21.25,0.044799317,0.031359522,0.03,5.773349613000001,0.005196290197366226
KT2440,3,20,21.5,0.040319385,0.031359522,0.03,5.793004022,0.0051786603092401585
KT2440,3,20,21.75,0.049279249,0.031359522,0.03,5.7928712220000005,0.005178779028621741
KT2440,3,20,22.0,0.040319385,0.031359522,0.03,5.796589623,0.005175456941261546
KT2440,3,20,22.25,0.044799317,0.031359522,0.03,5.7928712220000005,0.005178779028621741
KT2440,3,20,22.5,0.040319385,0.031359522,0.03,5.785301618,0.005185555046371309
KT2440,3,20,22.75,0.040319385,0.031359522,0.03,5.7815832170000006,0.00518889011435291
KT2440,3,20,23.0,0.044799317,0.031359522,0.03,5.777732015,0.005192348818206654
KT2440,3,20,23.25,0.049279249,0.031359522,0.03,5.78915282,0.0051821053844627995
KT2440,3,20,23.5,0.044799317,0.031359522,0.03,5.792738422,0.005178897753446668
KT2440,3,20,23.75,0.044799317,0.031359522,0.03,5.796456823000001,0.005175575513814191
KT2440,3,20,24.0,0.044799317,0.031359522,0.03,5.796589623,0.005175456941261546
KT2440,3,20,24.25,0.044799317,0.031359522,0.03,5.796722423,0.005175338374141776
KT2440,3,20,24.5,0.044799317,0.031359522,0.03,5.796456823000001,0.005175575513814191
KT2440,3,20,24.75,0.044799317,0.031359522,0.03,5.804424826,0.0051684707614128725
KT2440,3,20,25.0,0.044799317,0.031359522,0.03,5.800440825,0.005172020697237266
KT2440,3,20,25.25,0.044799317,0.031359522,0.03,5.8081432280000005,0.005165161880887417
KT2440,3,20,25.5,0.044799317,0.031359522,0.03,5.811728829000001,0.005161975185473678
KT2440,3,20,25.75,0.049279249,0.031359522,0.03,5.808010428,0.005165279982172924
KT2440,3,20,26.0,0.044799317,0.031359522,0.03,5.808276028,0.00516504378500243
KT2440,3,20,26.25,0.049279249,0.031359522,0.03,5.804292026000001,0.005168589014063503
KT2440,3,20,26.5,0.049279249,0.031359522,0.03,5.808276028,0.00516504378500243
KT2440,3,20,26.75,0.049279249,0.031359522,0.03,5.81199443,0.005161739289553998
KT2440,3,20,27.0,0.049279249,0.031359522,0.03,5.811728829000001,0.005161975185473678
KT2440,3,20,27.25,0.049279249,0.031359522,0.03,5.804292026000001,0.005168589014063503
KT2440,3,20,27.5,0.049279249,0.031359522,0.03,5.804292026000001,0.005168589014063503
KT2440,3,20,27.75,0.049279249,0.031359522,0.03,5.796722423,0.005175338374141776
KT2440,3,20,28.0,0.049279249,0.031359522,0.03,5.796589623,0.005175456941261546
KT2440,3,20,28.25,0.049279249,0.031359522,0.03,5.796456823000001,0.005175575513814191
KT2440,3,20,28.5,0.049279249,0.031359522,0.03,5.780653616,0.005189724552421616
KT2440,3,20,28.75,0.058239112,0.031359522,0.03,5.773216813,0.005196409726453833
KT2440,3,20,29.0,0.05375918,0.031359522,0.03,5.765514410000001,0.005203351837602986
KT2440,3,20,29.25,0.05375918,0.031359522,0.03,5.753960805,0.005213799853125693
KT2440,3,20,29.5,0.05375918,0.031359522,0.03,5.734704797,0.005231306765030681
KT2440,3,20,29.75,0.05375918,0.031359522,0.03,5.742540001,0.005224169094995564
KT2440,3,20,30.0,0.05375918,0.031359522,0.03,5.742407201,0.005224289910122659
KT2440,3,20,30.25,0.05375918,0.031359522,0.03,5.742805601000001,0.005223927481504174
KT2440,3,20,30.5,0.058239112,0.031359522,0.03,5.738688799,0.005227675005696018
KT2440,3,20,30.75,0.058239112,0.031359522,0.03,5.7349703970000006,0.005231064490880928
KT2440,3,20,31.0,0.062719044,0.031359522,0.031359522,5.715581589,0.005486672093064578
KT2440,3,20,31.25,0.062719044,0.031359522,0.031359522,5.696325581,0.005505219382929791
KT2440,3,20,31.5,0.067198975,0.031359522,0.03583945299999999,5.673351172,0.00631715751650989
KT2440,3,20,31.75,0.067198975,0.031359522,0.03583945299999999,5.673351172,0.00631715751650989
KT2440,3,20,32.0,0.067198975,0.031359522,0.03583945299999999,5.677202373,0.006312872193960804
KT2440,3,20,32.25,0.067198975,0.031359522,0.03583945299999999,5.657946365,0.006334357147975544
KT2440,3,20,32.5,0.067198975,0.031359522,0.03583945299999999,5.6503767620000005,0.0063428430544717
KT2440,3,20,32.75,0.071678907,0.031359522,0.040319385,5.64625996,0.007140901284325562
KT2440,3,20,33.0,0.071678907,0.031359522,0.040319385,5.6268711520000005,0.007165507066155048
KT2440,3,20,33.25,0.076158839,0.031359522,0.044799317000000005,5.619699949,0.00797183433396152
KT2440,3,20,33.5,0.076158839,0.031359522,0.044799317000000005,5.611864746,0.007982964491781784
KT2440,3,20,33.75,0.08063877,0.031359522,0.049279248,5.588757536,0.008817567712066154
KT2440,3,20,34.0,0.08063877,0.031359522,0.049279248,5.565517527,0.008854387352286924
KT2440,3,20,34.25,0.085118702,0.031359522,0.053759180000000004,5.523287109,0.009733185861803441
KT2440,3,20,34.5,0.089598634,0.031359522,0.058239111999999996,5.496328698,0.010596002386318708
KT2440,3,20,34.75,0.089598634,0.031359522,0.058239111999999996,5.488626294,0.010610872170995723
KT2440,3,20,35.0,0.094078565,0.031359522,0.062719043,5.476939890000001,0.01145147550633425
KT2440,3,20,35.25,0.098558497,0.031359522,0.067198975,5.43059267,0.012374151236056523
KT2440,3,20,35.5,0.103038429,0.031359522,0.071678907,5.388495053000001,0.013302212639147428
KT2440,3,20,35.75,0.10751836,0.031359522,0.07615883799999999,5.346131835,0.014245596695054189
KT2440,3,20,36.0,0.10751836,0.031359522,0.07615883799999999,5.338429432,0.014266150554221655
KT2440,3,20,36.25,0.111998292,0.031359522,0.08063877,5.280528607,0.01527096546605263
KT2440,3,20,36.5,0.116478224,0.031359522,0.085118702,5.176546164,0.01644314554595364
KT2440,3,20,36.75,0.125438087,0.031359522,0.094078565,5.115325338,0.01839151154299465
KT2440,3,20,37.0,0.125438087,0.031359522,0.094078565,5.069376519,0.018558212168181622
KT2440,3,20,37.25,0.13439795,0.031359522,0.10303842799999999,5.007491693,0.020576854504629125
KT2440,3,20,37.5,0.138877882,0.031359522,0.10751836000000001,4.938037264,0.02177350114059407
KT2440,3,20,37.75,0.147837746,0.031359522,0.11647822399999999,4.884120442,0.023848352100077057
KT2440,3,20,38.0,0.152317677,0.031359522,0.12095815500000001,4.8258212170000006,0.02506478163217044
KT2440,3,20,38.25,0.156797609,0.031359522,0.125438087,4.798198806,0.026142744823983436
KT2440,3,20,38.5,0.165757472,0.031359522,0.13439795,4.721705974,0.02846385411121747
KT2440,3,20,38.75,0.174717336,0.031359522,0.143357814,4.625027533,0.030996099585814077
KT2440,3,20,39.0,0.179197267,0.031359522,0.147837745,4.513077087,0.03275763789319028
KT2440,3,20,39.25,0.188157131,0.031359522,0.156797609,4.505374683,0.034802346093797676
KT2440,3,20,39.5,0.197116994,0.031359522,0.165757472,4.485720275,0.03695225333684009
KT2440,3,20,39.75,0.210556789,0.031359522,0.179197267,4.47429947,0.04005035161403713
KT2440,3,20,40.0,0.219516652,0.031359522,0.18815713,4.458097864,0.04220569752840222
KT2440,1,25,0.0,0.056307224,0.027356811,0.03,0.03,1.0
KT2440,1,25,0.25,0.055908823,0.027356811,0.03,0.03,1.0
KT2440,1,25,0.5,0.055908823,0.027356811,0.03,0.03,1.0
KT2440,1,25,0.75,0.055776023,0.027356811,0.03,0.03,1.0
KT2440,1,25,1.0,0.055908823,0.027356811,0.03,0.030809612999999996,0.9737220652528158
KT2440,1,25,1.25,0.055776023,0.027356811,0.03,0.03,1.0
KT2440,1,25,1.5,0.051924822,0.027356811,0.03,0.034528013999999996,0.8688597033122148
KT2440,1,25,1.75,0.052190422,0.027356811,0.03,0.030942413,0.9695430023508509
KT2440,1,25,2.0,0.052190422,0.027356811,0.03,0.038644816,0.7763007592014411
KT2440,1,25,2.25,0.052057622,0.027356811,0.03,0.04236321800000001,0.7081614999124947
KT2440,1,25,2.5,0.052456022,0.027356811,0.03,0.054315222999999996,0.5523313418044883
KT2440,1,25,2.75,0.051924822,0.027356811,0.03,0.06918882900000001,0.4335960072398392
KT2440,1,25,3.0,0.052057622,0.027356811,0.03,0.084726435,0.35408075413535334
KT2440,1,25,3.25,0.051924822,0.027356811,0.03,0.103849643,0.28887918276233265
KT2440,1,25,3.5,0.051924822,0.027356811,0.03,0.13851045799999998,0.21659014368431304
KT2440,1,25,3.75,0.052190422,0.027356811,0.03,0.173436872,0.1729735992932345
KT2440,1,25,4.0,0.04820642,0.027356811,0.03,0.234923298,0.12770125507092106
KT2440,1,25,4.25,0.04820642,0.027356811,0.03,0.377417758,0.07948751579410315
KT2440,1,25,4.5,0.04833922,0.027356811,0.03,0.639432267,0.0469166189262701
KT2440,1,25,4.75,0.04820642,0.027356811,0.03,0.870371564,0.034468037836769216
KT2440,1,25,5.0,0.04833922,0.027356811,0.03,1.009147622,0.029728058953896044
KT2440,1,25,5.25,0.04833922,0.027356811,0.03,1.082320452,0.027718223327077993
KT2440,1,25,5.5,0.04807362,0.027356811,0.03,1.155227683,0.025968906771774446
KT2440,1,25,5.75,0.04833922,0.027356811,0.03,1.0707668479999999,0.028017303725862086
KT2440,1,25,6.0,0.04820642,0.027356811,0.03,1.224682112,0.02449615267998623
KT2440,1,25,6.25,0.044620819,0.027356811,0.03,1.5253414379999999,0.019667727665836875
KT2440,1,25,6.5,0.044488019,0.027356811,0.03,1.617637476,0.01854556440802933
KT2440,1,25,6.75,0.044488019,0.027356811,0.03,1.667703097,0.017988813508811274
KT2440,1,25,7.0,0.044488019,0.027356811,0.03,1.829453565,0.01639833914013554
KT2440,1,25,7.25,0.044355219,0.027356811,0.03,2.05654166,0.014587596538161059
KT2440,1,25,7.5,0.044488019,0.027356811,0.03,2.2145737260000002,0.01354662508987068
KT2440,1,25,7.75,0.044620819,0.027356811,0.03,2.3610521870000003,0.012706199450050528
KT2440,1,25,8.0,0.044620819,0.027356811,0.03,2.5343562590000004,0.011837325511543243
KT2440,1,25,8.25,0.044620819,0.027356811,0.03,2.765428356,0.0108482289678236
KT2440,1,25,8.5,0.044355219,0.027356811,0.03,2.938466828,0.010209405705770315
KT2440,1,25,8.75,0.044355219,0.027356811,0.03,3.1117709010000003,0.009640812564433707
KT2440,1,25,9.0,0.044620819,0.027356811,0.03,3.308447783,0.00906769638443467
KT2440,1,25,9.25,0.040636817,0.027356811,0.03,3.5162798700000004,0.008531744090097127
KT2440,1,25,9.5,0.040769617,0.027356811,0.03,3.7012703470000003,0.008105325249833742
KT2440,1,25,9.75,0.040636817,0.027356811,0.03,3.8359296030000003,0.007820790031323209
KT2440,1,25,10.0,0.040504017,0.027356811,0.03,4.039910489,0.007425907104052175
KT2440,1,25,10.25,0.040504017,0.027356811,0.03,4.197809755000001,0.00714658399282318
KT2440,1,25,10.5,0.040902417,0.027356811,0.03,4.352256219,0.006892976536866889
KT2440,1,25,10.75,0.040902417,0.027356811,0.03,4.517857889,0.006640315108857998
KT2440,1,25,11.0,0.040769617,0.027356811,0.03,4.748797185,0.006317389189574328
KT2440,1,25,11.25,0.040636817,0.027356811,0.03,5.206957377,0.005761522099741973
KT2440,1,25,11.5,0.040636817,0.027356811,0.03,5.7422744,0.005224410731747685
KT2440,1,25,11.75,0.040769617,0.027356811,0.03,5.696192781000001,0.0052666756820567645
KT2440,1,25,12.0,0.040902417,0.027356811,0.03,5.673218372,0.00528800374546908
KT2440,1,25,12.25,0.040769617,0.027356811,0.03,5.542144717,0.005413066877878137
KT2440,1,25,12.5,0.041035217,0.027356811,0.03,5.423023067,0.005531969831099374
KT2440,1,25,12.75,0.040504017,0.027356811,0.03,5.457152681,0.005497372302675363
KT2440,1,25,13.0,0.040902417,0.027356811,0.03,5.4960630980000005,0.005458452616913532
KT2440,1,25,13.25,0.037184016,0.027356811,0.03,5.546261519000001,0.005409048941747169
KT2440,1,25,13.5,0.037051215,0.027356811,0.03,5.600045541,0.005357099291489494
KT2440,1,25,13.75,0.037184016,0.027356811,0.03,5.650243962,0.005309505253536165
KT2440,1,25,14.0,0.036918415,0.027356811,0.03,5.676936773,0.005284540096110032
KT2440,1,25,14.25,0.037184016,0.027356811,0.03,5.6887559780000005,0.005273560707475999
KT2440,1,25,14.5,0.037051215,0.027356811,0.03,5.711730388,0.005252348756346795
KT2440,1,25,14.75,0.036785615,0.027356811,0.03,5.730720796,0.005234943573056251
KT2440,1,25,15.0,0.037316816,0.027356811,0.03,5.746656802,0.005220426594739248
KT2440,1,25,15.25,0.052057622,0.027356811,0.03,5.360872641,0.005596103845213508
KT2440,1,25,15.5,0.036652815,0.027356811,0.03,5.692075979,0.005270484812690515
KT2440,1,25,15.75,0.037184016,0.027356811,0.03,5.700309583,0.005262872053382648
KT2440,1,25,16.0,0.037184016,0.027356811,0.03,5.700309583,0.005262872053382648
KT2440,1,25,16.25,0.037184016,0.027356811,0.03,5.6887559780000005,0.005273560707475999
KT2440,1,25,16.5,0.037184016,0.027356811,0.03,5.700309583,0.005262872053382648
KT2440,1,25,16.75,0.037316816,0.027356811,0.03,5.711995988,0.005252104529314316
KT2440,1,25,17.0,0.037449616,0.027356811,0.03,5.7044263850000005,0.005259073914756111
KT2440,1,25,17.25,0.037449616,0.027356811,0.03,5.712128788,0.0052519824243150446
KT2440,1,25,17.5,0.037449616,0.027356811,0.03,5.715979989,0.0052484438465027665
KT2440,1,25,17.75,0.037449616,0.027356811,0.03,5.7275335940000005,0.0052378566633685284
KT2440,1,25,18.0,0.037449616,0.027356811,0.03,5.742938401,0.0052238066831391036
KT2440,1,25,18.25,0.037184016,0.027356811,0.03,5.742672801,0.005224048285456199
KT2440,1,25,18.5,0.036918415,0.027356811,0.03,5.742407201,0.005224289910122659
KT2440,1,25,18.75,0.037184016,0.027356811,0.03,5.754226405,0.005213559197798022
KT2440,1,25,19.0,0.037316816,0.027356811,0.03,5.750508004,0.0052169303962593
KT2440,1,25,19.25,0.037316816,0.027356811,0.03,5.754359206,0.005213438877559011
KT2440,1,25,19.5,0.037316816,0.027356811,0.03,5.754359206,0.005213438877559011
KT2440,1,25,19.75,0.037184016,0.027356811,0.03,5.76578001,0.005203112145792742
KT2440,1,25,20.0,0.037316816,0.027356811,0.03,5.762061609,0.005206469842866965
KT2440,1,25,20.25,0.037184016,0.027356811,0.03,5.76578001,0.005203112145792742
KT2440,1,25,20.5,0.037316816,0.027356811,0.03,5.769764012,0.0051995194149372075
KT2440,1,25,20.75,0.037184016,0.027356811,0.03,5.7619288090000005,0.005206589840738867
KT2440,1,25,21.0,0.037184016,0.027356811,0.03,5.76578001,0.005203112145792742
KT2440,1,25,21.25,0.037051215,0.027356811,0.03,5.7772008150000005,0.00519282624244385
KT2440,1,25,21.5,0.037449616,0.027356811,0.03,5.773748014000001,0.005195931642194456
KT2440,1,25,21.75,0.037316816,0.027356811,0.03,5.746656802,0.005220426594739248
KT2440,1,25,22.0,0.037184016,0.027356811,0.03,5.731119196,0.00523457966481282
KT2440,1,25,22.25,0.037316816,0.027356811,0.03,5.708144786,0.005255648047607179
KT2440,1,25,22.5,0.037449616,0.027356811,0.03,5.696723981,0.005266184582587731
KT2440,1,25,22.75,0.037582416,0.027356811,0.03,5.673749572,0.005287508660595497
KT2440,1,25,23.0,0.037582416,0.027356811,0.03,5.66989837,0.005291100129542533
KT2440,1,25,23.25,0.037449616,0.027356811,0.03,5.6582119650000005,0.005302028306039255
KT2440,1,25,23.5,0.037184016,0.027356811,0.03,5.650243962,0.005309505253536165
KT2440,1,25,23.75,0.037051215,0.027356811,0.03,5.630855154,0.0053277875526044835
KT2440,1,25,24.0,0.037184016,0.027356811,0.03,5.630987954,0.005327661903217064
KT2440,1,25,24.25,0.037316816,0.027356811,0.03,5.619567149,0.005338489460943356
KT2440,1,25,24.5,0.037051215,0.027356811,0.03,5.607747944000001,0.0053497411616188
KT2440,1,25,24.75,0.037316816,0.027356811,0.03,5.6041623430000005,0.005353163981316877
KT2440,1,25,25.0,0.037184016,0.027356811,0.03,5.584773535,0.005371748704220286
KT2440,1,25,25.25,0.037184016,0.027356811,0.03,5.569368728000001,0.005386606896608408
KT2440,1,25,25.5,0.036918415,0.027356811,0.03,5.54984712,0.00540555430651214
KT2440,1,25,25.75,0.037051215,0.027356811,0.03,5.538426315000001,0.0054167011157572826
KT2440,1,25,26.0,0.037316816,0.027356811,0.03,5.504031101,0.005450550596370985
KT2440,1,25,26.25,0.037184016,0.027356811,0.03,5.457683881,0.005496837239774899
KT2440,1,25,26.5,0.037316816,0.027356811,0.03,5.3692390450000005,0.005587383938127492
KT2440,1,25,26.75,0.037184016,0.027356811,0.03,5.334445430000001,0.00562382733006981
KT2440,1,25,27.0,0.036918415,0.027356811,0.03,5.268709402,0.00569399405262549
KT2440,1,25,27.25,0.037184016,0.027356811,0.03,5.176546164,0.005795369933843789
KT2440,1,25,27.5,0.037184016,0.027356811,0.03,5.080266124,0.005905202457460868
KT2440,1,25,27.75,0.037316816,0.027356811,0.03,4.984118884,0.00601911806243344
KT2440,1,25,28.0,0.037184016,0.027356811,0.03,4.899259648,0.006123374173942127
KT2440,1,25,28.25,0.037051215,0.027356811,0.03,4.795144404,0.006256328792720962
KT2440,1,25,28.5,0.036652815,0.027356811,0.03,4.7177219720000005,0.006359001267571941
KT2440,1,25,28.75,0.036918415,0.027356811,0.03,4.698731564,0.0063847018267332535
KT2440,1,25,29.0,0.036918415,0.027356811,0.03,4.6871779590000004,0.006400439723521919
KT2440,1,25,29.25,0.036918415,0.027356811,0.03,4.679475556,0.0064109748284792625
KT2440,1,25,29.5,0.036918415,0.027356811,0.03,4.6640707500000005,0.006432149426549757
KT2440,1,25,29.75,0.037051215,0.027356811,0.03,4.64109634,0.0064639899287244704
KT2440,1,25,30.0,0.036918415,0.027356811,0.03,4.625558734,0.006485702965889525
KT2440,1,25,30.25,0.037316816,0.027356811,0.03,4.6144035290000005,0.006501381990426264
KT2440,1,25,30.5,0.037051215,0.027356811,0.03,4.606435526,0.006512627785773116
KT2440,1,25,30.75,0.033332814,0.027356811,0.03,4.591163519,0.006534291335050137
KT2440,1,25,31.0,0.033200014,0.027356811,0.03,4.571774711,0.006562003138041331
KT2440,1,25,31.25,0.037051215,0.027356811,0.03,4.571774711,0.006562003138041331
KT2440,1,25,31.5,0.033332814,0.027356811,0.03,4.548800302,0.006595145534704987
KT2440,1,25,31.75,0.033332814,0.027356811,0.03,4.5449491,0.006600733988418044
KT2440,1,25,32.0,0.037184016,0.027356811,0.03,4.533395495000001,0.006617556318015442
KT2440,1,25,32.25,0.033332814,0.027356811,0.03,4.506437084,0.006657143867938221
KT2440,1,25,32.5,0.037316816,0.027356811,0.03,4.4988674810000004,0.0066683448949537965
KT2440,1,25,32.75,0.033200014,0.027356811,0.03,4.487048276,0.006685909790732993
KT2440,1,25,33.0,0.036918415,0.027356811,0.03,4.471510669000001,0.00670914199265662
KT2440,1,25,33.25,0.033598414,0.027356811,0.03,4.460488265,0.006725721090984643
KT2440,1,25,33.5,0.037316816,0.027356811,0.03,4.441099456,0.006755084027553019
KT2440,1,25,33.75,0.033465614,0.027356811,0.03,4.421843448000001,0.006784500707181073
KT2440,1,25,34.0,0.033332814,0.027356811,0.03,4.410157044,0.006802478846147865
KT2440,1,25,34.25,0.037316816,0.027356811,0.03,4.406438642,0.006808219162308262
KT2440,1,25,34.5,0.033465614,0.027356811,0.03,4.3794802310000005,0.006850127964420533
KT2440,1,25,34.75,0.033465614,0.027356811,0.03,4.371777828,0.006862196840804326
KT2440,1,25,35.0,0.033332814,0.027356811,0.03,4.344686616000001,0.0069049859406476455
KT2440,1,25,35.25,0.033200014,0.027356811,0.03,4.336851413,0.006917460881890721
KT2440,1,25,35.5,0.033465614,0.027356811,0.03,4.325563408,0.00693551271136516
KT2440,1,25,35.75,0.033465614,0.027356811,0.03,4.302456199,0.006972761281561161
KT2440,1,25,36.0,0.033465614,0.027356811,0.03,4.287051392,0.006997816740891544
KT2440,1,25,36.25,0.033332814,0.027356811,0.03,4.275364987000001,0.007016944773421749
KT2440,1,25,36.5,0.033332814,0.027356811,0.03,4.248406576,0.007061471039395171
KT2440,1,25,36.75,0.033731214,0.027356811,0.03,4.2526561780000005,0.007054414639771989
KT2440,1,25,37.0,0.033996814,0.027356811,0.03,4.237516971,0.007079617664143628
KT2440,1,25,37.25,0.033731214,0.027356811,0.03,4.206441758,0.007131918549197703
KT2440,1,25,37.5,0.033598414,0.027356811,0.03,4.194755354,0.007151787760731469
KT2440,1,25,37.75,0.033598414,0.027356811,0.03,4.183201749,0.007171540317693627
KT2440,1,25,38.0,0.033067214,0.027356811,0.03,4.148009734,0.007232384185142801
KT2440,1,25,38.25,0.032403214,0.027356811,0.03,4.1319409270000005,0.00726051038241283
KT2440,1,25,38.5,0.032934414,0.027356811,0.03,4.128620926,0.007266348869927711
KT2440,1,25,38.75,0.032536014,0.027356811,0.03,4.108966518,0.007301105976059939
KT2440,1,25,39.0,0.032270413,0.027356811,0.03,4.085593708,0.007342874045761575
KT2440,1,25,39.25,0.032270413,0.027356811,0.03,4.070188901,0.007370665276156921
KT2440,1,25,39.5,0.031872013,0.027356811,0.03,4.058236896,0.007392372788678129
KT2440,1,25,39.75,0.032004813,0.027356811,0.03,4.031411285,0.007441562737997842
KT2440,1,25,40.0,0.031208013,0.027356811,0.03,4.011358477,0.007478763160164207
KT2440,2,25,0.0,0.04860482,0.027356811,0.03,0.03,1.0
KT2440,2,25,0.25,0.044355219,0.027356811,0.03,0.03,1.0
KT2440,2,25,0.5,0.044355219,0.027356811,0.03,0.03,1.0
KT2440,2,25,0.75,0.044222418,0.027356811,0.03,0.03,1.0
KT2440,2,25,1.0,0.04820642,0.027356811,0.03,0.03,1.0
KT2440,2,25,1.25,0.044222418,0.027356811,0.03,0.03,1.0
KT2440,2,25,1.5,0.044222418,0.027356811,0.03,0.034528013999999996,0.8688597033122148
KT2440,2,25,1.75,0.044488019,0.027356811,0.03,0.034793614,0.8622271891617812
KT2440,2,25,2.0,0.040636817,0.027356811,0.03,0.034793614,0.8622271891617812
KT2440,2,25,2.25,0.040504017,0.027356811,0.03,0.038512015999999996,0.7789776572589708
KT2440,2,25,2.5,0.040902417,0.027356811,0.03,0.046612819,0.6435997788505347
KT2440,2,25,2.75,0.040371217,0.027356811,0.03,0.053784022,0.5577864742060383
KT2440,2,25,3.0,0.044355219,0.027356811,0.03,0.065470427,0.45822215272858996
KT2440,2,25,3.25,0.040371217,0.027356811,0.03,0.076891232,0.3901615206269552
KT2440,2,25,3.5,0.040371217,0.027356811,0.03,0.099998442,0.300004674072822
KT2440,2,25,3.75,0.040636817,0.027356811,0.03,0.123371251,0.24316848339326638
KT2440,2,25,4.0,0.040504017,0.027356811,0.03,0.16560166899999998,0.1811575944926014
KT2440,2,25,4.25,0.040504017,0.027356811,0.03,0.231072096,0.1298296095431618
KT2440,2,25,4.5,0.036785615,0.027356811,0.03,0.381401759,0.07865721458300877
KT2440,2,25,4.75,0.036652815,0.027356811,0.03,0.743281911,0.040361536526078594
KT2440,2,25,5.0,0.036785615,0.027356811,0.03,1.001445219,0.029956705999312376
KT2440,2,25,5.25,0.036785615,0.027356811,0.03,1.1169812669999999,0.02685810486381237
KT2440,2,25,5.5,0.036520015,0.027356811,0.03,1.186037296,0.02529431418487197
KT2440,2,25,5.75,0.036785615,0.027356811,0.03,1.039957235,0.028847340054324447
KT2440,2,25,6.0,0.036652815,0.027356811,0.03,1.193872499,0.025128311461339724
KT2440,2,25,6.25,0.036918415,0.027356811,0.03,1.286566938,0.02331786952852662
KT2440,2,25,6.5,0.036785615,0.027356811,0.03,1.255624525,0.023892492861271566
KT2440,2,25,6.75,0.036785615,0.027356811,0.03,1.548315847,0.019375891590935838
KT2440,2,25,7.0,0.036785615,0.027356811,0.03,1.694661508,0.017702650268728474
KT2440,2,25,7.25,0.036652815,0.027356811,0.03,1.875535184,0.01599543439969932
KT2440,2,25,7.5,0.036785615,0.027356811,0.03,2.068228065,0.014505170153950114
KT2440,2,25,7.75,0.036918415,0.027356811,0.03,2.187748114,0.01371273036782515
KT2440,2,25,8.0,0.033067214,0.027356811,0.03,2.341796179,0.012810679370401345
KT2440,2,25,8.25,0.033067214,0.027356811,0.03,2.4650346300000003,0.012170214420070843
KT2440,2,25,8.5,0.036652815,0.027356811,0.03,2.6881387240000003,0.011160138326254027
KT2440,2,25,8.75,0.036652815,0.027356811,0.03,2.8768476030000003,0.010428081059530492
KT2440,2,25,9.0,0.033067214,0.027356811,0.03,3.1004828960000004,0.009675912109917988
KT2440,2,25,9.25,0.032934414,0.027356811,0.03,3.3198685880000003,0.009036502260492485
KT2440,2,25,9.5,0.033067214,0.027356811,0.03,3.5125614680000004,0.008540775805150976
KT2440,2,25,9.75,0.032934414,0.027356811,0.03,3.654923128,0.00820810696952092
KT2440,2,25,10.0,0.032801614,0.027356811,0.03,3.858904013,0.00777422809661371
KT2440,2,25,10.25,0.032801614,0.027356811,0.03,4.005249674,0.007490169762635376
KT2440,2,25,10.5,0.033200014,0.027356811,0.03,4.190505752,0.007159040405965776
KT2440,2,25,10.75,0.033200014,0.027356811,0.03,4.359958623,0.006880799244685859
KT2440,2,25,11.0,0.033067214,0.027356811,0.03,4.494617879000001,0.006674649727214329
KT2440,2,25,11.25,0.032934414,0.027356811,0.03,4.66393795,0.006432332574235898
KT2440,2,25,11.5,0.032934414,0.027356811,0.03,4.844944425,0.006192021490525146
KT2440,2,25,11.75,0.033067214,0.027356811,0.03,5.4651206850000005,0.005489357276654541
KT2440,2,25,12.0,0.033200014,0.027356811,0.03,5.869629654000001,0.005111055001494988
KT2440,2,25,12.25,0.033067214,0.027356811,0.03,5.854092047,0.0051246204807069715
KT2440,2,25,12.5,0.033332814,0.027356811,0.03,5.7619288090000005,0.005206589840738867
KT2440,2,25,12.75,0.032801614,0.027356811,0.03,5.730587996000001,0.005235064887048285
KT2440,2,25,13.0,0.033200014,0.027356811,0.03,5.442146275,0.005512530991276967
KT2440,2,25,13.25,0.033332814,0.027356811,0.03,5.5000470990000006,0.005454498745193381
KT2440,2,25,13.5,0.033200014,0.027356811,0.03,5.515319106000001,0.005439395150747239
KT2440,2,25,13.75,0.033332814,0.027356811,0.03,5.557815123,0.005397804593364484
KT2440,2,25,14.0,0.033067214,0.027356811,0.03,5.592210338,0.005364605082206047
KT2440,2,25,14.25,0.033332814,0.027356811,0.03,5.630987954,0.005327661903217064
KT2440,2,25,14.5,0.033200014,0.027356811,0.03,5.665515968,0.005295192912604284
KT2440,2,25,14.75,0.032934414,0.027356811,0.03,5.703762384,0.005259686147542713
KT2440,2,25,15.0,0.033465614,0.027356811,0.03,5.735103197,0.005230943362221072
KT2440,2,25,15.25,0.044355219,0.027356811,0.03,5.487962294,0.005466509861556276
KT2440,2,25,15.5,0.028950412,0.027356811,0.03,5.695927181,0.005266921266141095
KT2440,2,25,15.75,0.029481612,0.027356811,0.03,5.673351172,0.005287879965559092
KT2440,2,25,16.0,0.029481612,0.027356811,0.03,5.66949997,0.005291471939102946
KT2440,2,25,16.25,0.029481612,0.027356811,0.03,5.66949997,0.005291471939102946
KT2440,2,25,16.5,0.029481612,0.027356811,0.03,5.677202373,0.005284292866267355
KT2440,2,25,16.75,0.029614412,0.027356811,0.03,5.688888778,0.005273437602790834
KT2440,2,25,17.0,0.029747212,0.027356811,0.03,5.69287278,0.00526974713107852
KT2440,2,25,17.25,0.029747212,0.027356811,0.03,5.696723981,0.005266184582587731
KT2440,2,25,17.5,0.029747212,0.027356811,0.03,5.7044263850000005,0.005259073914756111
KT2440,2,25,17.75,0.029747212,0.027356811,0.03,5.712128788,0.0052519824243150446
KT2440,2,25,18.0,0.029747212,0.027356811,0.03,5.715979989,0.0052484438465027665
KT2440,2,25,18.25,0.029481612,0.027356811,0.03,5.727267994,0.0052380995670935245
KT2440,2,25,18.5,0.029216012,0.027356811,0.03,5.730853596,0.005234822264686588
KT2440,2,25,18.75,0.029481612,0.027356811,0.03,5.742672801,0.005224048285456199
KT2440,2,25,19.0,0.029614412,0.027356811,0.03,5.746656802,0.005220426594739248
KT2440,2,25,19.25,0.029614412,0.027356811,0.03,5.746656802,0.005220426594739248
KT2440,2,25,19.5,0.029614412,0.027356811,0.03,5.754359206,0.005213438877559011
KT2440,2,25,19.75,0.029481612,0.027356811,0.03,5.754226405,0.005213559197798022
KT2440,2,25,20.0,0.029614412,0.027356811,0.03,5.762061609,0.005206469842866965
KT2440,2,25,20.25,0.029481612,0.027356811,0.03,5.7619288090000005,0.005206589840738867
KT2440,2,25,20.5,0.029614412,0.027356811,0.03,5.769764012,0.0051995194149372075
KT2440,2,25,20.75,0.029481612,0.027356811,0.03,5.769631212,0.005199639092634609
KT2440,2,25,21.0,0.029481612,0.027356811,0.03,5.777333615,0.005192706878153859
KT2440,2,25,21.25,0.029348812,0.027356811,0.03,5.781052017,0.005189366902733405
KT2440,2,25,21.5,0.029747212,0.027356811,0.03,5.793004022,0.0051786603092401585
KT2440,2,25,21.75,0.029614412,0.027356811,0.03,5.7928712220000005,0.005178779028621741
KT2440,2,25,22.0,0.029481612,0.027356811,0.03,5.796589623,0.005175456941261546
KT2440,2,25,22.25,0.029614412,0.027356811,0.03,5.796722423,0.005175338374141776
KT2440,2,25,22.5,0.029747212,0.027356811,0.03,5.796855223000001,0.005175219812454508
KT2440,2,25,22.75,0.029880012,0.027356811,0.03,5.793136822,0.005178541595301544
KT2440,2,25,23.0,0.029880012,0.027356811,0.03,5.800839225,0.005171665484316194
KT2440,2,25,23.25,0.029747212,0.027356811,0.03,5.793004022,0.0051786603092401585
KT2440,2,25,23.5,0.029481612,0.027356811,0.03,5.792738422,0.005178897753446668
KT2440,2,25,23.75,0.029348812,0.027356811,0.03,5.804159226,0.005168707272125411
KT2440,2,25,24.0,0.029481612,0.027356811,0.03,5.800440825,0.005172020697237266
KT2440,2,25,24.25,0.029614412,0.027356811,0.03,5.804424826,0.0051684707614128725
KT2440,2,25,24.5,0.033200014,0.027356811,0.03,5.8003080250000005,0.005172139112387914
KT2440,2,25,24.75,0.029614412,0.027356811,0.03,5.808276028,0.00516504378500243
KT2440,2,25,25.0,0.029481612,0.027356811,0.03,5.8081432280000005,0.005165161880887417
KT2440,2,25,25.25,0.029481612,0.027356811,0.03,5.800440825,0.005172020697237266
KT2440,2,25,25.5,0.029216012,0.027356811,0.03,5.800175225,0.005172257532960997
KT2440,2,25,25.75,0.029348812,0.027356811,0.03,5.796456823000001,0.005175575513814191
KT2440,2,25,26.0,0.029614412,0.027356811,0.03,5.796722423,0.005175338374141776
KT2440,2,25,26.25,0.029481612,0.027356811,0.03,5.796589623,0.005175456941261546
KT2440,2,25,26.5,0.029614412,0.027356811,0.03,5.804424826,0.0051684707614128725
KT2440,2,25,26.75,0.029481612,0.027356811,0.03,5.800440825,0.005172020697237266
KT2440,2,25,27.0,0.029216012,0.027356811,0.03,5.7924728210000005,0.005179135220322166
KT2440,2,25,27.25,0.029481612,0.027356811,0.03,5.792738422,0.005178897753446668
KT2440,2,25,27.5,0.029481612,0.027356811,0.03,5.7850360180000004,0.005185793123267638
KT2440,2,25,27.75,0.029614412,0.027356811,0.03,5.777466415,0.005192587519351248
KT2440,2,25,28.0,0.029481612,0.027356811,0.03,5.777333615,0.005192706878153859
KT2440,2,25,28.25,0.029348812,0.027356811,0.03,5.761796009,0.00520670984414228
KT2440,2,25,28.5,0.028950412,0.027356811,0.03,5.745992802,0.005221029860942036
KT2440,2,25,28.75,0.029216012,0.027356811,0.03,5.7462584020000005,0.005220788537730642
KT2440,2,25,29.0,0.029216012,0.027356811,0.03,5.734704797,0.005231306765030681
KT2440,2,25,29.25,0.029216012,0.027356811,0.03,5.730853596,0.005234822264686588
KT2440,2,25,29.5,0.029216012,0.027356811,0.03,5.703895184,0.005259563689766428
KT2440,2,25,29.75,0.033200014,0.027356811,0.03,5.69247438,0.0052701159456074705
KT2440,2,25,30.0,0.029216012,0.027356811,0.03,5.673085572000001,0.00528812753117414
KT2440,2,25,30.25,0.029614412,0.027356811,0.03,5.661930367,0.005298546265219372
KT2440,2,25,30.5,0.029348812,0.027356811,0.03,5.661664767,0.005298794830605341
KT2440,2,25,30.75,0.029481612,0.027356811,0.03,5.650243962,0.005309505253536165
KT2440,2,25,31.0,0.029348812,0.027356811,0.03,5.642408759,0.005316878177630802
KT2440,2,25,31.25,0.029348812,0.027356811,0.03,5.630855154,0.0053277875526044835
KT2440,2,25,31.5,0.029481612,0.027356811,0.03,5.607880744,0.005349614474611944
KT2440,2,25,31.75,0.029481612,0.027356811,0.03,5.5963271390000005,0.005360658741862016
KT2440,2,25,32.0,0.029481612,0.027356811,0.03,5.592475938000001,0.005364350304335632
KT2440,2,25,32.25,0.029481612,0.027356811,0.03,5.584773535,0.005371748704220286
KT2440,2,25,32.5,0.029614412,0.027356811,0.03,5.5810551330000004,0.005375327654911378
KT2440,2,25,32.75,0.029348812,0.027356811,0.03,5.569235928,0.005386735341767693
KT2440,2,25,33.0,0.029216012,0.027356811,0.03,5.553698322,0.005401805834710227
KT2440,2,25,33.25,0.029747212,0.027356811,0.03,5.5388247150000005,0.005416311499938845
KT2440,2,25,33.5,0.029614412,0.027356811,0.03,5.527138311,0.0054277635752835425
KT2440,2,25,33.75,0.029614412,0.027356811,0.03,5.500179899,0.005454367048149528
KT2440,2,25,34.0,0.029481612,0.027356811,0.03,5.457683881,0.005496837239774899
KT2440,2,25,34.25,0.029614412,0.027356811,0.03,5.419304665,0.0055357655371826185
KT2440,2,25,34.5,0.029614412,0.027356811,0.03,5.361536641,0.005595410795216461
KT2440,2,25,34.75,0.029614412,0.027356811,0.03,5.2960662140000005,0.005664581745729661
KT2440,2,25,35.0,0.029481612,0.027356811,0.03,5.257421398,0.005706219404709016
KT2440,2,25,35.25,0.029348812,0.027356811,0.03,5.195669372,0.0057740394648037275
KT2440,2,25,35.5,0.029614412,0.027356811,0.03,5.138166948,0.0058386580863584656
KT2440,2,25,35.75,0.029614412,0.027356811,0.03,5.068845319,0.005918507690015387
KT2440,2,25,36.0,0.029614412,0.027356811,0.03,4.984118884,0.00601911806243344
KT2440,2,25,36.25,0.029481612,0.027356811,0.03,4.895408446,0.006128191412610885
KT2440,2,25,36.5,0.029481612,0.027356811,0.03,4.868450035,0.00616212547819647
KT2440,2,25,36.75,0.029880012,0.027356811,0.03,4.811080411,0.006235605609793663
KT2440,2,25,37.0,0.030145613,0.027356811,0.03,4.7150659710000005,0.006362583298837155
KT2440,2,25,37.25,0.029880012,0.027356811,0.03,4.5607523070000004,0.006577862155319192
KT2440,2,25,37.5,0.029747212,0.027356811,0.03,4.552917103,0.006589182126824239
KT2440,2,25,37.75,0.029747212,0.027356811,0.03,4.541363498,0.006605945552081856
KT2440,2,25,38.0,0.029216012,0.027356811,0.03,4.525427492,0.00662920797052514
KT2440,2,25,38.25,0.028552012,0.027356811,0.03,4.517061088,0.006641486447836146
KT2440,2,25,38.5,0.029083212,0.027356811,0.03,4.4906338770000005,0.006680571345095207
KT2440,2,25,38.75,0.028684812,0.027356811,0.03,4.490235477000001,0.006681164084526695
KT2440,2,25,39.0,0.028419212,0.027356811,0.03,4.4784162720000005,0.0066987966678234675
KT2440,2,25,39.25,0.028419212,0.027356811,0.03,4.466862667,0.006716123202450809
KT2440,2,25,39.5,0.028020812,0.027356811,0.03,4.4549106620000005,0.00673414177660113
KT2440,2,25,39.75,0.028153612,0.027356811,0.03,4.435787454000001,0.006763173463811324
KT2440,2,25,40.0,0.027356811,0.027356811,0.03,4.415734646000001,0.006793886500217023
KT2440,3,25,0.0,0.056307224,0.027356811,0.03,0.03,1.0
KT2440,3,25,0.25,0.055908823,0.027356811,0.03,0.03,1.0
KT2440,3,25,0.5,0.055908823,0.027356811,0.03,0.03,1.0
KT2440,3,25,0.75,0.055776023,0.027356811,0.03,0.03,1.0
KT2440,3,25,1.0,0.052057622,0.027356811,0.03,0.03,1.0
KT2440,3,25,1.25,0.051924822,0.027356811,0.03,0.03,1.0
KT2440,3,25,1.5,0.051924822,0.027356811,0.03,0.03,1.0
KT2440,3,25,1.75,0.052190422,0.027356811,0.03,0.03,1.0
KT2440,3,25,2.0,0.04833922,0.027356811,0.03,0.03,1.0
KT2440,3,25,2.25,0.04820642,0.027356811,0.03,0.034660814,0.8655307402763247
KT2440,3,25,2.5,0.04860482,0.027356811,0.03,0.038910416,0.7710017800889097
KT2440,3,25,2.75,0.04807362,0.027356811,0.03,0.053784022,0.5577864742060383
KT2440,3,25,3.0,0.04820642,0.027356811,0.03,0.069321629,0.4327653638953003
KT2440,3,25,3.25,0.04807362,0.027356811,0.03,0.09614724,0.312021437120816
KT2440,3,25,3.5,0.04807362,0.027356811,0.03,0.13080805499999998,0.22934367459251653
KT2440,3,25,3.75,0.04833922,0.027356811,0.03,0.169585671,0.17690173835500525
KT2440,3,25,4.0,0.04820642,0.027356811,0.03,0.254179306,0.11802691758077269
KT2440,3,25,4.25,0.04820642,0.027356811,0.03,0.408227371,0.07348845797995254
KT2440,3,25,4.5,0.04833922,0.027356811,0.03,0.677944283,0.04425142412477575
KT2440,3,25,4.75,0.04820642,0.027356811,0.03,0.88577637,0.033868593717396187
KT2440,3,25,5.0,0.04833922,0.027356811,0.03,1.0630644439999999,0.02822030232439982
KT2440,3,25,5.25,0.04833922,0.027356811,0.03,1.170898089,0.02562135875174359
KT2440,3,25,5.5,0.044222418,0.027356811,0.03,1.247656521,0.02404507931073443
KT2440,3,25,5.75,0.044488019,0.027356811,0.03,1.201707702,0.024964473432325558
KT2440,3,25,6.0,0.044355219,0.027356811,0.03,1.120699668,0.02676899160105756
KT2440,3,25,6.25,0.044620819,0.027356811,0.03,1.159477285,0.025873728091188954
KT2440,3,25,6.5,0.044488019,0.027356811,0.03,1.398118984,0.021457401225016198
KT2440,3,25,6.75,0.044488019,0.027356811,0.03,1.609935073,0.018634291843892266
KT2440,3,25,7.0,0.044488019,0.027356811,0.03,1.825602363,0.016432932279240264
KT2440,3,25,7.25,0.044355219,0.027356811,0.03,2.03343445,0.0147533646830858
KT2440,3,25,7.5,0.044488019,0.027356811,0.03,2.195317718,0.013665447945881334
KT2440,3,25,7.75,0.044620819,0.027356811,0.03,2.3263913720000002,0.012895508623817229
KT2440,3,25,8.0,0.044620819,0.027356811,0.03,2.484290638,0.01207588175920985
KT2440,3,25,8.25,0.044620819,0.027356811,0.03,2.634487501,0.01138741405628707
KT2440,3,25,8.5,0.044355219,0.027356811,0.03,2.819079578,0.010641771248360268
KT2440,3,25,8.75,0.044355219,0.027356811,0.03,3.034746869,0.00988550323799675
KT2440,3,25,9.0,0.040769617,0.027356811,0.03,3.246828557,0.009239785678033876
KT2440,3,25,9.25,0.044488019,0.027356811,0.03,3.4354046360000003,0.008732595772162193
KT2440,3,25,9.5,0.040769617,0.027356811,0.03,3.6435023230000003,0.008233835837189337
KT2440,3,25,9.75,0.040636817,0.027356811,0.03,3.782012781,0.00793228413999905
KT2440,3,25,10.0,0.040504017,0.027356811,0.03,3.978291263,0.0075409259947893355
KT2440,3,25,10.25,0.040504017,0.027356811,0.03,4.143892932,0.007239569287211496
KT2440,3,25,10.5,0.040902417,0.027356811,0.03,4.313744203000001,0.006954515286079422
KT2440,3,25,10.75,0.040902417,0.027356811,0.03,4.479345872000001,0.006697406464530318
KT2440,3,25,11.0,0.040769617,0.027356811,0.03,4.621707532,0.006491107408308414
KT2440,3,25,11.25,0.040636817,0.027356811,0.03,4.814134812,0.006231649335041513
KT2440,3,25,11.5,0.040636817,0.027356811,0.03,5.3378982310000005,0.005620189576821476
KT2440,3,25,11.75,0.044620819,0.027356811,0.03,5.834836039,0.005141532649671769
KT2440,3,25,12.0,0.040902417,0.027356811,0.03,5.88503446,0.005097676182511258
KT2440,3,25,12.25,0.044620819,0.027356811,0.03,5.723151192,0.005241867459649665
KT2440,3,25,12.5,0.04873762,0.027356811,0.03,5.496195898,0.005458320728872972
KT2440,3,25,12.75,0.044355219,0.027356811,0.03,5.4494502780000005,0.0055051424399839245
KT2440,3,25,13.0,0.044753619,0.027356811,0.03,5.499914299,0.005454630448597104
KT2440,3,25,13.25,0.044886419,0.027356811,0.03,5.511600704,0.005443064839263072
KT2440,3,25,13.5,0.04860482,0.027356811,0.03,5.561533525000001,0.005394195659370766
KT2440,3,25,13.75,0.041035217,0.027356811,0.03,5.604029543,0.0053532908364969335
KT2440,3,25,14.0,0.040769617,0.027356811,0.03,5.634573555,0.005324271607631893
KT2440,3,25,14.25,0.041035217,0.027356811,0.03,5.673351172,0.005287879965559092
KT2440,3,25,14.5,0.040902417,0.027356811,0.03,5.700176783,0.00526299466526563
KT2440,3,25,14.75,0.040636817,0.027356811,0.03,5.726869594,0.005238463964926106
KT2440,3,25,15.0,0.041168017,0.027356811,0.03,5.750508004,0.0052169303962593
KT2440,3,25,15.25,0.055908823,0.027356811,0.03,5.360872641,0.005596103845213508
KT2440,3,25,15.5,0.040504017,0.027356811,0.03,5.715183189,0.005249175574588917
KT2440,3,25,15.75,0.041035217,0.027356811,0.03,5.711863188000001,0.005252226639991434
KT2440,3,25,16.0,0.041035217,0.027356811,0.03,5.715714389,0.005248687733196669
KT2440,3,25,16.25,0.041035217,0.027356811,0.03,5.711863188000001,0.005252226639991434
KT2440,3,25,16.5,0.044886419,0.027356811,0.03,5.708011986,0.005255770323114385
KT2440,3,25,16.75,0.041168017,0.027356811,0.03,5.715847189,0.005248565787016529
KT2440,3,25,17.0,0.037449616,0.027356811,0.03,5.712128788,0.0052519824243150446
KT2440,3,25,17.25,0.041300817,0.027356811,0.03,5.715979989,0.0052484438465027665
KT2440,3,25,17.5,0.037449616,0.027356811,0.03,5.719831191,0.005244910032870234
KT2440,3,25,17.75,0.041300817,0.027356811,0.03,5.723682393,0.005241380974718246
KT2440,3,25,18.0,0.04900322,0.027356811,0.03,5.723682393,0.005241380974718246
KT2440,3,25,18.25,0.041035217,0.027356811,0.03,5.727267994,0.0052380995670935245
KT2440,3,25,18.5,0.044620819,0.027356811,0.03,5.730853596,0.005234822264686588
KT2440,3,25,18.75,0.041035217,0.027356811,0.03,5.738821599,0.005227554033954906
KT2440,3,25,19.0,0.041168017,0.027356811,0.03,5.738954399,0.005227433067812393
KT2440,3,25,19.25,0.041168017,0.027356811,0.03,5.742805601000001,0.005223927481504174
KT2440,3,25,19.5,0.045019219,0.027356811,0.03,5.750508004,0.0052169303962593
KT2440,3,25,19.75,0.041035217,0.027356811,0.03,5.754226405,0.005213559197798022
KT2440,3,25,20.0,0.045019219,0.027356811,0.03,5.762061609,0.005206469842866965
KT2440,3,25,20.25,0.041035217,0.027356811,0.03,5.7619288090000005,0.005206589840738867
KT2440,3,25,20.5,0.041168017,0.027356811,0.03,5.7659128100000006,0.005202992308168461
KT2440,3,25,20.75,0.044886419,0.027356811,0.03,5.76578001,0.005203112145792742
KT2440,3,25,21.0,0.044886419,0.027356811,0.03,5.769631212,0.005199639092634609
KT2440,3,25,21.25,0.040902417,0.027356811,0.03,5.773349613000001,0.005196290197366226
KT2440,3,25,21.5,0.045152019,0.027356811,0.03,5.793004022,0.0051786603092401585
KT2440,3,25,21.75,0.04887042,0.027356811,0.03,5.7928712220000005,0.005178779028621741
KT2440,3,25,22.0,0.04873762,0.027356811,0.03,5.796589623,0.005175456941261546
KT2440,3,25,22.25,0.045019219,0.027356811,0.03,5.7928712220000005,0.005178779028621741
KT2440,3,25,22.5,0.045152019,0.027356811,0.03,5.785301618,0.005185555046371309
KT2440,3,25,22.75,0.045284819,0.027356811,0.03,5.7815832170000006,0.00518889011435291
KT2440,3,25,23.0,0.045284819,0.027356811,0.03,5.777732015,0.005192348818206654
KT2440,3,25,23.25,0.045152019,0.027356811,0.03,5.78915282,0.0051821053844627995
KT2440,3,25,23.5,0.044886419,0.027356811,0.03,5.792738422,0.005178897753446668
KT2440,3,25,23.75,0.040902417,0.027356811,0.03,5.796456823000001,0.005175575513814191
KT2440,3,25,24.0,0.044886419,0.027356811,0.03,5.796589623,0.005175456941261546
KT2440,3,25,24.25,0.041168017,0.027356811,0.03,5.796722423,0.005175338374141776
KT2440,3,25,24.5,0.044753619,0.027356811,0.03,5.796456823000001,0.005175575513814191
KT2440,3,25,24.75,0.045019219,0.027356811,0.03,5.804424826,0.0051684707614128725
KT2440,3,25,25.0,0.044886419,0.027356811,0.03,5.800440825,0.005172020697237266
KT2440,3,25,25.25,0.044886419,0.027356811,0.03,5.8081432280000005,0.005165161880887417
KT2440,3,25,25.5,0.044620819,0.027356811,0.03,5.811728829000001,0.005161975185473678
KT2440,3,25,25.75,0.044753619,0.027356811,0.03,5.808010428,0.005165279982172924
KT2440,3,25,26.0,0.045019219,0.027356811,0.03,5.808276028,0.00516504378500243
KT2440,3,25,26.25,0.041035217,0.027356811,0.03,5.804292026000001,0.005168589014063503
KT2440,3,25,26.5,0.045019219,0.027356811,0.03,5.808276028,0.00516504378500243
KT2440,3,25,26.75,0.041035217,0.027356811,0.03,5.81199443,0.005161739289553998
KT2440,3,25,27.0,0.040769617,0.027356811,0.03,5.811728829000001,0.005161975185473678
KT2440,3,25,27.25,0.041035217,0.027356811,0.03,5.804292026000001,0.005168589014063503
KT2440,3,25,27.5,0.041035217,0.027356811,0.03,5.804292026000001,0.005168589014063503
KT2440,3,25,27.75,0.045019219,0.027356811,0.03,5.796722423,0.005175338374141776
KT2440,3,25,28.0,0.041035217,0.027356811,0.03,5.796589623,0.005175456941261546
KT2440,3,25,28.25,0.040902417,0.027356811,0.03,5.796456823000001,0.005175575513814191
KT2440,3,25,28.5,0.040504017,0.027356811,0.03,5.780653616,0.005189724552421616
KT2440,3,25,28.75,0.040769617,0.027356811,0.03,5.773216813,0.005196409726453833
KT2440,3,25,29.0,0.040769617,0.027356811,0.03,5.765514410000001,0.005203351837602986
KT2440,3,25,29.25,0.040769617,0.027356811,0.03,5.753960805,0.005213799853125693
KT2440,3,25,29.5,0.040769617,0.027356811,0.03,5.734704797,0.005231306765030681
KT2440,3,25,29.75,0.044753619,0.027356811,0.03,5.742540001,0.005224169094995564
KT2440,3,25,30.0,0.040769617,0.027356811,0.03,5.742407201,0.005224289910122659
KT2440,3,25,30.25,0.041168017,0.027356811,0.03,5.742805601000001,0.005223927481504174
KT2440,3,25,30.5,0.040902417,0.027356811,0.03,5.738688799,0.005227675005696018
KT2440,3,25,30.75,0.044886419,0.027356811,0.03,5.7349703970000006,0.005231064490880928
KT2440,3,25,31.0,0.040902417,0.027356811,0.03,5.715581589,0.0052488096850435845
KT2440,3,25,31.25,0.040902417,0.027356811,0.03,5.696325581,0.005266552898602654
KT2440,3,25,31.5,0.041035217,0.027356811,0.03,5.673351172,0.005287879965559092
KT2440,3,25,31.75,0.041035217,0.027356811,0.03,5.673351172,0.005287879965559092
KT2440,3,25,32.0,0.041035217,0.027356811,0.03,5.677202373,0.005284292866267355
KT2440,3,25,32.25,0.041035217,0.027356811,0.03,5.657946365,0.005302277198239224
KT2440,3,25,32.5,0.045019219,0.027356811,0.03,5.6503767620000005,0.005309380464990663
KT2440,3,25,32.75,0.040902417,0.027356811,0.03,5.64625996,0.0053132516413572995
KT2440,3,25,33.0,0.040769617,0.027356811,0.03,5.6268711520000005,0.00533155979399615
KT2440,3,25,33.25,0.045152019,0.027356811,0.03,5.619699949,0.005338363306271959
KT2440,3,25,33.5,0.041168017,0.027356811,0.03,5.611864746,0.005345816650585399
KT2440,3,25,33.75,0.041168017,0.027356811,0.03,5.588757536,0.00536791940010904
KT2440,3,25,34.0,0.041035217,0.027356811,0.03,5.565517527,0.005390334295860353
KT2440,3,25,34.25,0.041168017,0.027356811,0.03,5.523287109,0.005431548171942043
KT2440,3,25,34.5,0.041168017,0.027356811,0.03,5.496328698,0.005458188847205658
KT2440,3,25,34.75,0.041168017,0.027356811,0.03,5.488626294,0.005465848537145822
KT2440,3,25,35.0,0.041035217,0.027356811,0.03,5.476939890000001,0.005477511275005064
KT2440,3,25,35.25,0.040902417,0.027356811,0.03,5.43059267,0.005524258920343587
KT2440,3,25,35.5,0.041168017,0.027356811,0.03,5.388495053000001,0.005567417192542052
KT2440,3,25,35.75,0.041168017,0.027356811,0.03,5.346131835,0.0056115338951419624
KT2440,3,25,36.0,0.041168017,0.027356811,0.03,5.338429432,0.005619630339247688
KT2440,3,25,36.25,0.041035217,0.027356811,0.03,5.280528607,0.005681249403749324
KT2440,3,25,36.5,0.044886419,0.027356811,0.03,5.176546164,0.005795369933843789
KT2440,3,25,36.75,0.041433617,0.027356811,0.03,5.115325338,0.005864729614974883
KT2440,3,25,37.0,0.041699217,0.027356811,0.03,5.069376519,0.005917887512904227
KT2440,3,25,37.25,0.041433617,0.027356811,0.03,5.007491693,0.0059910234183587685
KT2440,3,25,37.5,0.041300817,0.027356811,0.03,4.938037264,0.006075288296973856
KT2440,3,25,37.75,0.045152019,0.027356811,0.03,4.884120442,0.006142354668820429
KT2440,3,25,38.0,0.040769617,0.027356811,0.03,4.8258212170000006,0.006216558519474054
KT2440,3,25,38.25,0.040105617,0.027356811,0.03,4.798198806,0.006252346185090522
KT2440,3,25,38.5,0.040636817,0.027356811,0.03,4.721705974,0.006353635775966256
KT2440,3,25,38.75,0.036387215,0.027356811,0.03,4.625027533,0.0064864478721363755
KT2440,3,25,39.0,0.039972817,0.027356811,0.03,4.513077087,0.006647349340966397
KT2440,3,25,39.25,0.036121615,0.027356811,0.03,4.505374683,0.006658713672183166
KT2440,3,25,39.5,0.039574417,0.027356811,0.03,4.485720275,0.006687889159562005
KT2440,3,25,39.75,0.035856015,0.027356811,0.03,4.47429947,0.006704960229226677
KT2440,3,25,40.0,0.035059215,0.027356811,0.03,4.458097864,0.0067293273757527364
KT2440,1,50,0.0,0.07171203,0.044355219,0.03,0.03,1.0
KT2440,1,50,0.25,0.075164831,0.044355219,0.030809612,0.03,1.0269870666666667
KT2440,1,50,0.5,0.07131363,0.044355219,0.03,0.03,1.0
KT2440,1,50,0.75,0.07118083,0.044355219,0.03,0.03,1.0
KT2440,1,50,1.0,0.07131363,0.044355219,0.03,0.030809612999999996,0.9737220652528158
KT2440,1,50,1.25,0.07118083,0.044355219,0.03,0.03,1.0
KT2440,1,50,1.5,0.07118083,0.044355219,0.03,0.034528013999999996,0.8688597033122148
KT2440,1,50,1.75,0.07144643,0.044355219,0.03,0.030942413,0.9695430023508509
KT2440,1,50,2.0,0.07144643,0.044355219,0.03,0.038644816,0.7763007592014411
KT2440,1,50,2.25,0.067462428,0.044355219,0.03,0.04236321800000001,0.7081614999124947
KT2440,1,50,2.5,0.067860828,0.044355219,0.03,0.054315222999999996,0.5523313418044883
KT2440,1,50,2.75,0.07118083,0.044355219,0.03,0.06918882900000001,0.4335960072398392
KT2440,1,50,3.0,0.067462428,0.044355219,0.03,0.084726435,0.35408075413535334
KT2440,1,50,3.25,0.067329628,0.044355219,0.03,0.103849643,0.28887918276233265
KT2440,1,50,3.5,0.067329628,0.044355219,0.03,0.13851045799999998,0.21659014368431304
KT2440,1,50,3.75,0.063744027,0.044355219,0.03,0.173436872,0.1729735992932345
KT2440,1,50,4.0,0.063611227,0.044355219,0.03,0.234923298,0.12770125507092106
KT2440,1,50,4.25,0.063611227,0.044355219,0.03,0.377417758,0.07948751579410315
KT2440,1,50,4.5,0.063744027,0.044355219,0.03,0.639432267,0.0469166189262701
KT2440,1,50,4.75,0.063611227,0.044355219,0.03,0.870371564,0.034468037836769216
KT2440,1,50,5.0,0.063744027,0.044355219,0.03,1.009147622,0.029728058953896044
KT2440,1,50,5.25,0.063744027,0.044355219,0.03,1.082320452,0.027718223327077993
KT2440,1,50,5.5,0.063478427,0.044355219,0.03,1.155227683,0.025968906771774446
KT2440,1,50,5.75,0.063744027,0.044355219,0.03,1.0707668479999999,0.028017303725862086
KT2440,1,50,6.0,0.059760025,0.044355219,0.03,1.224682112,0.02449615267998623
KT2440,1,50,6.25,0.060025625,0.044355219,0.03,1.5253414379999999,0.019667727665836875
KT2440,1,50,6.5,0.059892825,0.044355219,0.03,1.617637476,0.01854556440802933
KT2440,1,50,6.75,0.059892825,0.044355219,0.03,1.667703097,0.017988813508811274
KT2440,1,50,7.0,0.059892825,0.044355219,0.03,1.829453565,0.01639833914013554
KT2440,1,50,7.25,0.059760025,0.044355219,0.03,2.05654166,0.014587596538161059
KT2440,1,50,7.5,0.059892825,0.044355219,0.03,2.2145737260000002,0.01354662508987068
KT2440,1,50,7.75,0.060025625,0.044355219,0.03,2.3610521870000003,0.012706199450050528
KT2440,1,50,8.0,0.060025625,0.044355219,0.03,2.5343562590000004,0.011837325511543243
KT2440,1,50,8.25,0.060025625,0.044355219,0.03,2.765428356,0.0108482289678236
KT2440,1,50,8.5,0.059760025,0.044355219,0.03,2.938466828,0.010209405705770315
KT2440,1,50,8.75,0.059760025,0.044355219,0.03,3.1117709010000003,0.009640812564433707
KT2440,1,50,9.0,0.060025625,0.044355219,0.03,3.308447783,0.00906769638443467
KT2440,1,50,9.25,0.059892825,0.044355219,0.03,3.5162798700000004,0.008531744090097127
KT2440,1,50,9.5,0.060025625,0.044355219,0.03,3.7012703470000003,0.008105325249833742
KT2440,1,50,9.75,0.059892825,0.044355219,0.03,3.8359296030000003,0.007820790031323209
KT2440,1,50,10.0,0.059760025,0.044355219,0.03,4.039910489,0.007425907104052175
KT2440,1,50,10.25,0.059760025,0.044355219,0.03,4.197809755000001,0.00714658399282318
KT2440,1,50,10.5,0.060158425,0.044355219,0.03,4.352256219,0.006892976536866889
KT2440,1,50,10.75,0.060158425,0.044355219,0.03,4.517857889,0.006640315108857998
KT2440,1,50,11.0,0.060025625,0.044355219,0.03,4.748797185,0.006317389189574328
KT2440,1,50,11.25,0.059892825,0.044355219,0.03,5.206957377,0.005761522099741973
KT2440,1,50,11.5,0.059892825,0.044355219,0.03,5.7422744,0.005224410731747685
KT2440,1,50,11.75,0.060025625,0.044355219,0.03,5.696192781000001,0.0052666756820567645
KT2440,1,50,12.0,0.060158425,0.044355219,0.03,5.673218372,0.00528800374546908
KT2440,1,50,12.25,0.060025625,0.044355219,0.03,5.542144717,0.005413066877878137
KT2440,1,50,12.5,0.060291225,0.044355219,0.03,5.423023067,0.005531969831099374
KT2440,1,50,12.75,0.059760025,0.044355219,0.03,5.457152681,0.005497372302675363
KT2440,1,50,13.0,0.060158425,0.044355219,0.03,5.4960630980000005,0.005458452616913532
KT2440,1,50,13.25,0.060291225,0.044355219,0.03,5.546261519000001,0.005409048941747169
KT2440,1,50,13.5,0.060158425,0.044355219,0.03,5.600045541,0.005357099291489494
KT2440,1,50,13.75,0.060291225,0.044355219,0.03,5.650243962,0.005309505253536165
KT2440,1,50,14.0,0.060025625,0.044355219,0.03,5.676936773,0.005284540096110032
KT2440,1,50,14.25,0.060291225,0.044355219,0.03,5.6887559780000005,0.005273560707475999
KT2440,1,50,14.5,0.060158425,0.044355219,0.03,5.711730388,0.005252348756346795
KT2440,1,50,14.75,0.059892825,0.044355219,0.03,5.730720796,0.005234943573056251
KT2440,1,50,15.0,0.060424025,0.044355219,0.03,5.746656802,0.005220426594739248
KT2440,1,50,15.25,0.086718436,0.044355219,0.042363216999999995,5.360872641,0.007902298718310476
KT2440,1,50,15.5,0.055908823,0.044355219,0.03,5.692075979,0.005270484812690515
KT2440,1,50,15.75,0.056440024,0.044355219,0.03,5.700309583,0.005262872053382648
KT2440,1,50,16.0,0.056440024,0.044355219,0.03,5.700309583,0.005262872053382648
KT2440,1,50,16.25,0.056440024,0.044355219,0.03,5.6887559780000005,0.005273560707475999
KT2440,1,50,16.5,0.056440024,0.044355219,0.03,5.700309583,0.005262872053382648
KT2440,1,50,16.75,0.056572824,0.044355219,0.03,5.711995988,0.005252104529314316
KT2440,1,50,17.0,0.056705624,0.044355219,0.03,5.7044263850000005,0.005259073914756111
KT2440,1,50,17.25,0.060556825,0.044355219,0.03,5.712128788,0.0052519824243150446
KT2440,1,50,17.5,0.060556825,0.044355219,0.03,5.715979989,0.0052484438465027665
KT2440,1,50,17.75,0.056705624,0.044355219,0.03,5.7275335940000005,0.0052378566633685284
KT2440,1,50,18.0,0.056705624,0.044355219,0.03,5.742938401,0.0052238066831391036
KT2440,1,50,18.25,0.060291225,0.044355219,0.03,5.742672801,0.005224048285456199
KT2440,1,50,18.5,0.060025625,0.044355219,0.03,5.742407201,0.005224289910122659
KT2440,1,50,18.75,0.060291225,0.044355219,0.03,5.754226405,0.005213559197798022
KT2440,1,50,19.0,0.056572824,0.044355219,0.03,5.750508004,0.0052169303962593
KT2440,1,50,19.25,0.060424025,0.044355219,0.03,5.754359206,0.005213438877559011
KT2440,1,50,19.5,0.056572824,0.044355219,0.03,5.754359206,0.005213438877559011
KT2440,1,50,19.75,0.060291225,0.044355219,0.03,5.76578001,0.005203112145792742
KT2440,1,50,20.0,0.056572824,0.044355219,0.03,5.762061609,0.005206469842866965
KT2440,1,50,20.25,0.060291225,0.044355219,0.03,5.76578001,0.005203112145792742
KT2440,1,50,20.5,0.060424025,0.044355219,0.03,5.769764012,0.0051995194149372075
KT2440,1,50,20.75,0.060291225,0.044355219,0.03,5.7619288090000005,0.005206589840738867
KT2440,1,50,21.0,0.056440024,0.044355219,0.03,5.76578001,0.005203112145792742
KT2440,1,50,21.25,0.056307224,0.044355219,0.03,5.7772008150000005,0.00519282624244385
KT2440,1,50,21.5,0.056705624,0.044355219,0.03,5.773748014000001,0.005195931642194456
KT2440,1,50,21.75,0.056572824,0.044355219,0.03,5.746656802,0.005220426594739248
KT2440,1,50,22.0,0.056440024,0.044355219,0.03,5.731119196,0.00523457966481282
KT2440,1,50,22.25,0.056572824,0.044355219,0.03,5.708144786,0.005255648047607179
KT2440,1,50,22.5,0.060556825,0.044355219,0.03,5.696723981,0.005266184582587731
KT2440,1,50,22.75,0.056838424,0.044355219,0.03,5.673749572,0.005287508660595497
KT2440,1,50,23.0,0.056838424,0.044355219,0.03,5.66989837,0.005291100129542533
KT2440,1,50,23.25,0.064408027,0.044355219,0.03,5.6582119650000005,0.005302028306039255
KT2440,1,50,23.5,0.060291225,0.044355219,0.03,5.650243962,0.005309505253536165
KT2440,1,50,23.75,0.056307224,0.044355219,0.03,5.630855154,0.0053277875526044835
KT2440,1,50,24.0,0.056440024,0.044355219,0.03,5.630987954,0.005327661903217064
KT2440,1,50,24.25,0.056572824,0.044355219,0.03,5.619567149,0.005338489460943356
KT2440,1,50,24.5,0.056307224,0.044355219,0.03,5.607747944000001,0.0053497411616188
KT2440,1,50,24.75,0.060424025,0.044355219,0.03,5.6041623430000005,0.005353163981316877
KT2440,1,50,25.0,0.060291225,0.044355219,0.03,5.584773535,0.005371748704220286
KT2440,1,50,25.25,0.060291225,0.044355219,0.03,5.569368728000001,0.005386606896608408
KT2440,1,50,25.5,0.056174423,0.044355219,0.03,5.54984712,0.00540555430651214
KT2440,1,50,25.75,0.056307224,0.044355219,0.03,5.538426315000001,0.0054167011157572826
KT2440,1,50,26.0,0.056572824,0.044355219,0.03,5.504031101,0.005450550596370985
KT2440,1,50,26.25,0.056440024,0.044355219,0.03,5.457683881,0.005496837239774899
KT2440,1,50,26.5,0.056572824,0.044355219,0.03,5.3692390450000005,0.005587383938127492
KT2440,1,50,26.75,0.056440024,0.044355219,0.03,5.334445430000001,0.00562382733006981
KT2440,1,50,27.0,0.056174423,0.044355219,0.03,5.268709402,0.00569399405262549
KT2440,1,50,27.25,0.056440024,0.044355219,0.03,5.176546164,0.005795369933843789
KT2440,1,50,27.5,0.056440024,0.044355219,0.03,5.080266124,0.005905202457460868
KT2440,1,50,27.75,0.056572824,0.044355219,0.03,4.984118884,0.00601911806243344
KT2440,1,50,28.0,0.056440024,0.044355219,0.03,4.899259648,0.006123374173942127
KT2440,1,50,28.25,0.056307224,0.044355219,0.03,4.795144404,0.006256328792720962
KT2440,1,50,28.5,0.055908823,0.044355219,0.03,4.7177219720000005,0.006359001267571941
KT2440,1,50,28.75,0.056174423,0.044355219,0.03,4.698731564,0.0063847018267332535
KT2440,1,50,29.0,0.060025625,0.044355219,0.03,4.6871779590000004,0.006400439723521919
KT2440,1,50,29.25,0.056174423,0.044355219,0.03,4.679475556,0.0064109748284792625
KT2440,1,50,29.5,0.056174423,0.044355219,0.03,4.6640707500000005,0.006432149426549757
KT2440,1,50,29.75,0.056307224,0.044355219,0.03,4.64109634,0.0064639899287244704
KT2440,1,50,30.0,0.060025625,0.044355219,0.03,4.625558734,0.006485702965889525
KT2440,1,50,30.25,0.056572824,0.044355219,0.03,4.6144035290000005,0.006501381990426264
KT2440,1,50,30.5,0.056307224,0.044355219,0.03,4.606435526,0.006512627785773116
KT2440,1,50,30.75,0.056440024,0.044355219,0.03,4.591163519,0.006534291335050137
KT2440,1,50,31.0,0.060158425,0.044355219,0.03,4.571774711,0.006562003138041331
KT2440,1,50,31.25,0.056307224,0.044355219,0.03,4.571774711,0.006562003138041331
KT2440,1,50,31.5,0.060291225,0.044355219,0.03,4.548800302,0.006595145534704987
KT2440,1,50,31.75,0.056440024,0.044355219,0.03,4.5449491,0.006600733988418044
KT2440,1,50,32.0,0.056440024,0.044355219,0.03,4.533395495000001,0.006617556318015442
KT2440,1,50,32.25,0.056440024,0.044355219,0.03,4.506437084,0.006657143867938221
KT2440,1,50,32.5,0.064275227,0.044355219,0.03,4.4988674810000004,0.0066683448949537965
KT2440,1,50,32.75,0.056307224,0.044355219,0.03,4.487048276,0.006685909790732993
KT2440,1,50,33.0,0.056174423,0.044355219,0.03,4.471510669000001,0.00670914199265662
KT2440,1,50,33.25,0.056705624,0.044355219,0.03,4.460488265,0.006725721090984643
KT2440,1,50,33.5,0.060424025,0.044355219,0.03,4.441099456,0.006755084027553019
KT2440,1,50,33.75,0.056572824,0.044355219,0.03,4.421843448000001,0.006784500707181073
KT2440,1,50,34.0,0.060291225,0.044355219,0.03,4.410157044,0.006802478846147865
KT2440,1,50,34.25,0.060424025,0.044355219,0.03,4.406438642,0.006808219162308262
KT2440,1,50,34.5,0.056572824,0.044355219,0.03,4.3794802310000005,0.006850127964420533
KT2440,1,50,34.75,0.060424025,0.044355219,0.03,4.371777828,0.006862196840804326
KT2440,1,50,35.0,0.056440024,0.044355219,0.03,4.344686616000001,0.0069049859406476455
KT2440,1,50,35.25,0.056307224,0.044355219,0.03,4.336851413,0.006917460881890721
KT2440,1,50,35.5,0.056572824,0.044355219,0.03,4.325563408,0.00693551271136516
KT2440,1,50,35.75,0.060424025,0.044355219,0.03,4.302456199,0.006972761281561161
KT2440,1,50,36.0,0.060424025,0.044355219,0.03,4.287051392,0.006997816740891544
KT2440,1,50,36.25,0.060291225,0.044355219,0.03,4.275364987000001,0.007016944773421749
KT2440,1,50,36.5,0.060291225,0.044355219,0.03,4.248406576,0.007061471039395171
KT2440,1,50,36.75,0.064540827,0.044355219,0.03,4.2526561780000005,0.007054414639771989
KT2440,1,50,37.0,0.060955225,0.044355219,0.03,4.237516971,0.007079617664143628
KT2440,1,50,37.25,0.060689625,0.044355219,0.03,4.206441758,0.007131918549197703
KT2440,1,50,37.5,0.060556825,0.044355219,0.03,4.194755354,0.007151787760731469
KT2440,1,50,37.75,0.060556825,0.044355219,0.03,4.183201749,0.007171540317693627
KT2440,1,50,38.0,0.060025625,0.044355219,0.03,4.148009734,0.007232384185142801
KT2440,1,50,38.25,0.059361625,0.044355219,0.03,4.1319409270000005,0.00726051038241283
KT2440,1,50,38.5,0.056041623,0.044355219,0.03,4.128620926,0.007266348869927711
KT2440,1,50,38.75,0.055643223,0.044355219,0.03,4.108966518,0.007301105976059939
KT2440,1,50,39.0,0.055377623,0.044355219,0.03,4.085593708,0.007342874045761575
KT2440,1,50,39.25,0.059228825,0.044355219,0.03,4.070188901,0.007370665276156921
KT2440,1,50,39.5,0.054979223,0.044355219,0.03,4.058236896,0.007392372788678129
KT2440,1,50,39.75,0.058963225,0.044355219,0.03,4.031411285,0.007441562737997842
KT2440,1,50,40.0,0.054315223,0.044355219,0.03,4.011358477,0.007478763160164207
KT2440,2,50,0.0,0.056307224,0.044355219,0.03,0.03,1.0
KT2440,2,50,0.25,0.055908823,0.044355219,0.03,0.03,1.0
KT2440,2,50,0.5,0.055908823,0.044355219,0.03,0.03,1.0
KT2440,2,50,0.75,0.055776023,0.044355219,0.03,0.03,1.0
KT2440,2,50,1.0,0.052057622,0.044355219,0.03,0.03,1.0
KT2440,2,50,1.25,0.051924822,0.044355219,0.03,0.03,1.0
KT2440,2,50,1.5,0.051924822,0.044355219,0.03,0.034528013999999996,0.8688597033122148
KT2440,2,50,1.75,0.052190422,0.044355219,0.03,0.034793614,0.8622271891617812
KT2440,2,50,2.0,0.052190422,0.044355219,0.03,0.034793614,0.8622271891617812
KT2440,2,50,2.25,0.052057622,0.044355219,0.03,0.038512015999999996,0.7789776572589708
KT2440,2,50,2.5,0.052456022,0.044355219,0.03,0.046612819,0.6435997788505347
KT2440,2,50,2.75,0.051924822,0.044355219,0.03,0.053784022,0.5577864742060383
KT2440,2,50,3.0,0.052057622,0.044355219,0.03,0.065470427,0.45822215272858996
KT2440,2,50,3.25,0.051924822,0.044355219,0.03,0.076891232,0.3901615206269552
KT2440,2,50,3.5,0.04807362,0.044355219,0.03,0.099998442,0.300004674072822
KT2440,2,50,3.75,0.04833922,0.044355219,0.03,0.123371251,0.24316848339326638
KT2440,2,50,4.0,0.04820642,0.044355219,0.03,0.16560166899999998,0.1811575944926014
KT2440,2,50,4.25,0.04820642,0.044355219,0.03,0.231072096,0.1298296095431618
KT2440,2,50,4.5,0.04833922,0.044355219,0.03,0.381401759,0.07865721458300877
KT2440,2,50,4.75,0.04820642,0.044355219,0.03,0.743281911,0.040361536526078594
KT2440,2,50,5.0,0.04833922,0.044355219,0.03,1.001445219,0.029956705999312376
KT2440,2,50,5.25,0.04833922,0.044355219,0.03,1.1169812669999999,0.02685810486381237
KT2440,2,50,5.5,0.04807362,0.044355219,0.03,1.186037296,0.02529431418487197
KT2440,2,50,5.75,0.04833922,0.044355219,0.03,1.039957235,0.028847340054324447
KT2440,2,50,6.0,0.04820642,0.044355219,0.03,1.193872499,0.025128311461339724
KT2440,2,50,6.25,0.04847202,0.044355219,0.03,1.286566938,0.02331786952852662
KT2440,2,50,6.5,0.044488019,0.044355219,0.03,1.255624525,0.023892492861271566
KT2440,2,50,6.75,0.044488019,0.044355219,0.03,1.548315847,0.019375891590935838
KT2440,2,50,7.0,0.044488019,0.044355219,0.03,1.694661508,0.017702650268728474
KT2440,2,50,7.25,0.044355219,0.044355219,0.03,1.875535184,0.01599543439969932
KT2440,2,50,7.5,0.044488019,0.044355219,0.03,2.068228065,0.014505170153950114
KT2440,2,50,7.75,0.044620819,0.044355219,0.03,2.187748114,0.01371273036782515
KT2440,2,50,8.0,0.04847202,0.044355219,0.03,2.341796179,0.012810679370401345
KT2440,2,50,8.25,0.044620819,0.044355219,0.03,2.4650346300000003,0.012170214420070843
KT2440,2,50,8.5,0.044355219,0.044355219,0.03,2.6881387240000003,0.011160138326254027
KT2440,2,50,8.75,0.044355219,0.044355219,0.03,2.8768476030000003,0.010428081059530492
KT2440,2,50,9.0,0.044620819,0.044355219,0.03,3.1004828960000004,0.009675912109917988
KT2440,2,50,9.25,0.044488019,0.044355219,0.03,3.3198685880000003,0.009036502260492485
KT2440,2,50,9.5,0.044620819,0.044355219,0.03,3.5125614680000004,0.008540775805150976
KT2440,2,50,9.75,0.044488019,0.044355219,0.03,3.654923128,0.00820810696952092
KT2440,2,50,10.0,0.044355219,0.044355219,0.03,3.858904013,0.00777422809661371
KT2440,2,50,10.25,0.044355219,0.044355219,0.03,4.005249674,0.007490169762635376
KT2440,2,50,10.5,0.044753619,0.044355219,0.03,4.190505752,0.007159040405965776
KT2440,2,50,10.75,0.044753619,0.044355219,0.03,4.359958623,0.006880799244685859
KT2440,2,50,11.0,0.044620819,0.044355219,0.03,4.494617879000001,0.006674649727214329
KT2440,2,50,11.25,0.044488019,0.044355219,0.03,4.66393795,0.006432332574235898
KT2440,2,50,11.5,0.044488019,0.044355219,0.03,4.844944425,0.006192021490525146
KT2440,2,50,11.75,0.044620819,0.044355219,0.03,5.4651206850000005,0.005489357276654541
KT2440,2,50,12.0,0.044753619,0.044355219,0.03,5.869629654000001,0.005111055001494988
KT2440,2,50,12.25,0.044620819,0.044355219,0.03,5.854092047,0.0051246204807069715
KT2440,2,50,12.5,0.044886419,0.044355219,0.03,5.7619288090000005,0.005206589840738867
KT2440,2,50,12.75,0.044355219,0.044355219,0.03,5.730587996000001,0.005235064887048285
KT2440,2,50,13.0,0.044753619,0.044355219,0.03,5.442146275,0.005512530991276967
KT2440,2,50,13.25,0.044886419,0.044355219,0.03,5.5000470990000006,0.005454498745193381
KT2440,2,50,13.5,0.044753619,0.044355219,0.03,5.515319106000001,0.005439395150747239
KT2440,2,50,13.75,0.044886419,0.044355219,0.03,5.557815123,0.005397804593364484
KT2440,2,50,14.0,0.044620819,0.044355219,0.03,5.592210338,0.005364605082206047
KT2440,2,50,14.25,0.044886419,0.044355219,0.03,5.630987954,0.005327661903217064
KT2440,2,50,14.5,0.044753619,0.044355219,0.03,5.665515968,0.005295192912604284
KT2440,2,50,14.75,0.044488019,0.044355219,0.03,5.703762384,0.005259686147542713
KT2440,2,50,15.0,0.045019219,0.044355219,0.03,5.735103197,0.005230943362221072
KT2440,2,50,15.25,0.075164831,0.044355219,0.030809612,5.487962294,0.005614034927624086
KT2440,2,50,15.5,0.044355219,0.044355219,0.03,5.695927181,0.005266921266141095
KT2440,2,50,15.75,0.044886419,0.044355219,0.03,5.673351172,0.005287879965559092
KT2440,2,50,16.0,0.052588822,0.044355219,0.03,5.66949997,0.005291471939102946
KT2440,2,50,16.25,0.044886419,0.044355219,0.03,5.66949997,0.005291471939102946
KT2440,2,50,16.5,0.044886419,0.044355219,0.03,5.677202373,0.005284292866267355
KT2440,2,50,16.75,0.045019219,0.044355219,0.03,5.688888778,0.005273437602790834
KT2440,2,50,17.0,0.045152019,0.044355219,0.03,5.69287278,0.00526974713107852
KT2440,2,50,17.25,0.045152019,0.044355219,0.03,5.696723981,0.005266184582587731
KT2440,2,50,17.5,0.045152019,0.044355219,0.03,5.7044263850000005,0.005259073914756111
KT2440,2,50,17.75,0.045152019,0.044355219,0.03,5.712128788,0.0052519824243150446
KT2440,2,50,18.0,0.04900322,0.044355219,0.03,5.715979989,0.0052484438465027665
KT2440,2,50,18.25,0.04873762,0.044355219,0.03,5.727267994,0.0052380995670935245
KT2440,2,50,18.5,0.044620819,0.044355219,0.03,5.730853596,0.005234822264686588
KT2440,2,50,18.75,0.044886419,0.044355219,0.03,5.742672801,0.005224048285456199
KT2440,2,50,19.0,0.04887042,0.044355219,0.03,5.746656802,0.005220426594739248
KT2440,2,50,19.25,0.056572824,0.044355219,0.03,5.746656802,0.005220426594739248
KT2440,2,50,19.5,0.04887042,0.044355219,0.03,5.754359206,0.005213438877559011
KT2440,2,50,19.75,0.04873762,0.044355219,0.03,5.754226405,0.005213559197798022
KT2440,2,50,20.0,0.052721622,0.044355219,0.03,5.762061609,0.005206469842866965
KT2440,2,50,20.25,0.052588822,0.044355219,0.03,5.7619288090000005,0.005206589840738867
KT2440,2,50,20.5,0.052721622,0.044355219,0.03,5.769764012,0.0051995194149372075
KT2440,2,50,20.75,0.052588822,0.044355219,0.03,5.769631212,0.005199639092634609
KT2440,2,50,21.0,0.056440024,0.044355219,0.03,5.777333615,0.005192706878153859
KT2440,2,50,21.25,0.052456022,0.044355219,0.03,5.781052017,0.005189366902733405
KT2440,2,50,21.5,0.04900322,0.044355219,0.03,5.793004022,0.0051786603092401585
KT2440,2,50,21.75,0.052721622,0.044355219,0.03,5.7928712220000005,0.005178779028621741
KT2440,2,50,22.0,0.052588822,0.044355219,0.03,5.796589623,0.005175456941261546
KT2440,2,50,22.25,0.04887042,0.044355219,0.03,5.796722423,0.005175338374141776
KT2440,2,50,22.5,0.04900322,0.044355219,0.03,5.796855223000001,0.005175219812454508
KT2440,2,50,22.75,0.049136021,0.044355219,0.03,5.793136822,0.005178541595301544
KT2440,2,50,23.0,0.052987222,0.044355219,0.03,5.800839225,0.005171665484316194
KT2440,2,50,23.25,0.052854422,0.044355219,0.03,5.793004022,0.0051786603092401585
KT2440,2,50,23.5,0.056440024,0.044355219,0.03,5.792738422,0.005178897753446668
KT2440,2,50,23.75,0.052456022,0.044355219,0.03,5.804159226,0.005168707272125411
KT2440,2,50,24.0,0.056440024,0.044355219,0.03,5.800440825,0.005172020697237266
KT2440,2,50,24.25,0.052721622,0.044355219,0.03,5.804424826,0.0051684707614128725
KT2440,2,50,24.5,0.060158425,0.044355219,0.03,5.8003080250000005,0.005172139112387914
KT2440,2,50,24.75,0.060424025,0.044355219,0.03,5.808276028,0.00516504378500243
KT2440,2,50,25.0,0.052588822,0.044355219,0.03,5.8081432280000005,0.005165161880887417
KT2440,2,50,25.25,0.056440024,0.044355219,0.03,5.800440825,0.005172020697237266
KT2440,2,50,25.5,0.056174423,0.044355219,0.03,5.800175225,0.005172257532960997
KT2440,2,50,25.75,0.052456022,0.044355219,0.03,5.796456823000001,0.005175575513814191
KT2440,2,50,26.0,0.04887042,0.044355219,0.03,5.796722423,0.005175338374141776
KT2440,2,50,26.25,0.04873762,0.044355219,0.03,5.796589623,0.005175456941261546
KT2440,2,50,26.5,0.056572824,0.044355219,0.03,5.804424826,0.0051684707614128725
KT2440,2,50,26.75,0.052588822,0.044355219,0.03,5.800440825,0.005172020697237266
KT2440,2,50,27.0,0.052323222,0.044355219,0.03,5.7924728210000005,0.005179135220322166
KT2440,2,50,27.25,0.056440024,0.044355219,0.03,5.792738422,0.005178897753446668
KT2440,2,50,27.5,0.052588822,0.044355219,0.03,5.7850360180000004,0.005185793123267638
KT2440,2,50,27.75,0.052721622,0.044355219,0.03,5.777466415,0.005192587519351248
KT2440,2,50,28.0,0.052588822,0.044355219,0.03,5.777333615,0.005192706878153859
KT2440,2,50,28.25,0.052456022,0.044355219,0.03,5.761796009,0.00520670984414228
KT2440,2,50,28.5,0.04820642,0.044355219,0.03,5.745992802,0.005221029860942036
KT2440,2,50,28.75,0.04847202,0.044355219,0.03,5.7462584020000005,0.005220788537730642
KT2440,2,50,29.0,0.052323222,0.044355219,0.03,5.734704797,0.005231306765030681
KT2440,2,50,29.25,0.052323222,0.044355219,0.03,5.730853596,0.005234822264686588
KT2440,2,50,29.5,0.060025625,0.044355219,0.03,5.703895184,0.005259563689766428
KT2440,2,50,29.75,0.052456022,0.044355219,0.03,5.69247438,0.0052701159456074705
KT2440,2,50,30.0,0.04847202,0.044355219,0.03,5.673085572000001,0.00528812753117414
KT2440,2,50,30.25,0.04887042,0.044355219,0.03,5.661930367,0.005298546265219372
KT2440,2,50,30.5,0.04860482,0.044355219,0.03,5.661664767,0.005298794830605341
KT2440,2,50,30.75,0.04873762,0.044355219,0.03,5.650243962,0.005309505253536165
KT2440,2,50,31.0,0.052456022,0.044355219,0.03,5.642408759,0.005316878177630802
KT2440,2,50,31.25,0.052456022,0.044355219,0.03,5.630855154,0.0053277875526044835
KT2440,2,50,31.5,0.052588822,0.044355219,0.03,5.607880744,0.005349614474611944
KT2440,2,50,31.75,0.04873762,0.044355219,0.03,5.5963271390000005,0.005360658741862016
KT2440,2,50,32.0,0.056440024,0.044355219,0.03,5.592475938000001,0.005364350304335632
KT2440,2,50,32.25,0.04873762,0.044355219,0.03,5.584773535,0.005371748704220286
KT2440,2,50,32.5,0.052721622,0.044355219,0.03,5.5810551330000004,0.005375327654911378
KT2440,2,50,32.75,0.052456022,0.044355219,0.03,5.569235928,0.005386735341767693
KT2440,2,50,33.0,0.052323222,0.044355219,0.03,5.553698322,0.005401805834710227
KT2440,2,50,33.25,0.04900322,0.044355219,0.03,5.5388247150000005,0.005416311499938845
KT2440,2,50,33.5,0.052721622,0.044355219,0.03,5.527138311,0.0054277635752835425
KT2440,2,50,33.75,0.04887042,0.044355219,0.03,5.500179899,0.005454367048149528
KT2440,2,50,34.0,0.04873762,0.044355219,0.03,5.457683881,0.005496837239774899
KT2440,2,50,34.25,0.056572824,0.044355219,0.03,5.419304665,0.0055357655371826185
KT2440,2,50,34.5,0.052721622,0.044355219,0.03,5.361536641,0.005595410795216461
KT2440,2,50,34.75,0.052721622,0.044355219,0.03,5.2960662140000005,0.005664581745729661
KT2440,2,50,35.0,0.04873762,0.044355219,0.03,5.257421398,0.005706219404709016
KT2440,2,50,35.25,0.052456022,0.044355219,0.03,5.195669372,0.0057740394648037275
KT2440,2,50,35.5,0.04887042,0.044355219,0.03,5.138166948,0.0058386580863584656
KT2440,2,50,35.75,0.052721622,0.044355219,0.03,5.068845319,0.005918507690015387
KT2440,2,50,36.0,0.052721622,0.044355219,0.03,4.984118884,0.00601911806243344
KT2440,2,50,36.25,0.052588822,0.044355219,0.03,4.895408446,0.006128191412610885
KT2440,2,50,36.5,0.052588822,0.044355219,0.03,4.868450035,0.00616212547819647
KT2440,2,50,36.75,0.049136021,0.044355219,0.03,4.811080411,0.006235605609793663
KT2440,2,50,37.0,0.049401621,0.044355219,0.03,4.7150659710000005,0.006362583298837155
KT2440,2,50,37.25,0.049136021,0.044355219,0.03,4.5607523070000004,0.006577862155319192
KT2440,2,50,37.5,0.04900322,0.044355219,0.03,4.552917103,0.006589182126824239
KT2440,2,50,37.75,0.052854422,0.044355219,0.03,4.541363498,0.006605945552081856
KT2440,2,50,38.0,0.04847202,0.044355219,0.03,4.525427492,0.00662920797052514
KT2440,2,50,38.25,0.051659222,0.044355219,0.03,4.517061088,0.006641486447836146
KT2440,2,50,38.5,0.04833922,0.044355219,0.03,4.4906338770000005,0.006680571345095207
KT2440,2,50,38.75,0.04794082,0.044355219,0.03,4.490235477000001,0.006681164084526695
KT2440,2,50,39.0,0.04767522,0.044355219,0.03,4.4784162720000005,0.0066987966678234675
KT2440,2,50,39.25,0.051526422,0.044355219,0.03,4.466862667,0.006716123202450809
KT2440,2,50,39.5,0.051128021,0.044355219,0.03,4.4549106620000005,0.00673414177660113
KT2440,2,50,39.75,0.051260821,0.044355219,0.03,4.435787454000001,0.006763173463811324
KT2440,2,50,40.0,0.050464021,0.044355219,0.03,4.415734646000001,0.006793886500217023
KT2440,3,50,0.0,0.060158425,0.044355219,0.03,0.03,1.0
KT2440,3,50,0.25,0.063611227,0.044355219,0.03,0.03,1.0
KT2440,3,50,0.5,0.063611227,0.044355219,0.03,0.03,1.0
KT2440,3,50,0.75,0.063478427,0.044355219,0.03,0.03,1.0
KT2440,3,50,1.0,0.059760025,0.044355219,0.03,0.03,1.0
KT2440,3,50,1.25,0.059627225,0.044355219,0.03,0.03,1.0
KT2440,3,50,1.5,0.059627225,0.044355219,0.03,0.03,1.0
KT2440,3,50,1.75,0.059892825,0.044355219,0.03,0.03,1.0
KT2440,3,50,2.0,0.056041623,0.044355219,0.03,0.03,1.0
KT2440,3,50,2.25,0.059760025,0.044355219,0.03,0.034660814,0.8655307402763247
KT2440,3,50,2.5,0.056307224,0.044355219,0.03,0.038910416,0.7710017800889097
KT2440,3,50,2.75,0.055776023,0.044355219,0.03,0.053784022,0.5577864742060383
KT2440,3,50,3.0,0.059760025,0.044355219,0.03,0.069321629,0.4327653638953003
KT2440,3,50,3.25,0.055776023,0.044355219,0.03,0.09614724,0.312021437120816
KT2440,3,50,3.5,0.055776023,0.044355219,0.03,0.13080805499999998,0.22934367459251653
KT2440,3,50,3.75,0.056041623,0.044355219,0.03,0.169585671,0.17690173835500525
KT2440,3,50,4.0,0.055908823,0.044355219,0.03,0.254179306,0.11802691758077269
KT2440,3,50,4.25,0.055908823,0.044355219,0.03,0.408227371,0.07348845797995254
KT2440,3,50,4.5,0.052190422,0.044355219,0.03,0.677944283,0.04425142412477575
KT2440,3,50,4.75,0.052057622,0.044355219,0.03,0.88577637,0.033868593717396187
KT2440,3,50,5.0,0.052190422,0.044355219,0.03,1.0630644439999999,0.02822030232439982
KT2440,3,50,5.25,0.052190422,0.044355219,0.03,1.170898089,0.02562135875174359
KT2440,3,50,5.5,0.055776023,0.044355219,0.03,1.247656521,0.02404507931073443
KT2440,3,50,5.75,0.056041623,0.044355219,0.03,1.201707702,0.024964473432325558
KT2440,3,50,6.0,0.063611227,0.044355219,0.03,1.120699668,0.02676899160105756
KT2440,3,50,6.25,0.056174423,0.044355219,0.03,1.159477285,0.025873728091188954
KT2440,3,50,6.5,0.063744027,0.044355219,0.03,1.398118984,0.021457401225016198
KT2440,3,50,6.75,0.056041623,0.044355219,0.03,1.609935073,0.018634291843892266
KT2440,3,50,7.0,0.059892825,0.044355219,0.03,1.825602363,0.016432932279240264
KT2440,3,50,7.25,0.059760025,0.044355219,0.03,2.03343445,0.0147533646830858
KT2440,3,50,7.5,0.07144643,0.044355219,0.03,2.195317718,0.013665447945881334
KT2440,3,50,7.75,0.060025625,0.044355219,0.03,2.3263913720000002,0.012895508623817229
KT2440,3,50,8.0,0.075430432,0.044355219,0.031075213000000004,2.484290638,0.012508686594342028
KT2440,3,50,8.25,0.063876827,0.044355219,0.03,2.634487501,0.01138741405628707
KT2440,3,50,8.5,0.075164831,0.044355219,0.030809612,2.819079578,0.010928961438491184
KT2440,3,50,8.75,0.059760025,0.044355219,0.03,3.034746869,0.00988550323799675
KT2440,3,50,9.0,0.063876827,0.044355219,0.03,3.246828557,0.009239785678033876
KT2440,3,50,9.25,0.059892825,0.044355219,0.03,3.4354046360000003,0.008732595772162193
KT2440,3,50,9.5,0.075430432,0.044355219,0.031075213000000004,3.6435023230000003,0.008528940081589734
KT2440,3,50,9.75,0.063744027,0.044355219,0.03,3.782012781,0.00793228413999905
KT2440,3,50,10.0,0.067462428,0.044355219,0.03,3.978291263,0.0075409259947893355
KT2440,3,50,10.25,0.07131363,0.044355219,0.03,4.143892932,0.007239569287211496
KT2440,3,50,10.5,0.07171203,0.044355219,0.03,4.313744203000001,0.006954515286079422
KT2440,3,50,10.75,0.079414433,0.044355219,0.035059214000000005,4.479345872000001,0.007826860216165063
KT2440,3,50,11.0,0.07157923,0.044355219,0.03,4.621707532,0.006491107408308414
KT2440,3,50,11.25,0.075297631,0.044355219,0.030942412000000002,4.814134812,0.006427408705479352
KT2440,3,50,11.5,0.075297631,0.044355219,0.030942412000000002,5.3378982310000005,0.0057967407134705265
KT2440,3,50,11.75,0.07157923,0.044355219,0.03,5.834836039,0.005141532649671769
KT2440,3,50,12.0,0.083265635,0.044355219,0.038910416,5.88503446,0.006611756696493499
KT2440,3,50,12.25,0.07157923,0.044355219,0.03,5.723151192,0.005241867459649665
KT2440,3,50,12.5,0.067993628,0.044355219,0.03,5.496195898,0.005458320728872972
KT2440,3,50,12.75,0.075164831,0.044355219,0.030809612,5.4494502780000005,0.005653710086021267
KT2440,3,50,13.0,0.079414433,0.044355219,0.035059214000000005,5.499914299,0.0063745018729427306
KT2440,3,50,13.25,0.067993628,0.044355219,0.03,5.511600704,0.005443064839263072
KT2440,3,50,13.5,0.07171203,0.044355219,0.03,5.561533525000001,0.005394195659370766
KT2440,3,50,13.75,0.075696032,0.044355219,0.031340812999999995,5.604029543,0.005592549568042131
KT2440,3,50,14.0,0.067728028,0.044355219,0.03,5.634573555,0.005324271607631893
KT2440,3,50,14.25,0.079547233,0.044355219,0.035192013999999994,5.673351172,0.006203038192609169
KT2440,3,50,14.5,0.067860828,0.044355219,0.03,5.700176783,0.00526299466526563
KT2440,3,50,14.75,0.07144643,0.044355219,0.03,5.726869594,0.005238463964926106
KT2440,3,50,15.0,0.075828832,0.044355219,0.031473613,5.750508004,0.005473188277993395
KT2440,3,50,15.25,0.079016033,0.044355219,0.034660814,5.360872641,0.006465517150121007
KT2440,3,50,15.5,0.082867235,0.044355219,0.038512015999999996,5.715183189,0.006738544457179253
KT2440,3,50,15.75,0.083398435,0.044355219,0.039043216000000006,5.711863188000001,0.0068354606395379935
KT2440,3,50,16.0,0.091100838,0.044355219,0.046745619,5.715714389,0.00817843856753284
KT2440,3,50,16.25,0.083398435,0.044355219,0.039043216000000006,5.711863188000001,0.0068354606395379935
KT2440,3,50,16.5,0.091100838,0.044355219,0.046745619,5.708011986,0.00818947456919373
KT2440,3,50,16.75,0.087382437,0.044355219,0.04302721799999999,5.715847189,0.0075277061435100575
KT2440,3,50,17.0,0.083664035,0.044355219,0.039308815999999996,5.712128788,0.0068816403584211336
KT2440,3,50,17.25,0.09521764,0.044355219,0.050862421000000005,5.715979989,0.00889828535052277
KT2440,3,50,17.5,0.087515237,0.044355219,0.043160017999999994,5.719831191,0.007545680380901996
KT2440,3,50,17.75,0.075961632,0.044355219,0.031606413,5.723682393,0.005522041725909581
KT2440,3,50,18.0,0.091366438,0.044355219,0.04701121899999999,5.723682393,0.008213456962163763
KT2440,3,50,18.25,0.087249636,0.044355219,0.042894417000000004,5.727267994,0.007489507570614305
KT2440,3,50,18.5,0.079281633,0.044355219,0.034926414,5.730853596,0.00609445232109538
KT2440,3,50,18.75,0.083398435,0.044355219,0.039043216000000006,5.738821599,0.0068033507099790926
KT2440,3,50,19.0,0.083531235,0.044355219,0.039176015999999994,5.738954399,0.006826333383451579
KT2440,3,50,19.25,0.079680033,0.044355219,0.035324813999999996,5.742805601000001,0.00615114222112078
KT2440,3,50,19.5,0.083531235,0.044355219,0.039176015999999994,5.750508004,0.006812618289158022
KT2440,3,50,19.75,0.07184483,0.044355219,0.03,5.754226405,0.005213559197798022
KT2440,3,50,20.0,0.079680033,0.044355219,0.035324813999999996,5.762061609,0.006130585959862825
KT2440,3,50,20.25,0.087249636,0.044355219,0.042894417000000004,5.7619288090000005,0.007444454525887219
KT2440,3,50,20.5,0.087382437,0.044355219,0.04302721799999999,5.7659128100000006,0.0074623428098629175
KT2440,3,50,20.75,0.079547233,0.044355219,0.035192013999999994,5.76578001,0.00610359984927694
KT2440,3,50,21.0,0.083398435,0.044355219,0.039043216000000006,5.769631212,0.006767021073859236
KT2440,3,50,21.25,0.075563232,0.044355219,0.031208012999999993,5.773349613000001,0.005405529734372591
KT2440,3,50,21.5,0.091366438,0.044355219,0.04701121899999999,5.793004022,0.008115171130809892
KT2440,3,50,21.75,0.083531235,0.044355219,0.039176015999999994,5.7928712220000005,0.006762797669524992
KT2440,3,50,22.0,0.064142427,0.044355219,0.03,5.796589623,0.005175456941261546
KT2440,3,50,22.25,0.087382437,0.044355219,0.04302721799999999,5.7928712220000005,0.007427615141277861
KT2440,3,50,22.5,0.079812833,0.044355219,0.035457614,5.785301618,0.0061289136403328654
KT2440,3,50,22.75,0.087648037,0.044355219,0.043292818,5.7815832170000006,0.00748805584475599
KT2440,3,50,23.0,0.091499238,0.044355219,0.047144018999999995,5.777732015,0.008159606378005401
KT2440,3,50,23.25,0.083664035,0.044355219,0.039308815999999996,5.78915282,0.0067900809016819145
KT2440,3,50,23.5,0.075696032,0.044355219,0.031340812999999995,5.792738422,0.005410362201229737
KT2440,3,50,23.75,0.083265635,0.044355219,0.038910416,5.796456823000001,0.0067127932093974645
KT2440,3,50,24.0,0.079547233,0.044355219,0.035192013999999994,5.796589623,0.006071158437775783
KT2440,3,50,24.25,0.075828832,0.044355219,0.031473613,5.796722423,0.0054295532377262486
KT2440,3,50,24.5,0.079414433,0.044355219,0.035059214000000005,5.796456823000001,0.00604838698373239
KT2440,3,50,24.75,0.091233638,0.044355219,0.046878419000000005,5.804424826,0.008076324598092056
KT2440,3,50,25.0,0.07184483,0.044355219,0.03,5.800440825,0.005172020697237266
KT2440,3,50,25.25,0.079547233,0.044355219,0.035192013999999994,5.8081432280000005,0.00605908164081521
KT2440,3,50,25.5,0.075430432,0.044355219,0.031075213000000004,5.811728829000001,0.005346982612976969
KT2440,3,50,25.75,0.07171203,0.044355219,0.03,5.808010428,0.005165279982172924
KT2440,3,50,26.0,0.075828832,0.044355219,0.031473613,5.808276028,0.005418752973907389
KT2440,3,50,26.25,0.087249636,0.044355219,0.042894417000000004,5.804292026000001,0.007390120415695294
KT2440,3,50,26.5,0.075828832,0.044355219,0.031473613,5.808276028,0.005418752973907389
KT2440,3,50,26.75,0.083398435,0.044355219,0.039043216000000006,5.81199443,0.006717696733924778
KT2440,3,50,27.0,0.079281633,0.044355219,0.034926414,5.811728829000001,0.006009642746186016
KT2440,3,50,27.25,0.07184483,0.044355219,0.03,5.804292026000001,0.005168589014063503
KT2440,3,50,27.5,0.075696032,0.044355219,0.031340812999999995,5.804292026000001,0.005399592725453954
KT2440,3,50,27.75,0.079680033,0.044355219,0.035324813999999996,5.796722423,0.006093928848454022
KT2440,3,50,28.0,0.079547233,0.044355219,0.035192013999999994,5.796589623,0.006071158437775783
KT2440,3,50,28.25,0.07171203,0.044355219,0.03,5.796456823000001,0.005175575513814191
KT2440,3,50,28.5,0.082867235,0.044355219,0.038512015999999996,5.780653616,0.0066622251666151365
KT2440,3,50,28.75,0.083132835,0.044355219,0.038777616,5.773216813,0.006716812698369726
KT2440,3,50,29.0,0.079281633,0.044355219,0.034926414,5.765514410000001,0.006057814015592756
KT2440,3,50,29.25,0.079281633,0.044355219,0.034926414,5.753960805,0.006069977739446906
KT2440,3,50,29.5,0.07157923,0.044355219,0.03,5.734704797,0.005231306765030681
KT2440,3,50,29.75,0.075563232,0.044355219,0.031208012999999993,5.742540001,0.00543453123436066
KT2440,3,50,30.0,0.086984036,0.044355219,0.042628817,5.742407201,0.0074235099511188425
KT2440,3,50,30.25,0.083531235,0.044355219,0.039176015999999994,5.742805601000001,0.006821755553274907
KT2440,3,50,30.5,0.075563232,0.044355219,0.031208012999999993,5.738688799,0.005438178317917879
KT2440,3,50,30.75,0.087249636,0.044355219,0.042894417000000004,5.7349703970000006,0.0074794487208579745
KT2440,3,50,31.0,0.075563232,0.044355219,0.031208012999999993,5.715581589,0.005460164029512202
KT2440,3,50,31.25,0.075563232,0.044355219,0.031208012999999993,5.696325581,0.0054786217108259766
KT2440,3,50,31.5,0.083398435,0.044355219,0.039043216000000006,5.673351172,0.006881861322579875
KT2440,3,50,31.75,0.07184483,0.044355219,0.03,5.673351172,0.005287879965559092
KT2440,3,50,32.0,0.079547233,0.044355219,0.035192013999999994,5.677202373,0.006198830284326029
KT2440,3,50,32.25,0.083398435,0.044355219,0.039043216000000006,5.657946365,0.006900598464757629
KT2440,3,50,32.5,0.087382437,0.044355219,0.04302721799999999,5.6503767620000005,0.007614929023736486
KT2440,3,50,32.75,0.079414433,0.044355219,0.035059214000000005,5.64625996,0.006209280877673228
KT2440,3,50,33.0,0.086984036,0.044355219,0.042628817,5.6268711520000005,0.007575936226093986
KT2440,3,50,33.25,0.083664035,0.044355219,0.039308815999999996,5.619699949,0.006994824698246535
KT2440,3,50,33.5,0.083531235,0.044355219,0.039176015999999994,5.611864746,0.006980926621213332
KT2440,3,50,33.75,0.083531235,0.044355219,0.039176015999999994,5.588757536,0.007009789876846071
KT2440,3,50,34.0,0.083398435,0.044355219,0.039043216000000006,5.565517527,0.007015199540849457
KT2440,3,50,34.25,0.083531235,0.044355219,0.039176015999999994,5.523287109,0.007092880602959073
KT2440,3,50,34.5,0.087382437,0.044355219,0.04302721799999999,5.496328698,0.00782835604712955
KT2440,3,50,34.75,0.079680033,0.044355219,0.035324813999999996,5.488626294,0.006436002764228275
KT2440,3,50,35.0,0.079547233,0.044355219,0.035192013999999994,5.476939890000001,0.006425488449171201
KT2440,3,50,35.25,0.079414433,0.044355219,0.035059214000000005,5.43059267,0.006455872522657827
KT2440,3,50,35.5,0.07197763,0.044355219,0.03,5.388495053000001,0.005567417192542052
KT2440,3,50,35.75,0.075828832,0.044355219,0.031473613,5.346131835,0.005887174871736023
KT2440,3,50,36.0,0.075828832,0.044355219,0.031473613,5.338429432,0.005895669016684681
KT2440,3,50,36.25,0.075696032,0.044355219,0.031340812999999995,5.280528607,0.005935165838975635
KT2440,3,50,36.5,0.075696032,0.044355219,0.031340812999999995,5.176546164,0.006054386845414018
KT2440,3,50,36.75,0.079945633,0.044355219,0.035590414,5.115325338,0.006957605166500556
KT2440,3,50,37.0,0.07250883,0.044355219,0.03,5.069376519,0.005917887512904227
KT2440,3,50,37.25,0.083796835,0.044355219,0.039441616,5.007491693,0.00787652150379713
KT2440,3,50,37.5,0.07211043,0.044355219,0.03,4.938037264,0.006075288296973856
KT2440,3,50,37.75,0.075961632,0.044355219,0.031606413,4.884120442,0.006471259948507223
KT2440,3,50,38.0,0.079281633,0.044355219,0.034926414,4.8258212170000006,0.007237403216879263
KT2440,3,50,38.25,0.074766431,0.044355219,0.030411211999999993,4.798198806,0.006338047511072636
KT2440,3,50,38.5,0.07144643,0.044355219,0.03,4.721705974,0.006353635775966256
KT2440,3,50,38.75,0.078750433,0.044355219,0.03439521399999999,4.625027533,0.0074367587553991745
KT2440,3,50,39.0,0.082336034,0.044355219,0.037980815,4.513077087,0.008415724851987223
KT2440,3,50,39.25,0.066931228,0.044355219,0.03,4.505374683,0.006658713672183166
KT2440,3,50,39.5,0.070384029,0.044355219,0.03,4.485720275,0.006687889159562005
KT2440,3,50,39.75,0.074368031,0.044355219,0.030012812,4.47429947,0.006707823694241905
KT2440,3,50,40.0,0.069720029,0.044355219,0.03,4.458097864,0.0067293273757527364
KT2440,1,70,0.0,0.064009627,0.038910416,0.03,0.03,1.0
KT2440,1,70,0.25,0.067462428,0.038910416,0.03,0.03,1.0
KT2440,1,70,0.5,0.067462428,0.038910416,0.03,0.03,1.0
KT2440,1,70,0.75,0.063478427,0.038910416,0.03,0.03,1.0
KT2440,1,70,1.0,0.059760025,0.038910416,0.03,0.030809612999999996,0.9737220652528158
KT2440,1,70,1.25,0.063478427,0.038910416,0.03,0.03,1.0
KT2440,1,70,1.5,0.059627225,0.038910416,0.03,0.034528013999999996,0.8688597033122148
KT2440,1,70,1.75,0.056041623,0.038910416,0.03,0.030942413,0.9695430023508509
KT2440,1,70,2.0,0.056041623,0.038910416,0.03,0.038644816,0.7763007592014411
KT2440,1,70,2.25,0.055908823,0.038910416,0.03,0.04236321800000001,0.7081614999124947
KT2440,1,70,2.5,0.056307224,0.038910416,0.03,0.054315222999999996,0.5523313418044883
KT2440,1,70,2.75,0.055776023,0.038910416,0.03,0.06918882900000001,0.4335960072398392
KT2440,1,70,3.0,0.052057622,0.038910416,0.03,0.084726435,0.35408075413535334
KT2440,1,70,3.25,0.051924822,0.038910416,0.03,0.103849643,0.28887918276233265
KT2440,1,70,3.5,0.051924822,0.038910416,0.03,0.13851045799999998,0.21659014368431304
KT2440,1,70,3.75,0.052190422,0.038910416,0.03,0.173436872,0.1729735992932345
KT2440,1,70,4.0,0.052057622,0.038910416,0.03,0.234923298,0.12770125507092106
KT2440,1,70,4.25,0.052057622,0.038910416,0.03,0.377417758,0.07948751579410315
KT2440,1,70,4.5,0.052190422,0.038910416,0.03,0.639432267,0.0469166189262701
KT2440,1,70,4.75,0.052057622,0.038910416,0.03,0.870371564,0.034468037836769216
KT2440,1,70,5.0,0.052190422,0.038910416,0.03,1.009147622,0.029728058953896044
KT2440,1,70,5.25,0.052190422,0.038910416,0.03,1.082320452,0.027718223327077993
KT2440,1,70,5.5,0.051924822,0.038910416,0.03,1.155227683,0.025968906771774446
KT2440,1,70,5.75,0.04833922,0.038910416,0.03,1.0707668479999999,0.028017303725862086
KT2440,1,70,6.0,0.04820642,0.038910416,0.03,1.224682112,0.02449615267998623
KT2440,1,70,6.25,0.04847202,0.038910416,0.03,1.5253414379999999,0.019667727665836875
KT2440,1,70,6.5,0.04833922,0.038910416,0.03,1.617637476,0.01854556440802933
KT2440,1,70,6.75,0.04833922,0.038910416,0.03,1.667703097,0.017988813508811274
KT2440,1,70,7.0,0.04833922,0.038910416,0.03,1.829453565,0.01639833914013554
KT2440,1,70,7.25,0.04820642,0.038910416,0.03,2.05654166,0.014587596538161059
KT2440,1,70,7.5,0.04833922,0.038910416,0.03,2.2145737260000002,0.01354662508987068
KT2440,1,70,7.75,0.04847202,0.038910416,0.03,2.3610521870000003,0.012706199450050528
KT2440,1,70,8.0,0.04847202,0.038910416,0.03,2.5343562590000004,0.011837325511543243
KT2440,1,70,8.25,0.04847202,0.038910416,0.03,2.765428356,0.0108482289678236
KT2440,1,70,8.5,0.04820642,0.038910416,0.03,2.938466828,0.010209405705770315
KT2440,1,70,8.75,0.04820642,0.038910416,0.03,3.1117709010000003,0.009640812564433707
KT2440,1,70,9.0,0.04847202,0.038910416,0.03,3.308447783,0.00906769638443467
KT2440,1,70,9.25,0.04833922,0.038910416,0.03,3.5162798700000004,0.008531744090097127
KT2440,1,70,9.5,0.04847202,0.038910416,0.03,3.7012703470000003,0.008105325249833742
KT2440,1,70,9.75,0.04833922,0.038910416,0.03,3.8359296030000003,0.007820790031323209
KT2440,1,70,10.0,0.04820642,0.038910416,0.03,4.039910489,0.007425907104052175
KT2440,1,70,10.25,0.04820642,0.038910416,0.03,4.197809755000001,0.00714658399282318
KT2440,1,70,10.5,0.04860482,0.038910416,0.03,4.352256219,0.006892976536866889
KT2440,1,70,10.75,0.04860482,0.038910416,0.03,4.517857889,0.006640315108857998
KT2440,1,70,11.0,0.04847202,0.038910416,0.03,4.748797185,0.006317389189574328
KT2440,1,70,11.25,0.04833922,0.038910416,0.03,5.206957377,0.005761522099741973
KT2440,1,70,11.5,0.04833922,0.038910416,0.03,5.7422744,0.005224410731747685
KT2440,1,70,11.75,0.04847202,0.038910416,0.03,5.696192781000001,0.0052666756820567645
KT2440,1,70,12.0,0.04860482,0.038910416,0.03,5.673218372,0.00528800374546908
KT2440,1,70,12.25,0.04847202,0.038910416,0.03,5.542144717,0.005413066877878137
KT2440,1,70,12.5,0.04873762,0.038910416,0.03,5.423023067,0.005531969831099374
KT2440,1,70,12.75,0.04820642,0.038910416,0.03,5.457152681,0.005497372302675363
KT2440,1,70,13.0,0.04860482,0.038910416,0.03,5.4960630980000005,0.005458452616913532
KT2440,1,70,13.25,0.04873762,0.038910416,0.03,5.546261519000001,0.005409048941747169
KT2440,1,70,13.5,0.04860482,0.038910416,0.03,5.600045541,0.005357099291489494
KT2440,1,70,13.75,0.04873762,0.038910416,0.03,5.650243962,0.005309505253536165
KT2440,1,70,14.0,0.04847202,0.038910416,0.03,5.676936773,0.005284540096110032
KT2440,1,70,14.25,0.04873762,0.038910416,0.03,5.6887559780000005,0.005273560707475999
KT2440,1,70,14.5,0.04860482,0.038910416,0.03,5.711730388,0.005252348756346795
KT2440,1,70,14.75,0.04833922,0.038910416,0.03,5.730720796,0.005234943573056251
KT2440,1,70,15.0,0.04887042,0.038910416,0.03,5.746656802,0.005220426594739248
KT2440,1,70,15.25,0.098272041,0.038910416,0.059361625,5.360872641,0.011073127264020745
KT2440,1,70,15.5,0.04820642,0.038910416,0.03,5.692075979,0.005270484812690515
KT2440,1,70,15.75,0.04873762,0.038910416,0.03,5.700309583,0.005262872053382648
KT2440,1,70,16.0,0.04873762,0.038910416,0.03,5.700309583,0.005262872053382648
KT2440,1,70,16.25,0.04873762,0.038910416,0.03,5.6887559780000005,0.005273560707475999
KT2440,1,70,16.5,0.04873762,0.038910416,0.03,5.700309583,0.005262872053382648
KT2440,1,70,16.75,0.04887042,0.038910416,0.03,5.711995988,0.005252104529314316
KT2440,1,70,17.0,0.04900322,0.038910416,0.03,5.7044263850000005,0.005259073914756111
KT2440,1,70,17.25,0.04900322,0.038910416,0.03,5.712128788,0.0052519824243150446
KT2440,1,70,17.5,0.04900322,0.038910416,0.03,5.715979989,0.0052484438465027665
KT2440,1,70,17.75,0.04900322,0.038910416,0.03,5.7275335940000005,0.0052378566633685284
KT2440,1,70,18.0,0.04900322,0.038910416,0.03,5.742938401,0.0052238066831391036
KT2440,1,70,18.25,0.04873762,0.038910416,0.03,5.742672801,0.005224048285456199
KT2440,1,70,18.5,0.04847202,0.038910416,0.03,5.742407201,0.005224289910122659
KT2440,1,70,18.75,0.04873762,0.038910416,0.03,5.754226405,0.005213559197798022
KT2440,1,70,19.0,0.04887042,0.038910416,0.03,5.750508004,0.0052169303962593
KT2440,1,70,19.25,0.04887042,0.038910416,0.03,5.754359206,0.005213438877559011
KT2440,1,70,19.5,0.04887042,0.038910416,0.03,5.754359206,0.005213438877559011
KT2440,1,70,19.75,0.04873762,0.038910416,0.03,5.76578001,0.005203112145792742
KT2440,1,70,20.0,0.04887042,0.038910416,0.03,5.762061609,0.005206469842866965
KT2440,1,70,20.25,0.04873762,0.038910416,0.03,5.76578001,0.005203112145792742
KT2440,1,70,20.5,0.04887042,0.038910416,0.03,5.769764012,0.0051995194149372075
KT2440,1,70,20.75,0.04873762,0.038910416,0.03,5.7619288090000005,0.005206589840738867
KT2440,1,70,21.0,0.04873762,0.038910416,0.03,5.76578001,0.005203112145792742
KT2440,1,70,21.25,0.04860482,0.038910416,0.03,5.7772008150000005,0.00519282624244385
KT2440,1,70,21.5,0.04900322,0.038910416,0.03,5.773748014000001,0.005195931642194456
KT2440,1,70,21.75,0.04887042,0.038910416,0.03,5.746656802,0.005220426594739248
KT2440,1,70,22.0,0.04873762,0.038910416,0.03,5.731119196,0.00523457966481282
KT2440,1,70,22.25,0.04887042,0.038910416,0.03,5.708144786,0.005255648047607179
KT2440,1,70,22.5,0.04900322,0.038910416,0.03,5.696723981,0.005266184582587731
KT2440,1,70,22.75,0.049136021,0.038910416,0.03,5.673749572,0.005287508660595497
KT2440,1,70,23.0,0.049136021,0.038910416,0.03,5.66989837,0.005291100129542533
KT2440,1,70,23.25,0.04900322,0.038910416,0.03,5.6582119650000005,0.005302028306039255
KT2440,1,70,23.5,0.04873762,0.038910416,0.03,5.650243962,0.005309505253536165
KT2440,1,70,23.75,0.04860482,0.038910416,0.03,5.630855154,0.0053277875526044835
KT2440,1,70,24.0,0.04873762,0.038910416,0.03,5.630987954,0.005327661903217064
KT2440,1,70,24.25,0.04887042,0.038910416,0.03,5.619567149,0.005338489460943356
KT2440,1,70,24.5,0.04860482,0.038910416,0.03,5.607747944000001,0.0053497411616188
KT2440,1,70,24.75,0.04887042,0.038910416,0.03,5.6041623430000005,0.005353163981316877
KT2440,1,70,25.0,0.04873762,0.038910416,0.03,5.584773535,0.005371748704220286
KT2440,1,70,25.25,0.04873762,0.038910416,0.03,5.569368728000001,0.005386606896608408
KT2440,1,70,25.5,0.04847202,0.038910416,0.03,5.54984712,0.00540555430651214
KT2440,1,70,25.75,0.04860482,0.038910416,0.03,5.538426315000001,0.0054167011157572826
KT2440,1,70,26.0,0.04887042,0.038910416,0.03,5.504031101,0.005450550596370985
KT2440,1,70,26.25,0.04873762,0.038910416,0.03,5.457683881,0.005496837239774899
KT2440,1,70,26.5,0.04887042,0.038910416,0.03,5.3692390450000005,0.005587383938127492
KT2440,1,70,26.75,0.04873762,0.038910416,0.03,5.334445430000001,0.00562382733006981
KT2440,1,70,27.0,0.04847202,0.038910416,0.03,5.268709402,0.00569399405262549
KT2440,1,70,27.25,0.04873762,0.038910416,0.03,5.176546164,0.005795369933843789
KT2440,1,70,27.5,0.04873762,0.038910416,0.03,5.080266124,0.005905202457460868
KT2440,1,70,27.75,0.04887042,0.038910416,0.03,4.984118884,0.00601911806243344
KT2440,1,70,28.0,0.04873762,0.038910416,0.03,4.899259648,0.006123374173942127
KT2440,1,70,28.25,0.04860482,0.038910416,0.03,4.795144404,0.006256328792720962
KT2440,1,70,28.5,0.04820642,0.038910416,0.03,4.7177219720000005,0.006359001267571941
KT2440,1,70,28.75,0.04847202,0.038910416,0.03,4.698731564,0.0063847018267332535
KT2440,1,70,29.0,0.04847202,0.038910416,0.03,4.6871779590000004,0.006400439723521919
KT2440,1,70,29.25,0.04847202,0.038910416,0.03,4.679475556,0.0064109748284792625
KT2440,1,70,29.5,0.04847202,0.038910416,0.03,4.6640707500000005,0.006432149426549757
KT2440,1,70,29.75,0.04860482,0.038910416,0.03,4.64109634,0.0064639899287244704
KT2440,1,70,30.0,0.04847202,0.038910416,0.03,4.625558734,0.006485702965889525
KT2440,1,70,30.25,0.04887042,0.038910416,0.03,4.6144035290000005,0.006501381990426264
KT2440,1,70,30.5,0.04860482,0.038910416,0.03,4.606435526,0.006512627785773116
KT2440,1,70,30.75,0.04873762,0.038910416,0.03,4.591163519,0.006534291335050137
KT2440,1,70,31.0,0.04860482,0.038910416,0.03,4.571774711,0.006562003138041331
KT2440,1,70,31.25,0.04860482,0.038910416,0.03,4.571774711,0.006562003138041331
KT2440,1,70,31.5,0.04873762,0.038910416,0.03,4.548800302,0.006595145534704987
KT2440,1,70,31.75,0.04873762,0.038910416,0.03,4.5449491,0.006600733988418044
KT2440,1,70,32.0,0.04873762,0.038910416,0.03,4.533395495000001,0.006617556318015442
KT2440,1,70,32.25,0.04873762,0.038910416,0.03,4.506437084,0.006657143867938221
KT2440,1,70,32.5,0.04887042,0.038910416,0.03,4.4988674810000004,0.0066683448949537965
KT2440,1,70,32.75,0.04860482,0.038910416,0.03,4.487048276,0.006685909790732993
KT2440,1,70,33.0,0.04847202,0.038910416,0.03,4.471510669000001,0.00670914199265662
KT2440,1,70,33.25,0.04900322,0.038910416,0.03,4.460488265,0.006725721090984643
KT2440,1,70,33.5,0.04887042,0.038910416,0.03,4.441099456,0.006755084027553019
KT2440,1,70,33.75,0.04887042,0.038910416,0.03,4.421843448000001,0.006784500707181073
KT2440,1,70,34.0,0.04873762,0.038910416,0.03,4.410157044,0.006802478846147865
KT2440,1,70,34.25,0.04887042,0.038910416,0.03,4.406438642,0.006808219162308262
KT2440,1,70,34.5,0.04887042,0.038910416,0.03,4.3794802310000005,0.006850127964420533
KT2440,1,70,34.75,0.04887042,0.038910416,0.03,4.371777828,0.006862196840804326
KT2440,1,70,35.0,0.04873762,0.038910416,0.03,4.344686616000001,0.0069049859406476455
KT2440,1,70,35.25,0.04860482,0.038910416,0.03,4.336851413,0.006917460881890721
KT2440,1,70,35.5,0.04887042,0.038910416,0.03,4.325563408,0.00693551271136516
KT2440,1,70,35.75,0.04887042,0.038910416,0.03,4.302456199,0.006972761281561161
KT2440,1,70,36.0,0.04887042,0.038910416,0.03,4.287051392,0.006997816740891544
KT2440,1,70,36.25,0.04873762,0.038910416,0.03,4.275364987000001,0.007016944773421749
KT2440,1,70,36.5,0.04873762,0.038910416,0.03,4.248406576,0.007061471039395171
KT2440,1,70,36.75,0.049136021,0.038910416,0.03,4.2526561780000005,0.007054414639771989
KT2440,1,70,37.0,0.049401621,0.038910416,0.03,4.237516971,0.007079617664143628
KT2440,1,70,37.25,0.049136021,0.038910416,0.03,4.206441758,0.007131918549197703
KT2440,1,70,37.5,0.04900322,0.038910416,0.03,4.194755354,0.007151787760731469
KT2440,1,70,37.75,0.04900322,0.038910416,0.03,4.183201749,0.007171540317693627
KT2440,1,70,38.0,0.04847202,0.038910416,0.03,4.148009734,0.007232384185142801
KT2440,1,70,38.25,0.04780802,0.038910416,0.03,4.1319409270000005,0.00726051038241283
KT2440,1,70,38.5,0.04833922,0.038910416,0.03,4.128620926,0.007266348869927711
KT2440,1,70,38.75,0.04794082,0.038910416,0.03,4.108966518,0.007301105976059939
KT2440,1,70,39.0,0.04767522,0.038910416,0.03,4.085593708,0.007342874045761575
KT2440,1,70,39.25,0.04767522,0.038910416,0.03,4.070188901,0.007370665276156921
KT2440,1,70,39.5,0.04727682,0.038910416,0.03,4.058236896,0.007392372788678129
KT2440,1,70,39.75,0.04740962,0.038910416,0.03,4.031411285,0.007441562737997842
KT2440,1,70,40.0,0.046612819,0.038910416,0.03,4.011358477,0.007478763160164207
KT2440,2,70,0.0,0.056307224,0.038910416,0.03,0.03,1.0
KT2440,2,70,0.25,0.055908823,0.038910416,0.03,0.03,1.0
KT2440,2,70,0.5,0.052057622,0.038910416,0.03,0.03,1.0
KT2440,2,70,0.75,0.055776023,0.038910416,0.03,0.03,1.0
KT2440,2,70,1.0,0.052057622,0.038910416,0.03,0.03,1.0
KT2440,2,70,1.25,0.04807362,0.038910416,0.03,0.03,1.0
KT2440,2,70,1.5,0.04807362,0.038910416,0.03,0.034528013999999996,0.8688597033122148
KT2440,2,70,1.75,0.04833922,0.038910416,0.03,0.034793614,0.8622271891617812
KT2440,2,70,2.0,0.044488019,0.038910416,0.03,0.034793614,0.8622271891617812
KT2440,2,70,2.25,0.044355219,0.038910416,0.03,0.038512015999999996,0.7789776572589708
KT2440,2,70,2.5,0.044753619,0.038910416,0.03,0.046612819,0.6435997788505347
KT2440,2,70,2.75,0.044222418,0.038910416,0.03,0.053784022,0.5577864742060383
KT2440,2,70,3.0,0.04820642,0.038910416,0.03,0.065470427,0.45822215272858996
KT2440,2,70,3.25,0.044222418,0.038910416,0.03,0.076891232,0.3901615206269552
KT2440,2,70,3.5,0.044222418,0.038910416,0.03,0.099998442,0.300004674072822
KT2440,2,70,3.75,0.044488019,0.038910416,0.03,0.123371251,0.24316848339326638
KT2440,2,70,4.0,0.044355219,0.038910416,0.03,0.16560166899999998,0.1811575944926014
KT2440,2,70,4.25,0.044355219,0.038910416,0.03,0.231072096,0.1298296095431618
KT2440,2,70,4.5,0.044488019,0.038910416,0.03,0.381401759,0.07865721458300877
KT2440,2,70,4.75,0.044355219,0.038910416,0.03,0.743281911,0.040361536526078594
KT2440,2,70,5.0,0.040636817,0.038910416,0.03,1.001445219,0.029956705999312376
KT2440,2,70,5.25,0.044488019,0.038910416,0.03,1.1169812669999999,0.02685810486381237
KT2440,2,70,5.5,0.044222418,0.038910416,0.03,1.186037296,0.02529431418487197
KT2440,2,70,5.75,0.040636817,0.038910416,0.03,1.039957235,0.028847340054324447
KT2440,2,70,6.0,0.040504017,0.038910416,0.03,1.193872499,0.025128311461339724
KT2440,2,70,6.25,0.044620819,0.038910416,0.03,1.286566938,0.02331786952852662
KT2440,2,70,6.5,0.040636817,0.038910416,0.03,1.255624525,0.023892492861271566
KT2440,2,70,6.75,0.040636817,0.038910416,0.03,1.548315847,0.019375891590935838
KT2440,2,70,7.0,0.040636817,0.038910416,0.03,1.694661508,0.017702650268728474
KT2440,2,70,7.25,0.040504017,0.038910416,0.03,1.875535184,0.01599543439969932
KT2440,2,70,7.5,0.040636817,0.038910416,0.03,2.068228065,0.014505170153950114
KT2440,2,70,7.75,0.040769617,0.038910416,0.03,2.187748114,0.01371273036782515
KT2440,2,70,8.0,0.040769617,0.038910416,0.03,2.341796179,0.012810679370401345
KT2440,2,70,8.25,0.040769617,0.038910416,0.03,2.4650346300000003,0.012170214420070843
KT2440,2,70,8.5,0.040504017,0.038910416,0.03,2.6881387240000003,0.011160138326254027
KT2440,2,70,8.75,0.040504017,0.038910416,0.03,2.8768476030000003,0.010428081059530492
KT2440,2,70,9.0,0.040769617,0.038910416,0.03,3.1004828960000004,0.009675912109917988
KT2440,2,70,9.25,0.040636817,0.038910416,0.03,3.3198685880000003,0.009036502260492485
KT2440,2,70,9.5,0.040769617,0.038910416,0.03,3.5125614680000004,0.008540775805150976
KT2440,2,70,9.75,0.040636817,0.038910416,0.03,3.654923128,0.00820810696952092
KT2440,2,70,10.0,0.040504017,0.038910416,0.03,3.858904013,0.00777422809661371
KT2440,2,70,10.25,0.040504017,0.038910416,0.03,4.005249674,0.007490169762635376
KT2440,2,70,10.5,0.040902417,0.038910416,0.03,4.190505752,0.007159040405965776
KT2440,2,70,10.75,0.040902417,0.038910416,0.03,4.359958623,0.006880799244685859
KT2440,2,70,11.0,0.040769617,0.038910416,0.03,4.494617879000001,0.006674649727214329
KT2440,2,70,11.25,0.040636817,0.038910416,0.03,4.66393795,0.006432332574235898
KT2440,2,70,11.5,0.040636817,0.038910416,0.03,4.844944425,0.006192021490525146
KT2440,2,70,11.75,0.040769617,0.038910416,0.03,5.4651206850000005,0.005489357276654541
KT2440,2,70,12.0,0.040902417,0.038910416,0.03,5.869629654000001,0.005111055001494988
KT2440,2,70,12.25,0.040769617,0.038910416,0.03,5.854092047,0.0051246204807069715
KT2440,2,70,12.5,0.041035217,0.038910416,0.03,5.7619288090000005,0.005206589840738867
KT2440,2,70,12.75,0.040504017,0.038910416,0.03,5.730587996000001,0.005235064887048285
KT2440,2,70,13.0,0.040902417,0.038910416,0.03,5.442146275,0.005512530991276967
KT2440,2,70,13.25,0.041035217,0.038910416,0.03,5.5000470990000006,0.005454498745193381
KT2440,2,70,13.5,0.040902417,0.038910416,0.03,5.515319106000001,0.005439395150747239
KT2440,2,70,13.75,0.041035217,0.038910416,0.03,5.557815123,0.005397804593364484
KT2440,2,70,14.0,0.040769617,0.038910416,0.03,5.592210338,0.005364605082206047
KT2440,2,70,14.25,0.041035217,0.038910416,0.03,5.630987954,0.005327661903217064
KT2440,2,70,14.5,0.040902417,0.038910416,0.03,5.665515968,0.005295192912604284
KT2440,2,70,14.75,0.040636817,0.038910416,0.03,5.703762384,0.005259686147542713
KT2440,2,70,15.0,0.041168017,0.038910416,0.03,5.735103197,0.005230943362221072
KT2440,2,70,15.25,0.07131363,0.038910416,0.032403214,5.487962294,0.0059044162959039454
KT2440,2,70,15.5,0.040504017,0.038910416,0.03,5.695927181,0.005266921266141095
KT2440,2,70,15.75,0.041035217,0.038910416,0.03,5.673351172,0.005287879965559092
KT2440,2,70,16.0,0.044886419,0.038910416,0.03,5.66949997,0.005291471939102946
KT2440,2,70,16.25,0.041035217,0.038910416,0.03,5.66949997,0.005291471939102946
KT2440,2,70,16.5,0.041035217,0.038910416,0.03,5.677202373,0.005284292866267355
KT2440,2,70,16.75,0.041168017,0.038910416,0.03,5.688888778,0.005273437602790834
KT2440,2,70,17.0,0.041300817,0.038910416,0.03,5.69287278,0.00526974713107852
KT2440,2,70,17.25,0.041300817,0.038910416,0.03,5.696723981,0.005266184582587731
KT2440,2,70,17.5,0.041300817,0.038910416,0.03,5.7044263850000005,0.005259073914756111
KT2440,2,70,17.75,0.045152019,0.038910416,0.03,5.712128788,0.0052519824243150446
KT2440,2,70,18.0,0.041300817,0.038910416,0.03,5.715979989,0.0052484438465027665
KT2440,2,70,18.25,0.041035217,0.038910416,0.03,5.727267994,0.0052380995670935245
KT2440,2,70,18.5,0.040769617,0.038910416,0.03,5.730853596,0.005234822264686588
KT2440,2,70,18.75,0.041035217,0.038910416,0.03,5.742672801,0.005224048285456199
KT2440,2,70,19.0,0.045019219,0.038910416,0.03,5.746656802,0.005220426594739248
KT2440,2,70,19.25,0.04887042,0.038910416,0.03,5.746656802,0.005220426594739248
KT2440,2,70,19.5,0.045019219,0.038910416,0.03,5.754359206,0.005213438877559011
KT2440,2,70,19.75,0.044886419,0.038910416,0.03,5.754226405,0.005213559197798022
KT2440,2,70,20.0,0.04887042,0.038910416,0.03,5.762061609,0.005206469842866965
KT2440,2,70,20.25,0.041035217,0.038910416,0.03,5.7619288090000005,0.005206589840738867
KT2440,2,70,20.5,0.045019219,0.038910416,0.03,5.769764012,0.0051995194149372075
KT2440,2,70,20.75,0.044886419,0.038910416,0.03,5.769631212,0.005199639092634609
KT2440,2,70,21.0,0.044886419,0.038910416,0.03,5.777333615,0.005192706878153859
KT2440,2,70,21.25,0.040902417,0.038910416,0.03,5.781052017,0.005189366902733405
KT2440,2,70,21.5,0.045152019,0.038910416,0.03,5.793004022,0.0051786603092401585
KT2440,2,70,21.75,0.045019219,0.038910416,0.03,5.7928712220000005,0.005178779028621741
KT2440,2,70,22.0,0.044886419,0.038910416,0.03,5.796589623,0.005175456941261546
KT2440,2,70,22.25,0.045019219,0.038910416,0.03,5.796722423,0.005175338374141776
KT2440,2,70,22.5,0.045152019,0.038910416,0.03,5.796855223000001,0.005175219812454508
KT2440,2,70,22.75,0.045284819,0.038910416,0.03,5.793136822,0.005178541595301544
KT2440,2,70,23.0,0.049136021,0.038910416,0.03,5.800839225,0.005171665484316194
KT2440,2,70,23.25,0.045152019,0.038910416,0.03,5.793004022,0.0051786603092401585
KT2440,2,70,23.5,0.044886419,0.038910416,0.03,5.792738422,0.005178897753446668
KT2440,2,70,23.75,0.044753619,0.038910416,0.03,5.804159226,0.005168707272125411
KT2440,2,70,24.0,0.044886419,0.038910416,0.03,5.800440825,0.005172020697237266
KT2440,2,70,24.25,0.045019219,0.038910416,0.03,5.804424826,0.0051684707614128725
KT2440,2,70,24.5,0.044753619,0.038910416,0.03,5.8003080250000005,0.005172139112387914
KT2440,2,70,24.75,0.04887042,0.038910416,0.03,5.808276028,0.00516504378500243
KT2440,2,70,25.0,0.044886419,0.038910416,0.03,5.8081432280000005,0.005165161880887417
KT2440,2,70,25.25,0.044886419,0.038910416,0.03,5.800440825,0.005172020697237266
KT2440,2,70,25.5,0.044620819,0.038910416,0.03,5.800175225,0.005172257532960997
KT2440,2,70,25.75,0.044753619,0.038910416,0.03,5.796456823000001,0.005175575513814191
KT2440,2,70,26.0,0.045019219,0.038910416,0.03,5.796722423,0.005175338374141776
KT2440,2,70,26.25,0.041035217,0.038910416,0.03,5.796589623,0.005175456941261546
KT2440,2,70,26.5,0.045019219,0.038910416,0.03,5.804424826,0.0051684707614128725
KT2440,2,70,26.75,0.044886419,0.038910416,0.03,5.800440825,0.005172020697237266
KT2440,2,70,27.0,0.044620819,0.038910416,0.03,5.7924728210000005,0.005179135220322166
KT2440,2,70,27.25,0.044886419,0.038910416,0.03,5.792738422,0.005178897753446668
KT2440,2,70,27.5,0.044886419,0.038910416,0.03,5.7850360180000004,0.005185793123267638
KT2440,2,70,27.75,0.045019219,0.038910416,0.03,5.777466415,0.005192587519351248
KT2440,2,70,28.0,0.044886419,0.038910416,0.03,5.777333615,0.005192706878153859
KT2440,2,70,28.25,0.04860482,0.038910416,0.03,5.761796009,0.00520670984414228
KT2440,2,70,28.5,0.044355219,0.038910416,0.03,5.745992802,0.005221029860942036
KT2440,2,70,28.75,0.044620819,0.038910416,0.03,5.7462584020000005,0.005220788537730642
KT2440,2,70,29.0,0.044620819,0.038910416,0.03,5.734704797,0.005231306765030681
KT2440,2,70,29.25,0.044620819,0.038910416,0.03,5.730853596,0.005234822264686588
KT2440,2,70,29.5,0.044620819,0.038910416,0.03,5.703895184,0.005259563689766428
KT2440,2,70,29.75,0.044753619,0.038910416,0.03,5.69247438,0.0052701159456074705
KT2440,2,70,30.0,0.044620819,0.038910416,0.03,5.673085572000001,0.00528812753117414
KT2440,2,70,30.25,0.041168017,0.038910416,0.03,5.661930367,0.005298546265219372
KT2440,2,70,30.5,0.044753619,0.038910416,0.03,5.661664767,0.005298794830605341
KT2440,2,70,30.75,0.044886419,0.038910416,0.03,5.650243962,0.005309505253536165
KT2440,2,70,31.0,0.040902417,0.038910416,0.03,5.642408759,0.005316878177630802
KT2440,2,70,31.25,0.040902417,0.038910416,0.03,5.630855154,0.0053277875526044835
KT2440,2,70,31.5,0.041035217,0.038910416,0.03,5.607880744,0.005349614474611944
KT2440,2,70,31.75,0.041035217,0.038910416,0.03,5.5963271390000005,0.005360658741862016
KT2440,2,70,32.0,0.041035217,0.038910416,0.03,5.592475938000001,0.005364350304335632
KT2440,2,70,32.25,0.041035217,0.038910416,0.03,5.584773535,0.005371748704220286
KT2440,2,70,32.5,0.045019219,0.038910416,0.03,5.5810551330000004,0.005375327654911378
KT2440,2,70,32.75,0.044753619,0.038910416,0.03,5.569235928,0.005386735341767693
KT2440,2,70,33.0,0.040769617,0.038910416,0.03,5.553698322,0.005401805834710227
KT2440,2,70,33.25,0.041300817,0.038910416,0.03,5.5388247150000005,0.005416311499938845
KT2440,2,70,33.5,0.041168017,0.038910416,0.03,5.527138311,0.0054277635752835425
KT2440,2,70,33.75,0.045019219,0.038910416,0.03,5.500179899,0.005454367048149528
KT2440,2,70,34.0,0.041035217,0.038910416,0.03,5.457683881,0.005496837239774899
KT2440,2,70,34.25,0.041168017,0.038910416,0.03,5.419304665,0.0055357655371826185
KT2440,2,70,34.5,0.041168017,0.038910416,0.03,5.361536641,0.005595410795216461
KT2440,2,70,34.75,0.041168017,0.038910416,0.03,5.2960662140000005,0.005664581745729661
KT2440,2,70,35.0,0.041035217,0.038910416,0.03,5.257421398,0.005706219404709016
KT2440,2,70,35.25,0.040902417,0.038910416,0.03,5.195669372,0.0057740394648037275
KT2440,2,70,35.5,0.041168017,0.038910416,0.03,5.138166948,0.0058386580863584656
KT2440,2,70,35.75,0.041168017,0.038910416,0.03,5.068845319,0.005918507690015387
KT2440,2,70,36.0,0.041168017,0.038910416,0.03,4.984118884,0.00601911806243344
KT2440,2,70,36.25,0.041035217,0.038910416,0.03,4.895408446,0.006128191412610885
KT2440,2,70,36.5,0.041035217,0.038910416,0.03,4.868450035,0.00616212547819647
KT2440,2,70,36.75,0.041433617,0.038910416,0.03,4.811080411,0.006235605609793663
KT2440,2,70,37.0,0.041699217,0.038910416,0.03,4.7150659710000005,0.006362583298837155
KT2440,2,70,37.25,0.041433617,0.038910416,0.03,4.5607523070000004,0.006577862155319192
KT2440,2,70,37.5,0.041300817,0.038910416,0.03,4.552917103,0.006589182126824239
KT2440,2,70,37.75,0.041300817,0.038910416,0.03,4.541363498,0.006605945552081856
KT2440,2,70,38.0,0.040769617,0.038910416,0.03,4.525427492,0.00662920797052514
KT2440,2,70,38.25,0.040105617,0.038910416,0.03,4.517061088,0.006641486447836146
KT2440,2,70,38.5,0.040636817,0.038910416,0.03,4.4906338770000005,0.006680571345095207
KT2440,2,70,38.75,0.040238417,0.038910416,0.03,4.490235477000001,0.006681164084526695
KT2440,2,70,39.0,0.039972817,0.038910416,0.03,4.4784162720000005,0.0066987966678234675
KT2440,2,70,39.25,0.039972817,0.038910416,0.03,4.466862667,0.006716123202450809
KT2440,2,70,39.5,0.039574417,0.038910416,0.03,4.4549106620000005,0.00673414177660113
KT2440,2,70,39.75,0.039707217,0.038910416,0.03,4.435787454000001,0.006763173463811324
KT2440,2,70,40.0,0.038910416,0.038910416,0.03,4.415734646000001,0.006793886500217023
KT2440,3,70,0.0,0.064009627,0.038910416,0.03,0.03,1.0
KT2440,3,70,0.25,0.067462428,0.038910416,0.03,0.03,1.0
KT2440,3,70,0.5,0.067462428,0.038910416,0.03,0.03,1.0
KT2440,3,70,0.75,0.063478427,0.038910416,0.03,0.03,1.0
KT2440,3,70,1.0,0.063611227,0.038910416,0.03,0.03,1.0
KT2440,3,70,1.25,0.063478427,0.038910416,0.03,0.03,1.0
KT2440,3,70,1.5,0.059627225,0.038910416,0.03,0.03,1.0
KT2440,3,70,1.75,0.07144643,0.038910416,0.032536014,0.03,1.0845338000000002
KT2440,3,70,2.0,0.09455364,0.038910416,0.05564322399999999,0.03,1.8547741333333332
KT2440,3,70,2.25,0.067462428,0.038910416,0.03,0.034660814,0.8655307402763247
KT2440,3,70,2.5,0.079414433,0.038910416,0.040504017,0.038910416,1.0409556402583822
KT2440,3,70,2.75,0.086585636,0.038910416,0.04767521999999999,0.053784022,0.8864197623599066
KT2440,3,70,3.0,0.086718436,0.038910416,0.04780801999999999,0.069321629,0.689655172413793
KT2440,3,70,3.25,0.086585636,0.038910416,0.04767521999999999,0.09614724,0.49585635531503547
KT2440,3,70,3.5,0.078883233,0.038910416,0.039972816999999994,0.13080805499999998,0.30558375781980707
KT2440,3,70,3.75,0.063744027,0.038910416,0.03,0.169585671,0.17690173835500525
KT2440,3,70,4.0,0.07131363,0.038910416,0.032403214,0.254179306,0.127481715604338
KT2440,3,70,4.25,0.094420839,0.038910416,0.055510423,0.408227371,0.13597917960282974
KT2440,3,70,4.5,0.083000035,0.038910416,0.044089619,0.677944283,0.0650342809956257
KT2440,3,70,4.75,0.079016033,0.038910416,0.040105616999999996,0.88577637,0.04527736159861659
KT2440,3,70,5.0,0.102256043,0.038910416,0.063345627,1.0630644439999999,0.059587758162288805
KT2440,3,70,5.25,0.090702438,0.038910416,0.05179202199999999,1.170898089,0.04423273253800655
KT2440,3,70,5.5,0.113544047,0.038910416,0.07463363099999999,1.247656521,0.059819052554769596
KT2440,3,70,5.75,0.090702438,0.038910416,0.05179202199999999,1.201707702,0.043098685240847354
KT2440,3,70,6.0,0.086718436,0.038910416,0.04780801999999999,1.120699668,0.042659082861439726
KT2440,3,70,6.25,0.098537641,0.038910416,0.05962722499999999,1.159477285,0.0514259535494048
KT2440,3,70,6.5,0.113809648,0.038910416,0.074899232,1.398118984,0.05357142908231908
KT2440,3,70,6.75,0.09455364,0.038910416,0.05564322399999999,1.609935073,0.03456240250503568
KT2440,3,70,7.0,0.09455364,0.038910416,0.05564322399999999,1.825602363,0.030479377726353212
KT2440,3,70,7.25,0.094420839,0.038910416,0.055510423,2.03343445,0.02729885047437846
KT2440,3,70,7.5,0.09455364,0.038910416,0.05564322399999999,2.195317718,0.02534631937043383
KT2440,3,70,7.75,0.079281633,0.038910416,0.040371217,2.3263913720000002,0.017353579232583224
KT2440,3,70,8.0,0.083132835,0.038910416,0.044222419,2.484290638,0.017800823431674502
KT2440,3,70,8.25,0.063876827,0.038910416,0.03,2.634487501,0.01138741405628707
KT2440,3,70,8.5,0.075164831,0.038910416,0.036254415,2.819079578,0.01286037303910404
KT2440,3,70,8.75,0.079016033,0.038910416,0.040105616999999996,3.034746869,0.013215473557178583
KT2440,3,70,9.0,0.098537641,0.038910416,0.05962722499999999,3.246828557,0.01836475931919678
KT2440,3,70,9.25,0.086851236,0.038910416,0.047940819999999995,3.4354046360000003,0.013954926734866289
KT2440,3,70,9.5,0.083132835,0.038910416,0.044222419,3.6435023230000003,0.012137337945646753
KT2440,3,70,9.75,0.083000035,0.038910416,0.044089619,3.782012781,0.01165771285107669
KT2440,3,70,10.0,0.075164831,0.038910416,0.036254415,3.978291263,0.009113062016646014
KT2440,3,70,10.25,0.086718436,0.038910416,0.04780801999999999,4.143892932,0.011536982442479764
KT2440,3,70,10.5,0.083265635,0.038910416,0.044355219,4.313744203000001,0.010282301618430014
KT2440,3,70,10.75,0.079414433,0.038910416,0.040504017,4.479345872000001,0.009042395509841532
KT2440,3,70,11.0,0.083132835,0.038910416,0.044222419,4.621707532,0.00956841571947396
KT2440,3,70,11.25,0.07144643,0.038910416,0.032536014,4.814134812,0.006758434333600046
KT2440,3,70,11.5,0.075297631,0.038910416,0.036387215,5.3378982310000005,0.006816768215752069
KT2440,3,70,11.75,0.067728028,0.038910416,0.03,5.834836039,0.005141532649671769
KT2440,3,70,12.0,0.083265635,0.038910416,0.044355219,5.88503446,0.007536951448879027
KT2440,3,70,12.25,0.067728028,0.038910416,0.03,5.723151192,0.005241867459649665
KT2440,3,70,12.5,0.067993628,0.038910416,0.03,5.496195898,0.005458320728872972
KT2440,3,70,12.75,0.07131363,0.038910416,0.032403214,5.4494502780000005,0.005946143619442709
KT2440,3,70,13.0,0.067860828,0.038910416,0.03,5.499914299,0.005454630448597104
KT2440,3,70,13.25,0.07184483,0.038910416,0.032934413999999995,5.511600704,0.005975471694837782
KT2440,3,70,13.5,0.060158425,0.038910416,0.03,5.561533525000001,0.005394195659370766
KT2440,3,70,13.75,0.067993628,0.038910416,0.03,5.604029543,0.0053532908364969335
KT2440,3,70,14.0,0.067728028,0.038910416,0.03,5.634573555,0.005324271607631893
KT2440,3,70,14.25,0.064142427,0.038910416,0.03,5.673351172,0.005287879965559092
KT2440,3,70,14.5,0.064009627,0.038910416,0.03,5.700176783,0.00526299466526563
KT2440,3,70,14.75,0.059892825,0.038910416,0.03,5.726869594,0.005238463964926106
KT2440,3,70,15.0,0.060424025,0.038910416,0.03,5.750508004,0.0052169303962593
KT2440,3,70,15.25,0.067462428,0.038910416,0.03,5.360872641,0.005596103845213508
KT2440,3,70,15.5,0.090569638,0.038910416,0.05165922199999999,5.715183189,0.009038944210822214
KT2440,3,70,15.75,0.07184483,0.038910416,0.032934413999999995,5.711863188000001,0.005765966886110227
KT2440,3,70,16.0,0.083398435,0.038910416,0.044488019000000004,5.715714389,0.007783457319984013
KT2440,3,70,16.25,0.064142427,0.038910416,0.03,5.711863188000001,0.005252226639991434
KT2440,3,70,16.5,0.056440024,0.038910416,0.03,5.708011986,0.005255770323114385
KT2440,3,70,16.75,0.052721622,0.038910416,0.03,5.715847189,0.005248565787016529
KT2440,3,70,17.0,0.060556825,0.038910416,0.03,5.712128788,0.0052519824243150446
KT2440,3,70,17.25,0.056705624,0.038910416,0.03,5.715979989,0.0052484438465027665
KT2440,3,70,17.5,0.056705624,0.038910416,0.03,5.719831191,0.005244910032870234
KT2440,3,70,17.75,0.056705624,0.038910416,0.03,5.723682393,0.005241380974718246
KT2440,3,70,18.0,0.056705624,0.038910416,0.03,5.723682393,0.005241380974718246
KT2440,3,70,18.25,0.052588822,0.038910416,0.03,5.727267994,0.0052380995670935245
KT2440,3,70,18.5,0.052323222,0.038910416,0.03,5.730853596,0.005234822264686588
KT2440,3,70,18.75,0.056440024,0.038910416,0.03,5.738821599,0.005227554033954906
KT2440,3,70,19.0,0.056572824,0.038910416,0.03,5.738954399,0.005227433067812393
KT2440,3,70,19.25,0.056572824,0.038910416,0.03,5.742805601000001,0.005223927481504174
KT2440,3,70,19.5,0.068126428,0.038910416,0.03,5.750508004,0.0052169303962593
KT2440,3,70,19.75,0.060291225,0.038910416,0.03,5.754226405,0.005213559197798022
KT2440,3,70,20.0,0.060424025,0.038910416,0.03,5.762061609,0.005206469842866965
KT2440,3,70,20.25,0.064142427,0.038910416,0.03,5.7619288090000005,0.005206589840738867
KT2440,3,70,20.5,0.056572824,0.038910416,0.03,5.7659128100000006,0.005202992308168461
KT2440,3,70,20.75,0.060291225,0.038910416,0.03,5.76578001,0.005203112145792742
KT2440,3,70,21.0,0.060291225,0.038910416,0.03,5.769631212,0.005199639092634609
KT2440,3,70,21.25,0.064009627,0.038910416,0.03,5.773349613000001,0.005196290197366226
KT2440,3,70,21.5,0.060556825,0.038910416,0.03,5.793004022,0.0051786603092401585
KT2440,3,70,21.75,0.064275227,0.038910416,0.03,5.7928712220000005,0.005178779028621741
KT2440,3,70,22.0,0.060291225,0.038910416,0.03,5.796589623,0.005175456941261546
KT2440,3,70,22.25,0.068126428,0.038910416,0.03,5.7928712220000005,0.005178779028621741
KT2440,3,70,22.5,0.064408027,0.038910416,0.03,5.785301618,0.005185555046371309
KT2440,3,70,22.75,0.060689625,0.038910416,0.03,5.7815832170000006,0.00518889011435291
KT2440,3,70,23.0,0.087648037,0.038910416,0.048737620999999995,5.777732015,0.008435424293385126
KT2440,3,70,23.25,0.079812833,0.038910416,0.040902416999999996,5.78915282,0.007065354512441425
KT2440,3,70,23.5,0.064142427,0.038910416,0.03,5.792738422,0.005178897753446668
KT2440,3,70,23.75,0.083265635,0.038910416,0.044355219,5.796456823000001,0.007652126178875532
KT2440,3,70,24.0,0.079547233,0.038910416,0.04063681699999999,5.796589623,0.007010469887114172
KT2440,3,70,24.25,0.075828832,0.038910416,0.036918415999999996,5.796722423,0.006368843167910991
KT2440,3,70,24.5,0.079414433,0.038910416,0.040504017,5.796456823000001,0.0069877199532104575
KT2440,3,70,24.75,0.07197763,0.038910416,0.033067214,5.804424826,0.005696897624012746
KT2440,3,70,25.0,0.067993628,0.038910416,0.03,5.800440825,0.005172020697237266
KT2440,3,70,25.25,0.083398435,0.038910416,0.044488019000000004,5.8081432280000005,0.007659593996499839
KT2440,3,70,25.5,0.063876827,0.038910416,0.03,5.811728829000001,0.005161975185473678
KT2440,3,70,25.75,0.07171203,0.038910416,0.03280161399999999,5.808010428,0.005647650672572104
KT2440,3,70,26.0,0.07197763,0.038910416,0.033067214,5.808276028,0.005693120271934845
KT2440,3,70,26.25,0.07184483,0.038910416,0.032934413999999995,5.804292026000001,0.005674148346167308
KT2440,3,70,26.5,0.060424025,0.038910416,0.03,5.808276028,0.00516504378500243
KT2440,3,70,26.75,0.067993628,0.038910416,0.03,5.81199443,0.005161739289553998
KT2440,3,70,27.0,0.079281633,0.038910416,0.040371217,5.811728829000001,0.006946507345379104
KT2440,3,70,27.25,0.075696032,0.038910416,0.03678561599999999,5.804292026000001,0.006337657691105287
KT2440,3,70,27.5,0.07184483,0.038910416,0.032934413999999995,5.804292026000001,0.005674148346167308
KT2440,3,70,27.75,0.064275227,0.038910416,0.03,5.796722423,0.005175338374141776
KT2440,3,70,28.0,0.067993628,0.038910416,0.03,5.796589623,0.005175456941261546
KT2440,3,70,28.25,0.07171203,0.038910416,0.03280161399999999,5.796456823000001,0.005658907674399491
KT2440,3,70,28.5,0.07131363,0.038910416,0.032403214,5.780653616,0.005605458509105729
KT2440,3,70,28.75,0.07157923,0.038910416,0.03266881399999999,5.773216813,0.0056586847607103695
KT2440,3,70,29.0,0.079281633,0.038910416,0.040371217,5.765514410000001,0.007002188205440631
KT2440,3,70,29.25,0.063876827,0.038910416,0.03,5.753960805,0.005213799853125693
KT2440,3,70,29.5,0.075430432,0.038910416,0.036520016,5.734704797,0.006368246891994291
KT2440,3,70,29.75,0.079414433,0.038910416,0.040504017,5.742540001,0.007053327794485833
KT2440,3,70,30.0,0.067728028,0.038910416,0.03,5.742407201,0.005224289910122659
KT2440,3,70,30.25,0.07197763,0.038910416,0.033067214,5.742805601000001,0.005758024265045986
KT2440,3,70,30.5,0.067860828,0.038910416,0.03,5.738688799,0.005227675005696018
KT2440,3,70,30.75,0.067993628,0.038910416,0.03,5.7349703970000006,0.005231064490880928
KT2440,3,70,31.0,0.07171203,0.038910416,0.03280161399999999,5.715581589,0.00573898097494204
KT2440,3,70,31.25,0.083265635,0.038910416,0.044355219,5.696325581,0.007786636906420185
KT2440,3,70,31.5,0.067993628,0.038910416,0.03,5.673351172,0.005287879965559092
KT2440,3,70,31.75,0.07184483,0.038910416,0.032934413999999995,5.673351172,0.005805107598934296
KT2440,3,70,32.0,0.067993628,0.038910416,0.03,5.677202373,0.005284292866267355
KT2440,3,70,32.25,0.07184483,0.038910416,0.032934413999999995,5.657946365,0.005820913079652355
KT2440,3,70,32.5,0.07197763,0.038910416,0.033067214,5.6503767620000005,0.0058522140014421915
KT2440,3,70,32.75,0.067860828,0.038910416,0.03,5.64625996,0.0053132516413572995
KT2440,3,70,33.0,0.079281633,0.038910416,0.040371217,5.6268711520000005,0.0071747185797297955
KT2440,3,70,33.25,0.075961632,0.038910416,0.037051216,5.619699949,0.006593095064905217
KT2440,3,70,33.5,0.075828832,0.038910416,0.036918415999999996,5.611864746,0.006578636098867946
KT2440,3,70,33.75,0.075828832,0.038910416,0.036918415999999996,5.588757536,0.006605836048923199
KT2440,3,70,34.0,0.067993628,0.038910416,0.03,5.565517527,0.005390334295860353
KT2440,3,70,34.25,0.064275227,0.038910416,0.03,5.523287109,0.005431548171942043
KT2440,3,70,34.5,0.068126428,0.038910416,0.03,5.496328698,0.005458188847205658
KT2440,3,70,34.75,0.07197763,0.038910416,0.033067214,5.488626294,0.006024679442312928
KT2440,3,70,35.0,0.067993628,0.038910416,0.03,5.476939890000001,0.005477511275005064
KT2440,3,70,35.25,0.067860828,0.038910416,0.03,5.43059267,0.005524258920343587
KT2440,3,70,35.5,0.064275227,0.038910416,0.03,5.388495053000001,0.005567417192542052
KT2440,3,70,35.75,0.064275227,0.038910416,0.03,5.346131835,0.0056115338951419624
KT2440,3,70,36.0,0.064275227,0.038910416,0.03,5.338429432,0.005619630339247688
KT2440,3,70,36.25,0.060291225,0.038910416,0.03,5.280528607,0.005681249403749324
KT2440,3,70,36.5,0.07184483,0.038910416,0.032934413999999995,5.176546164,0.006362237089478797
KT2440,3,70,36.75,0.064540827,0.038910416,0.03,5.115325338,0.005864729614974883
KT2440,3,70,37.0,0.060955225,0.038910416,0.03,5.069376519,0.005917887512904227
KT2440,3,70,37.25,0.064540827,0.038910416,0.03,5.007491693,0.0059910234183587685
KT2440,3,70,37.5,0.064408027,0.038910416,0.03,4.938037264,0.006075288296973856
KT2440,3,70,37.75,0.064408027,0.038910416,0.03,4.884120442,0.006142354668820429
KT2440,3,70,38.0,0.063876827,0.038910416,0.03,4.8258212170000006,0.006216558519474054
KT2440,3,70,38.25,0.059361625,0.038910416,0.03,4.798198806,0.006252346185090522
KT2440,3,70,38.5,0.063744027,0.038910416,0.03,4.721705974,0.006353635775966256
KT2440,3,70,38.75,0.07104803,0.038910416,0.032137613999999995,4.625027533,0.006948631931528005
KT2440,3,70,39.0,0.066931228,0.038910416,0.03,4.513077087,0.006647349340966397
KT2440,3,70,39.25,0.059228825,0.038910416,0.03,4.505374683,0.006658713672183166
KT2440,3,70,39.5,0.062681626,0.038910416,0.03,4.485720275,0.006687889159562005
KT2440,3,70,39.75,0.070516829,0.038910416,0.031606413,4.47429947,0.007063991405117101
KT2440,3,70,40.0,0.062017626,0.038910416,0.03,4.458097864,0.0067293273757527364
KT2440,1,90,0.0,0.087116836,0.038910416,0.04820642,0.03,1.6068806666666666
KT2440,1,90,0.25,0.086718436,0.038910416,0.04780801999999999,0.03,1.5936006666666664
KT2440,1,90,0.5,0.082867235,0.038910416,0.043956818999999994,0.03,1.4652272999999998
KT2440,1,90,0.75,0.082734435,0.038910416,0.04382401899999999,0.03,1.4608006333333332
KT2440,1,90,1.0,0.082867235,0.038910416,0.043956818999999994,0.030809612999999996,1.426724152620807
KT2440,1,90,1.25,0.082734435,0.038910416,0.04382401899999999,0.03,1.4608006333333332
KT2440,1,90,1.5,0.086585636,0.038910416,0.04767521999999999,0.034528013999999996,1.3807692501514857
KT2440,1,90,1.75,0.086851236,0.038910416,0.047940819999999995,0.030942413,1.549356218598724
KT2440,1,90,2.0,0.083000035,0.038910416,0.044089619,0.038644816,1.1408934900867427
KT2440,1,90,2.25,0.082867235,0.038910416,0.043956818999999994,0.04236321800000001,1.0376175624807347
KT2440,1,90,2.5,0.083265635,0.038910416,0.044355219,0.054315222999999996,0.8166259208767311
KT2440,1,90,2.75,0.082734435,0.038910416,0.04382401899999999,0.06918882900000001,0.6333973219867616
KT2440,1,90,3.0,0.082867235,0.038910416,0.043956818999999994,0.084726435,0.5188087873637076
KT2440,1,90,3.25,0.082734435,0.038910416,0.04382401899999999,0.103849643,0.42199489313603117
KT2440,1,90,3.5,0.082734435,0.038910416,0.04382401899999999,0.13851045799999998,0.3163950190678021
KT2440,1,90,3.75,0.079148833,0.038910416,0.040238417,0.173436872,0.23200612727840247
KT2440,1,90,4.0,0.082867235,0.038910416,0.043956818999999994,0.234923298,0.18711136517417695
KT2440,1,90,4.25,0.082867235,0.038910416,0.043956818999999994,0.377417758,0.1164672781507011
KT2440,1,90,4.5,0.083000035,0.038910416,0.044089619,0.639432267,0.06895119510758127
KT2440,1,90,4.75,0.079016033,0.038910416,0.040105616999999996,0.870371564,0.04607873080743249
KT2440,1,90,5.0,0.079148833,0.038910416,0.040238417,1.009147622,0.03987366775958176
KT2440,1,90,5.25,0.083000035,0.038910416,0.044089619,1.082320452,0.0407361968615927
KT2440,1,90,5.5,0.078883233,0.038910416,0.039972816999999994,1.155227683,0.034601678602606684
KT2440,1,90,5.75,0.083000035,0.038910416,0.044089619,1.0707668479999999,0.04117574155601799
KT2440,1,90,6.0,0.079016033,0.038910416,0.040105616999999996,1.224682112,0.032747777245235046
KT2440,1,90,6.25,0.079281633,0.038910416,0.040371217,1.5253414379999999,0.0264670033831468
KT2440,1,90,6.5,0.079148833,0.038910416,0.040238417,1.617637476,0.024874805138354744
KT2440,1,90,6.75,0.083000035,0.038910416,0.044089619,1.667703097,0.026437331128851407
KT2440,1,90,7.0,0.079148833,0.038910416,0.040238417,1.829453565,0.02199477361427318
KT2440,1,90,7.25,0.075164831,0.038910416,0.036254415,2.05654166,0.017628825958235145
KT2440,1,90,7.5,0.075297631,0.038910416,0.036387215,2.2145737260000002,0.016430798655650624
KT2440,1,90,7.75,0.075430432,0.038910416,0.036520016,2.3610521870000003,0.015467686907167884
KT2440,1,90,8.0,0.075430432,0.038910416,0.036520016,2.5343562590000004,0.014409977235958915
KT2440,1,90,8.25,0.079281633,0.038910416,0.040371217,2.765428356,0.014598540190856421
KT2440,1,90,8.5,0.079016033,0.038910416,0.040105616999999996,2.938466828,0.013648483834441297
KT2440,1,90,8.75,0.079016033,0.038910416,0.040105616999999996,3.1117709010000003,0.012888357875932201
KT2440,1,90,9.0,0.075430432,0.038910416,0.036520016,3.308447783,0.01103841390142321
KT2440,1,90,9.25,0.079148833,0.038910416,0.040238417,3.5162798700000004,0.011443462547820459
KT2440,1,90,9.5,0.079281633,0.038910416,0.040371217,3.7012703470000003,0.010907394817220575
KT2440,1,90,9.75,0.079148833,0.038910416,0.040238417,3.8359296030000003,0.010489873684994213
KT2440,1,90,10.0,0.079016033,0.038910416,0.040105616999999996,4.039910489,0.009927352873089856
KT2440,1,90,10.25,0.075164831,0.038910416,0.036254415,4.197809755000001,0.008636507396938952
KT2440,1,90,10.5,0.075563232,0.038910416,0.03665281599999999,4.352256219,0.008421566689936641
KT2440,1,90,10.75,0.075563232,0.038910416,0.03665281599999999,4.517857889,0.008112874928899737
KT2440,1,90,11.0,0.079281633,0.038910416,0.040371217,4.748797185,0.008501356328191979
KT2440,1,90,11.25,0.075297631,0.038910416,0.036387215,5.206957377,0.006988191445685421
KT2440,1,90,11.5,0.075297631,0.038910416,0.036387215,5.7422744,0.006336725218147011
KT2440,1,90,11.75,0.075430432,0.038910416,0.036520016,5.696192781000001,0.006411302672517466
KT2440,1,90,12.0,0.075563232,0.038910416,0.03665281599999999,5.673218372,0.0064606742763329665
KT2440,1,90,12.25,0.075430432,0.038910416,0.036520016,5.542144717,0.006589509632972654
KT2440,1,90,12.5,0.075696032,0.038910416,0.03678561599999999,5.423023067,0.006783230597680213
KT2440,1,90,12.75,0.075164831,0.038910416,0.036254415,5.457152681,0.0066434672290232736
KT2440,1,90,13.0,0.075563232,0.038910416,0.03665281599999999,5.4960630980000005,0.006668921980415005
KT2440,1,90,13.25,0.075696032,0.038910416,0.03678561599999999,5.546261519000001,0.0066325065765439235
KT2440,1,90,13.5,0.075563232,0.038910416,0.03665281599999999,5.600045541,0.006545092487489824
KT2440,1,90,13.75,0.079547233,0.038910416,0.04063681699999999,5.650243962,0.007192046444949591
KT2440,1,90,14.0,0.075430432,0.038910416,0.036520016,5.676936773,0.006433049628752664
KT2440,1,90,14.25,0.075696032,0.038910416,0.03678561599999999,5.6887559780000005,0.006466372637930012
KT2440,1,90,14.5,0.075563232,0.038910416,0.03665281599999999,5.711730388,0.006417112417806929
KT2440,1,90,14.75,0.075297631,0.038910416,0.036387215,5.730720796,0.006349500576855533
KT2440,1,90,15.0,0.075828832,0.038910416,0.036918415999999996,5.746656802,0.006424329357401565
KT2440,1,90,15.25,0.075164831,0.038910416,0.036254415,5.360872641,0.006762782372915543
KT2440,1,90,15.5,0.075164831,0.038910416,0.036254415,5.692075979,0.0063692781216826404
KT2440,1,90,15.75,0.075696032,0.038910416,0.03678561599999999,5.700309583,0.006453266347095519
KT2440,1,90,16.0,0.075696032,0.038910416,0.03678561599999999,5.700309583,0.006453266347095519
KT2440,1,90,16.25,0.075696032,0.038910416,0.03678561599999999,5.6887559780000005,0.006466372637930012
KT2440,1,90,16.5,0.079547233,0.038910416,0.04063681699999999,5.700309583,0.007128878950924162
KT2440,1,90,16.75,0.075828832,0.038910416,0.036918415999999996,5.711995988,0.006463312662957002
KT2440,1,90,17.0,0.075961632,0.038910416,0.037051216,5.7044263850000005,0.0064951694525198075
KT2440,1,90,17.25,0.075961632,0.038910416,0.037051216,5.712128788,0.0064864111743833455
KT2440,1,90,17.5,0.07211043,0.038910416,0.033200014,5.715979989,0.00580828030607019
KT2440,1,90,17.75,0.07211043,0.038910416,0.033200014,5.7275335940000005,0.005796563818460948
KT2440,1,90,18.0,0.07211043,0.038910416,0.033200014,5.742938401,0.00578101516711706
KT2440,1,90,18.25,0.07184483,0.038910416,0.032934413999999995,5.742672801,0.005735032299640154
KT2440,1,90,18.5,0.075430432,0.038910416,0.036520016,5.742407201,0.00635970503687727
KT2440,1,90,18.75,0.07184483,0.038910416,0.032934413999999995,5.754226405,0.0057235172344595985
KT2440,1,90,19.0,0.07197763,0.038910416,0.033067214,5.750508004,0.005750311794540369
KT2440,1,90,19.25,0.07197763,0.038910416,0.033067214,5.754359206,0.005746463301338786
KT2440,1,90,19.5,0.07197763,0.038910416,0.033067214,5.754359206,0.005746463301338786
KT2440,1,90,19.75,0.07184483,0.038910416,0.032934413999999995,5.76578001,0.005712048316598883
KT2440,1,90,20.0,0.07197763,0.038910416,0.033067214,5.762061609,0.0057387817492876095
KT2440,1,90,20.25,0.07184483,0.038910416,0.032934413999999995,5.76578001,0.005712048316598883
KT2440,1,90,20.5,0.07197763,0.038910416,0.033067214,5.769764012,0.005731120706362781
KT2440,1,90,20.75,0.07184483,0.038910416,0.032934413999999995,5.7619288090000005,0.005715866178102929
KT2440,1,90,21.0,0.07184483,0.038910416,0.032934413999999995,5.76578001,0.005712048316598883
KT2440,1,90,21.25,0.07171203,0.038910416,0.03280161399999999,5.7772008150000005,0.005677769399123784
KT2440,1,90,21.5,0.07211043,0.038910416,0.033200014,5.773748014000001,0.005750166775463297
KT2440,1,90,21.75,0.07197763,0.038910416,0.033067214,5.746656802,0.005754165445984466
KT2440,1,90,22.0,0.07184483,0.038910416,0.032934413999999995,5.731119196,0.005746593793230888
KT2440,1,90,22.25,0.07197763,0.038910416,0.033067214,5.708144786,0.005792987956630293
KT2440,1,90,22.5,0.07211043,0.038910416,0.033200014,5.696723981,0.005827913395616561
KT2440,1,90,22.75,0.068392029,0.038910416,0.03,5.673749572,0.005287508660595497
KT2440,1,90,23.0,0.068392029,0.038910416,0.03,5.66989837,0.005291100129542533
KT2440,1,90,23.25,0.07211043,0.038910416,0.033200014,5.6582119650000005,0.005867580466296652
KT2440,1,90,23.5,0.067993628,0.038910416,0.03,5.650243962,0.005309505253536165
KT2440,1,90,23.75,0.067860828,0.038910416,0.03,5.630855154,0.0053277875526044835
KT2440,1,90,24.0,0.067993628,0.038910416,0.03,5.630987954,0.005327661903217064
KT2440,1,90,24.25,0.068126428,0.038910416,0.03,5.619567149,0.005338489460943356
KT2440,1,90,24.5,0.067860828,0.038910416,0.03,5.607747944000001,0.0053497411616188
KT2440,1,90,24.75,0.068126428,0.038910416,0.03,5.6041623430000005,0.005353163981316877
KT2440,1,90,25.0,0.067993628,0.038910416,0.03,5.584773535,0.005371748704220286
KT2440,1,90,25.25,0.067993628,0.038910416,0.03,5.569368728000001,0.005386606896608408
KT2440,1,90,25.5,0.063876827,0.038910416,0.03,5.54984712,0.00540555430651214
KT2440,1,90,25.75,0.064009627,0.038910416,0.03,5.538426315000001,0.0054167011157572826
KT2440,1,90,26.0,0.064275227,0.038910416,0.03,5.504031101,0.005450550596370985
KT2440,1,90,26.25,0.064142427,0.038910416,0.03,5.457683881,0.005496837239774899
KT2440,1,90,26.5,0.064275227,0.038910416,0.03,5.3692390450000005,0.005587383938127492
KT2440,1,90,26.75,0.067993628,0.038910416,0.03,5.334445430000001,0.00562382733006981
KT2440,1,90,27.0,0.063876827,0.038910416,0.03,5.268709402,0.00569399405262549
KT2440,1,90,27.25,0.064142427,0.038910416,0.03,5.176546164,0.005795369933843789
KT2440,1,90,27.5,0.064142427,0.038910416,0.03,5.080266124,0.005905202457460868
KT2440,1,90,27.75,0.064275227,0.038910416,0.03,4.984118884,0.00601911806243344
KT2440,1,90,28.0,0.064142427,0.038910416,0.03,4.899259648,0.006123374173942127
KT2440,1,90,28.25,0.064009627,0.038910416,0.03,4.795144404,0.006256328792720962
KT2440,1,90,28.5,0.063611227,0.038910416,0.03,4.7177219720000005,0.006359001267571941
KT2440,1,90,28.75,0.063876827,0.038910416,0.03,4.698731564,0.0063847018267332535
KT2440,1,90,29.0,0.063876827,0.038910416,0.03,4.6871779590000004,0.006400439723521919
KT2440,1,90,29.25,0.060025625,0.038910416,0.03,4.679475556,0.0064109748284792625
KT2440,1,90,29.5,0.060025625,0.038910416,0.03,4.6640707500000005,0.006432149426549757
KT2440,1,90,29.75,0.060158425,0.038910416,0.03,4.64109634,0.0064639899287244704
KT2440,1,90,30.0,0.060025625,0.038910416,0.03,4.625558734,0.006485702965889525
KT2440,1,90,30.25,0.060424025,0.038910416,0.03,4.6144035290000005,0.006501381990426264
KT2440,1,90,30.5,0.060158425,0.038910416,0.03,4.606435526,0.006512627785773116
KT2440,1,90,30.75,0.060291225,0.038910416,0.03,4.591163519,0.006534291335050137
KT2440,1,90,31.0,0.064009627,0.038910416,0.03,4.571774711,0.006562003138041331
KT2440,1,90,31.25,0.060158425,0.038910416,0.03,4.571774711,0.006562003138041331
KT2440,1,90,31.5,0.060291225,0.038910416,0.03,4.548800302,0.006595145534704987
KT2440,1,90,31.75,0.060291225,0.038910416,0.03,4.5449491,0.006600733988418044
KT2440,1,90,32.0,0.060291225,0.038910416,0.03,4.533395495000001,0.006617556318015442
KT2440,1,90,32.25,0.064142427,0.038910416,0.03,4.506437084,0.006657143867938221
KT2440,1,90,32.5,0.064275227,0.038910416,0.03,4.4988674810000004,0.0066683448949537965
KT2440,1,90,32.75,0.067860828,0.038910416,0.03,4.487048276,0.006685909790732993
KT2440,1,90,33.0,0.063876827,0.038910416,0.03,4.471510669000001,0.00670914199265662
KT2440,1,90,33.25,0.056705624,0.038910416,0.03,4.460488265,0.006725721090984643
KT2440,1,90,33.5,0.060424025,0.038910416,0.03,4.441099456,0.006755084027553019
KT2440,1,90,33.75,0.056572824,0.038910416,0.03,4.421843448000001,0.006784500707181073
KT2440,1,90,34.0,0.056440024,0.038910416,0.03,4.410157044,0.006802478846147865
KT2440,1,90,34.25,0.064275227,0.038910416,0.03,4.406438642,0.006808219162308262
KT2440,1,90,34.5,0.064275227,0.038910416,0.03,4.3794802310000005,0.006850127964420533
KT2440,1,90,34.75,0.083531235,0.038910416,0.04462081899999999,4.371777828,0.01020656143919672
KT2440,1,90,35.0,0.056440024,0.038910416,0.03,4.344686616000001,0.0069049859406476455
KT2440,1,90,35.25,0.052456022,0.038910416,0.03,4.336851413,0.006917460881890721
KT2440,1,90,35.5,0.064275227,0.038910416,0.03,4.325563408,0.00693551271136516
KT2440,1,90,35.75,0.102787243,0.038910416,0.063876827,4.302456199,0.014846595536486018
KT2440,1,90,36.0,0.060424025,0.038910416,0.03,4.287051392,0.006997816740891544
KT2440,1,90,36.25,0.060291225,0.038910416,0.03,4.275364987000001,0.007016944773421749
KT2440,1,90,36.5,0.064142427,0.038910416,0.03,4.248406576,0.007061471039395171
KT2440,1,90,36.75,0.056838424,0.038910416,0.03,4.2526561780000005,0.007054414639771989
KT2440,1,90,37.0,0.053252822,0.038910416,0.03,4.237516971,0.007079617664143628
KT2440,1,90,37.25,0.056838424,0.038910416,0.03,4.206441758,0.007131918549197703
KT2440,1,90,37.5,0.056705624,0.038910416,0.03,4.194755354,0.007151787760731469
KT2440,1,90,37.75,0.04900322,0.038910416,0.03,4.183201749,0.007171540317693627
KT2440,1,90,38.0,0.060025625,0.038910416,0.03,4.148009734,0.007232384185142801
KT2440,1,90,38.25,0.051659222,0.038910416,0.03,4.1319409270000005,0.00726051038241283
KT2440,1,90,38.5,0.04833922,0.038910416,0.03,4.128620926,0.007266348869927711
KT2440,1,90,38.75,0.04794082,0.038910416,0.03,4.108966518,0.007301105976059939
KT2440,1,90,39.0,0.043824018,0.038910416,0.03,4.085593708,0.007342874045761575
KT2440,1,90,39.25,0.043824018,0.038910416,0.03,4.070188901,0.007370665276156921
KT2440,1,90,39.5,0.039574417,0.038910416,0.03,4.058236896,0.007392372788678129
KT2440,1,90,39.75,0.039707217,0.038910416,0.03,4.031411285,0.007441562737997842
KT2440,1,90,40.0,0.038910416,0.038910416,0.03,4.011358477,0.007478763160164207
KT2440,2,90,0.0,0.079414433,0.038910416,0.040504017,0.03,1.3501339
KT2440,2,90,0.25,0.079016033,0.038910416,0.040105616999999996,0.03,1.3368539
KT2440,2,90,0.5,0.079016033,0.038910416,0.040105616999999996,0.03,1.3368539
KT2440,2,90,0.75,0.078883233,0.038910416,0.039972816999999994,0.03,1.3324272333333331
KT2440,2,90,1.0,0.079016033,0.038910416,0.040105616999999996,0.03,1.3368539
KT2440,2,90,1.25,0.075032031,0.038910416,0.036121614999999996,0.03,1.2040538333333333
KT2440,2,90,1.5,0.078883233,0.038910416,0.039972816999999994,0.034528013999999996,1.1576923306391151
KT2440,2,90,1.75,0.075297631,0.038910416,0.036387215,0.034793614,1.0458015370291802
KT2440,2,90,2.0,0.075297631,0.038910416,0.036387215,0.034793614,1.0458015370291802
KT2440,2,90,2.25,0.075164831,0.038910416,0.036254415,0.038512015999999996,0.9413793087331497
KT2440,2,90,2.5,0.075563232,0.038910416,0.03665281599999999,0.046612819,0.7863248090616444
KT2440,2,90,2.75,0.075032031,0.038910416,0.036121614999999996,0.053784022,0.6716049424492648
KT2440,2,90,3.0,0.075164831,0.038910416,0.036254415,0.065470427,0.5537525362405228
KT2440,2,90,3.25,0.075032031,0.038910416,0.036121614999999996,0.076891232,0.46977547453004775
KT2440,2,90,3.5,0.075032031,0.038910416,0.036121614999999996,0.099998442,0.36122177783529863
KT2440,2,90,3.75,0.075297631,0.038910416,0.036387215,0.123371251,0.2949407962151571
KT2440,2,90,4.0,0.075164831,0.038910416,0.036254415,0.16560166899999998,0.2189254203712162
KT2440,2,90,4.25,0.075164831,0.038910416,0.036254415,0.231072096,0.15689655145552495
KT2440,2,90,4.5,0.075297631,0.038910416,0.036387215,0.381401759,0.0954038992777692
KT2440,2,90,4.75,0.075164831,0.038910416,0.036254415,0.743281911,0.048776129841803725
KT2440,2,90,5.0,0.079148833,0.038910416,0.040238417,1.001445219,0.04018034759822444
KT2440,2,90,5.25,0.075297631,0.038910416,0.036387215,1.1169812669999999,0.03257638787240288
KT2440,2,90,5.5,0.078883233,0.038910416,0.039972816999999994,1.186037296,0.03370283306841305
KT2440,2,90,5.75,0.075297631,0.038910416,0.036387215,1.039957235,0.034989145491160514
KT2440,2,90,6.0,0.075164831,0.038910416,0.036254415,1.193872499,0.03036707439895556
KT2440,2,90,6.25,0.075430432,0.038910416,0.036520016,1.286566938,0.02838563227559016
KT2440,2,90,6.5,0.079148833,0.038910416,0.040238417,1.255624525,0.032046536364045614
KT2440,2,90,6.75,0.079148833,0.038910416,0.040238417,1.548315847,0.02598850685276232
KT2440,2,90,7.0,0.075297631,0.038910416,0.036387215,1.694661508,0.02147167137993436
KT2440,2,90,7.25,0.075164831,0.038910416,0.036254415,1.875535184,0.019330170561065837
KT2440,2,90,7.5,0.079148833,0.038910416,0.040238417,2.068228065,0.01945550284368663
KT2440,2,90,7.75,0.075430432,0.038910416,0.036520016,2.187748114,0.016692971081222013
KT2440,2,90,8.0,0.075430432,0.038910416,0.036520016,2.341796179,0.015594873852597571
KT2440,2,90,8.25,0.07157923,0.038910416,0.03266881399999999,2.4650346300000003,0.013252882374313739
KT2440,2,90,8.5,0.075164831,0.038910416,0.036254415,2.6881387240000003,0.01348680954458063
KT2440,2,90,8.75,0.079016033,0.038910416,0.040105616999999996,2.8768476030000003,0.01394082083394947
KT2440,2,90,9.0,0.075430432,0.038910416,0.036520016,3.1004828960000004,0.011778815502293292
KT2440,2,90,9.25,0.075297631,0.038910416,0.036387215,3.3198685880000003,0.01096043835335087
KT2440,2,90,9.5,0.079281633,0.038910416,0.040371217,3.5125614680000004,0.011493383779269993
KT2440,2,90,9.75,0.075297631,0.038910416,0.036387215,3.654923128,0.009955671768098539
KT2440,2,90,10.0,0.075164831,0.038910416,0.036254415,3.858904013,0.009395003057309784
KT2440,2,90,10.25,0.075164831,0.038910416,0.036254415,4.005249674,0.009051724099834482
KT2440,2,90,10.5,0.075563232,0.038910416,0.03665281599999999,4.190505752,0.008746633024547628
KT2440,2,90,10.75,0.07171203,0.038910416,0.03280161399999999,4.359958623,0.007523377361189236
KT2440,2,90,11.0,0.075430432,0.038910416,0.036520016,4.494617879000001,0.008125277161075431
KT2440,2,90,11.25,0.075297631,0.038910416,0.036387215,4.66393795,0.00780182227767417
KT2440,2,90,11.5,0.075297631,0.038910416,0.036387215,4.844944425,0.007510347242011966
KT2440,2,90,11.75,0.07157923,0.038910416,0.03266881399999999,5.4651206850000005,0.005977693061685789
KT2440,2,90,12.0,0.075563232,0.038910416,0.03665281599999999,5.869629654000001,0.006244485284522516
KT2440,2,90,12.25,0.075430432,0.038910416,0.036520016,5.854092047,0.00623837406497821
KT2440,2,90,12.5,0.075696032,0.038910416,0.03678561599999999,5.7619288090000005,0.006384253818364036
KT2440,2,90,12.75,0.075164831,0.038910416,0.036254415,5.730587996000001,0.0063264738322325546
KT2440,2,90,13.0,0.07171203,0.038910416,0.03280161399999999,5.442146275,0.00602733045796348
KT2440,2,90,13.25,0.075696032,0.038910416,0.03678561599999999,5.5000470990000006,0.006688236543772185
KT2440,2,90,13.5,0.07171203,0.038910416,0.03280161399999999,5.515319106000001,0.005947364670942756
KT2440,2,90,13.75,0.075696032,0.038910416,0.03678561599999999,5.557815123,0.006618718900484735
KT2440,2,90,14.0,0.075430432,0.038910416,0.036520016,5.592210338,0.006530515447861539
KT2440,2,90,14.25,0.07184483,0.038910416,0.032934413999999995,5.630987954,0.005848780759085956
KT2440,2,90,14.5,0.07171203,0.038910416,0.03280161399999999,5.665515968,0.00578969579915938
KT2440,2,90,14.75,0.075297631,0.038910416,0.036387215,5.703762384,0.0063795110227719476
KT2440,2,90,15.0,0.075828832,0.038910416,0.036918415999999996,5.735103197,0.006437271437297207
KT2440,2,90,15.25,0.079016033,0.038910416,0.040105616999999996,5.487962294,0.007307925027809966
KT2440,2,90,15.5,0.079016033,0.038910416,0.040105616999999996,5.695927181,0.0070411042356336604
KT2440,2,90,15.75,0.075696032,0.038910416,0.03678561599999999,5.673351172,0.0064839307289049995
KT2440,2,90,16.0,0.075696032,0.038910416,0.03678561599999999,5.66949997,0.006488335160887211
KT2440,2,90,16.25,0.075696032,0.038910416,0.03678561599999999,5.66949997,0.006488335160887211
KT2440,2,90,16.5,0.075696032,0.038910416,0.03678561599999999,5.677202373,0.006479532273668341
KT2440,2,90,16.75,0.075828832,0.038910416,0.036918415999999996,5.688888778,0.006489565438995826
KT2440,2,90,17.0,0.075961632,0.038910416,0.037051216,5.69287278,0.006508351307299019
KT2440,2,90,17.25,0.075961632,0.038910416,0.037051216,5.696723981,0.006503951415510928
KT2440,2,90,17.5,0.075961632,0.038910416,0.037051216,5.7044263850000005,0.0064951694525198075
KT2440,2,90,17.75,0.075961632,0.038910416,0.037051216,5.712128788,0.0064864111743833455
KT2440,2,90,18.0,0.075961632,0.038910416,0.037051216,5.715979989,0.006482040887354827
KT2440,2,90,18.25,0.075696032,0.038910416,0.03678561599999999,5.727267994,0.00642289064149562
KT2440,2,90,18.5,0.075430432,0.038910416,0.036520016,5.730853596,0.006372526428783682
KT2440,2,90,18.75,0.075696032,0.038910416,0.03678561599999999,5.742672801,0.006405661139808336
KT2440,2,90,19.0,0.075828832,0.038910416,0.036918415999999996,5.746656802,0.006424329357401565
KT2440,2,90,19.25,0.075828832,0.038910416,0.036918415999999996,5.746656802,0.006424329357401565
KT2440,2,90,19.5,0.075828832,0.038910416,0.036918415999999996,5.754359206,0.00641573017574322
KT2440,2,90,19.75,0.075696032,0.038910416,0.03678561599999999,5.754226405,0.006392799554782203
KT2440,2,90,20.0,0.075828832,0.038910416,0.036918415999999996,5.762061609,0.006407153985013907
KT2440,2,90,20.25,0.075696032,0.038910416,0.03678561599999999,5.7619288090000005,0.006384253818364036
KT2440,2,90,20.5,0.075828832,0.038910416,0.036918415999999996,5.769764012,0.006398600692024281
KT2440,2,90,20.75,0.075696032,0.038910416,0.03678561599999999,5.769631212,0.006375730900008171
KT2440,2,90,21.0,0.075696032,0.038910416,0.03678561599999999,5.777333615,0.006367230707344221
KT2440,2,90,21.25,0.07171203,0.038910416,0.03280161399999999,5.781052017,0.005673987001594556
KT2440,2,90,21.5,0.075961632,0.038910416,0.037051216,5.793004022,0.00639585539027613
KT2440,2,90,21.75,0.07197763,0.038910416,0.033067214,5.7928712220000005,0.005708259813271574
KT2440,2,90,22.0,0.07184483,0.038910416,0.032934413999999995,5.796589623,0.005681688051422714
KT2440,2,90,22.25,0.075828832,0.038910416,0.036918415999999996,5.796722423,0.006368843167910991
KT2440,2,90,22.5,0.07211043,0.038910416,0.033200014,5.796855223000001,0.005727245674218902
KT2440,2,90,22.75,0.07224323,0.038910416,0.033332814,5.793136822,0.005753845459581655
KT2440,2,90,23.0,0.07224323,0.038910416,0.033332814,5.800839225,0.005746205455297721
KT2440,2,90,23.25,0.07211043,0.038910416,0.033200014,5.793004022,0.00573105315893392
KT2440,2,90,23.5,0.07184483,0.038910416,0.032934413999999995,5.792738422,0.005685465422522749
KT2440,2,90,23.75,0.07171203,0.038910416,0.03280161399999999,5.804159226,0.005651398027308355
KT2440,2,90,24.0,0.07184483,0.038910416,0.032934413999999995,5.800440825,0.0056779156953126915
KT2440,2,90,24.25,0.07197763,0.038910416,0.033067214,5.804424826,0.005696897624012746
KT2440,2,90,24.5,0.07171203,0.038910416,0.03280161399999999,5.8003080250000005,0.0056551503572950315
KT2440,2,90,24.75,0.075828832,0.038910416,0.036918415999999996,5.808276028,0.0063561745037644755
KT2440,2,90,25.0,0.07184483,0.038910416,0.032934413999999995,5.8081432280000005,0.005670385992072162
KT2440,2,90,25.25,0.07184483,0.038910416,0.032934413999999995,5.800440825,0.0056779156953126915
KT2440,2,90,25.5,0.07157923,0.038910416,0.03266881399999999,5.800175225,0.005632383976813388
KT2440,2,90,25.75,0.07171203,0.038910416,0.03280161399999999,5.796456823000001,0.005658907674399491
KT2440,2,90,26.0,0.07197763,0.038910416,0.033067214,5.796722423,0.005704467384671939
KT2440,2,90,26.25,0.07184483,0.038910416,0.032934413999999995,5.796589623,0.005681688051422714
KT2440,2,90,26.5,0.07197763,0.038910416,0.033067214,5.804424826,0.005696897624012746
KT2440,2,90,26.75,0.07184483,0.038910416,0.032934413999999995,5.800440825,0.0056779156953126915
KT2440,2,90,27.0,0.07157923,0.038910416,0.03266881399999999,5.7924728210000005,0.005639873506451795
KT2440,2,90,27.25,0.07184483,0.038910416,0.032934413999999995,5.792738422,0.005685465422522749
KT2440,2,90,27.5,0.07184483,0.038910416,0.032934413999999995,5.7850360180000004,0.005693035254668313
KT2440,2,90,27.75,0.07197763,0.038910416,0.033067214,5.777466415,0.005723480090537228
KT2440,2,90,28.0,0.07184483,0.038910416,0.032934413999999995,5.777333615,0.0057006252701922245
KT2440,2,90,28.25,0.07171203,0.038910416,0.03280161399999999,5.761796009,0.005692949550585173
KT2440,2,90,28.5,0.07131363,0.038910416,0.032403214,5.745992802,0.005639271596149835
KT2440,2,90,28.75,0.067728028,0.038910416,0.03,5.7462584020000005,0.005220788537730642
KT2440,2,90,29.0,0.07157923,0.038910416,0.03266881399999999,5.734704797,0.005696686256124299
KT2440,2,90,29.25,0.067728028,0.038910416,0.03,5.730853596,0.005234822264686588
KT2440,2,90,29.5,0.07157923,0.038910416,0.03266881399999999,5.703895184,0.005727456930071103
KT2440,2,90,29.75,0.067860828,0.038910416,0.03,5.69247438,0.0052701159456074705
KT2440,2,90,30.0,0.067728028,0.038910416,0.03,5.673085572000001,0.00528812753117414
KT2440,2,90,30.25,0.068126428,0.038910416,0.03,5.661930367,0.005298546265219372
KT2440,2,90,30.5,0.07171203,0.038910416,0.03280161399999999,5.661664767,0.005793634089957059
KT2440,2,90,30.75,0.067993628,0.038910416,0.03,5.650243962,0.005309505253536165
KT2440,2,90,31.0,0.067860828,0.038910416,0.03,5.642408759,0.005316878177630802
KT2440,2,90,31.25,0.067860828,0.038910416,0.03,5.630855154,0.0053277875526044835
KT2440,2,90,31.5,0.067993628,0.038910416,0.03,5.607880744,0.005349614474611944
KT2440,2,90,31.75,0.067993628,0.038910416,0.03,5.5963271390000005,0.005360658741862016
KT2440,2,90,32.0,0.067993628,0.038910416,0.03,5.592475938000001,0.005364350304335632
KT2440,2,90,32.25,0.067993628,0.038910416,0.03,5.584773535,0.005371748704220286
KT2440,2,90,32.5,0.068126428,0.038910416,0.03,5.5810551330000004,0.005375327654911378
KT2440,2,90,32.75,0.067860828,0.038910416,0.03,5.569235928,0.005386735341767693
KT2440,2,90,33.0,0.067728028,0.038910416,0.03,5.553698322,0.005401805834710227
KT2440,2,90,33.25,0.064408027,0.038910416,0.03,5.5388247150000005,0.005416311499938845
KT2440,2,90,33.5,0.068126428,0.038910416,0.03,5.527138311,0.0054277635752835425
KT2440,2,90,33.75,0.064275227,0.038910416,0.03,5.500179899,0.005454367048149528
KT2440,2,90,34.0,0.064142427,0.038910416,0.03,5.457683881,0.005496837239774899
KT2440,2,90,34.25,0.064275227,0.038910416,0.03,5.419304665,0.0055357655371826185
KT2440,2,90,34.5,0.064275227,0.038910416,0.03,5.361536641,0.005595410795216461
KT2440,2,90,34.75,0.064275227,0.038910416,0.03,5.2960662140000005,0.005664581745729661
KT2440,2,90,35.0,0.064142427,0.038910416,0.03,5.257421398,0.005706219404709016
KT2440,2,90,35.25,0.064009627,0.038910416,0.03,5.195669372,0.0057740394648037275
KT2440,2,90,35.5,0.064275227,0.038910416,0.03,5.138166948,0.0058386580863584656
KT2440,2,90,35.75,0.064275227,0.038910416,0.03,5.068845319,0.005918507690015387
KT2440,2,90,36.0,0.064275227,0.038910416,0.03,4.984118884,0.00601911806243344
KT2440,2,90,36.25,0.064142427,0.038910416,0.03,4.895408446,0.006128191412610885
KT2440,2,90,36.5,0.064142427,0.038910416,0.03,4.868450035,0.00616212547819647
KT2440,2,90,36.75,0.064540827,0.038910416,0.03,4.811080411,0.006235605609793663
KT2440,2,90,37.0,0.064806427,0.038910416,0.03,4.7150659710000005,0.006362583298837155
KT2440,2,90,37.25,0.064540827,0.038910416,0.03,4.5607523070000004,0.006577862155319192
KT2440,2,90,37.5,0.060556825,0.038910416,0.03,4.552917103,0.006589182126824239
KT2440,2,90,37.75,0.064408027,0.038910416,0.03,4.541363498,0.006605945552081856
KT2440,2,90,38.0,0.060025625,0.038910416,0.03,4.525427492,0.00662920797052514
KT2440,2,90,38.25,0.059361625,0.038910416,0.03,4.517061088,0.006641486447836146
KT2440,2,90,38.5,0.059892825,0.038910416,0.03,4.4906338770000005,0.006680571345095207
KT2440,2,90,38.75,0.059494425,0.038910416,0.03,4.490235477000001,0.006681164084526695
KT2440,2,90,39.0,0.059228825,0.038910416,0.03,4.4784162720000005,0.0066987966678234675
KT2440,2,90,39.25,0.059228825,0.038910416,0.03,4.466862667,0.006716123202450809
KT2440,2,90,39.5,0.058830425,0.038910416,0.03,4.4549106620000005,0.00673414177660113
KT2440,2,90,39.75,0.058963225,0.038910416,0.03,4.435787454000001,0.006763173463811324
KT2440,2,90,40.0,0.058166424,0.038910416,0.03,4.415734646000001,0.006793886500217023
KT2440,3,90,0.0,0.090968038,0.038910416,0.052057622,0.03,1.7352540666666667
KT2440,3,90,0.25,0.090569638,0.038910416,0.05165922199999999,0.03,1.7219740666666665
KT2440,3,90,0.5,0.090569638,0.038910416,0.05165922199999999,0.03,1.7219740666666665
KT2440,3,90,0.75,0.090436838,0.038910416,0.051526422,0.03,1.7175474000000002
KT2440,3,90,1.0,0.090569638,0.038910416,0.05165922199999999,0.03,1.7219740666666665
KT2440,3,90,1.25,0.090436838,0.038910416,0.051526422,0.03,1.7175474000000002
KT2440,3,90,1.5,0.090436838,0.038910416,0.051526422,0.03,1.7175474000000002
KT2440,3,90,1.75,0.090702438,0.038910416,0.05179202199999999,0.03,1.726400733333333
KT2440,3,90,2.0,0.090702438,0.038910416,0.05179202199999999,0.03,1.726400733333333
KT2440,3,90,2.25,0.090569638,0.038910416,0.05165922199999999,0.034660814,1.490421488658633
KT2440,3,90,2.5,0.090968038,0.038910416,0.052057622,0.038910416,1.3378839743065196
KT2440,3,90,2.75,0.090436838,0.038910416,0.051526422,0.053784022,0.9580247085277482
KT2440,3,90,3.0,0.090569638,0.038910416,0.05165922199999999,0.069321629,0.7452107335792699
KT2440,3,90,3.25,0.090436838,0.038910416,0.051526422,0.09614724,0.5359116080711209
KT2440,3,90,3.5,0.090436838,0.038910416,0.051526422,0.13080805499999998,0.39390863200282283
KT2440,3,90,3.75,0.090702438,0.038910416,0.05179202199999999,0.169585671,0.30540329082402246
KT2440,3,90,4.0,0.090569638,0.038910416,0.05165922199999999,0.254179306,0.2032392912426946
KT2440,3,90,4.25,0.090569638,0.038910416,0.05165922199999999,0.408227371,0.12654521884080133
KT2440,3,90,4.5,0.090702438,0.038910416,0.05179202199999999,0.677944283,0.07639569106005721
KT2440,3,90,4.75,0.090569638,0.038910416,0.05165922199999999,0.88577637,0.05832084005582582
KT2440,3,90,5.0,0.090702438,0.038910416,0.05179202199999999,1.0630644439999999,0.048719550627732214
KT2440,3,90,5.25,0.090702438,0.038910416,0.05179202199999999,1.170898089,0.04423273253800655
KT2440,3,90,5.5,0.094288039,0.038910416,0.055377623,1.247656521,0.04438531123583171
KT2440,3,90,5.75,0.09455364,0.038910416,0.05564322399999999,1.201707702,0.04630345957456466
KT2440,3,90,6.0,0.094420839,0.038910416,0.055510423,1.120699668,0.04953193490193842
KT2440,3,90,6.25,0.09468644,0.038910416,0.055776023999999993,1.159477285,0.04810445596612097
KT2440,3,90,6.5,0.09455364,0.038910416,0.05564322399999999,1.398118984,0.03979863276071502
KT2440,3,90,6.75,0.09455364,0.038910416,0.05564322399999999,1.609935073,0.03456240250503568
KT2440,3,90,7.0,0.09455364,0.038910416,0.05564322399999999,1.825602363,0.030479377726353212
KT2440,3,90,7.25,0.094420839,0.038910416,0.055510423,2.03343445,0.02729885047437846
KT2440,3,90,7.5,0.098404841,0.038910416,0.059494425000000004,2.195317718,0.027100598930254707
KT2440,3,90,7.75,0.09468644,0.038910416,0.055776023999999993,2.3263913720000002,0.02397533994980789
KT2440,3,90,8.0,0.09468644,0.038910416,0.055776023999999993,2.484290638,0.022451489027428356
KT2440,3,90,8.25,0.09468644,0.038910416,0.055776023999999993,2.634487501,0.021171489323380165
KT2440,3,90,8.5,0.094420839,0.038910416,0.055510423,2.819079578,0.019690974115523886
KT2440,3,90,8.75,0.094420839,0.038910416,0.055510423,3.034746869,0.018291615543635644
KT2440,3,90,9.0,0.09468644,0.038910416,0.055776023999999993,3.246828557,0.017178616924429124
KT2440,3,90,9.25,0.098404841,0.038910416,0.059494425000000004,3.4354046360000003,0.017318025474074024
KT2440,3,90,9.5,0.09468644,0.038910416,0.055776023999999993,3.6435023230000003,0.015308354175571082
KT2440,3,90,9.75,0.098404841,0.038910416,0.059494425000000004,3.782012781,0.015730889461528764
KT2440,3,90,10.0,0.094420839,0.038910416,0.055510423,3.978291263,0.013953333059415063
KT2440,3,90,10.25,0.094420839,0.038910416,0.055510423,4.143892932,0.013395718449030624
KT2440,3,90,10.5,0.09481924,0.038910416,0.055908823999999996,4.313744203000001,0.012960625704490802
KT2440,3,90,10.75,0.09481924,0.038910416,0.055908823999999996,4.479345872000001,0.012481470642729593
KT2440,3,90,11.0,0.09468644,0.038910416,0.055776023999999993,4.621707532,0.012068272086412929
KT2440,3,90,11.25,0.09455364,0.038910416,0.05564322399999999,4.814134812,0.011558301994638864
KT2440,3,90,11.5,0.09455364,0.038910416,0.05564322399999999,5.3378982310000005,0.010424182251518085
KT2440,3,90,11.75,0.09468644,0.038910416,0.055776023999999993,5.834836039,0.009559141615495871
KT2440,3,90,12.0,0.09481924,0.038910416,0.055908823999999996,5.88503446,0.009500169349900459
KT2440,3,90,12.25,0.09468644,0.038910416,0.055776023999999993,5.723151192,0.009745684174474625
KT2440,3,90,12.5,0.09495204,0.038910416,0.056041624,5.496195898,0.010196438598630168
KT2440,3,90,12.75,0.094420839,0.038910416,0.055510423,5.4494502780000005,0.01018642618395866
KT2440,3,90,13.0,0.09481924,0.038910416,0.055908823999999996,5.499914299,0.010165399124521884
KT2440,3,90,13.25,0.09495204,0.038910416,0.056041624,5.511600704,0.010167939770986718
KT2440,3,90,13.5,0.09481924,0.038910416,0.055908823999999996,5.561533525000001,0.01005277119137747
KT2440,3,90,13.75,0.09495204,0.038910416,0.056041624,5.604029543,0.010000237074053554
KT2440,3,90,14.0,0.09468644,0.038910416,0.055776023999999993,5.634573555,0.0098988900323265
KT2440,3,90,14.25,0.09495204,0.038910416,0.056041624,5.673351172,0.009878046026233187
KT2440,3,90,14.5,0.09481924,0.038910416,0.055908823999999996,5.700176783,0.009808261415109166
KT2440,3,90,14.75,0.09455364,0.038910416,0.05564322399999999,5.726869594,0.009716167460543714
KT2440,3,90,15.0,0.09508484,0.038910416,0.056174424,5.750508004,0.009768602001931932
KT2440,3,90,15.25,0.098272041,0.038910416,0.059361625,5.360872641,0.011073127264020745
KT2440,3,90,15.5,0.098272041,0.038910416,0.059361625,5.715183189,0.010386653067263562
KT2440,3,90,15.75,0.098803241,0.038910416,0.059892825,5.711863188000001,0.010485689700311497
KT2440,3,90,16.0,0.098803241,0.038910416,0.059892825,5.715714389,0.010478624529466494
KT2440,3,90,16.25,0.098803241,0.038910416,0.059892825,5.711863188000001,0.010485689700311497
KT2440,3,90,16.5,0.098803241,0.038910416,0.059892825,5.708011986,0.010492764406749443
KT2440,3,90,16.75,0.098936041,0.038910416,0.060025625,5.715847189,0.010501614723976135
KT2440,3,90,17.0,0.099068841,0.038910416,0.060158425,5.712128788,0.010531699692482493
KT2440,3,90,17.25,0.099068841,0.038910416,0.060158425,5.715979989,0.010524603850218273
KT2440,3,90,17.5,0.099068841,0.038910416,0.060158425,5.719831191,0.010517517561472385
KT2440,3,90,17.75,0.099068841,0.038910416,0.060158425,5.723682393,0.010510440808800483
KT2440,3,90,18.0,0.099068841,0.038910416,0.060158425,5.723682393,0.010510440808800483
KT2440,3,90,18.25,0.098803241,0.038910416,0.059892825,5.727267994,0.010457486023483608
KT2440,3,90,18.5,0.098537641,0.038910416,0.05962722499999999,5.730853596,0.010404597500382558
KT2440,3,90,18.75,0.098803241,0.038910416,0.059892825,5.738821599,0.010436432631123508
KT2440,3,90,19.0,0.098936041,0.038910416,0.060025625,5.738954399,0.010459331234703544
KT2440,3,90,19.25,0.098936041,0.038910416,0.060025625,5.742805601000001,0.010452317067732133
KT2440,3,90,19.5,0.098936041,0.038910416,0.060025625,5.750508004,0.010438316920565405
KT2440,3,90,19.75,0.09495204,0.038910416,0.056041624,5.754226405,0.009739210808824613
KT2440,3,90,20.0,0.098936041,0.038910416,0.060025625,5.762061609,0.010417386878724712
KT2440,3,90,20.25,0.09495204,0.038910416,0.056041624,5.7619288090000005,0.009726191672563582
KT2440,3,90,20.5,0.09508484,0.038910416,0.056174424,5.7659128100000006,0.009742503199593126
KT2440,3,90,20.75,0.09495204,0.038910416,0.056041624,5.76578001,0.009719695150145001
KT2440,3,90,21.0,0.09495204,0.038910416,0.056041624,5.769631212,0.009713207298837664
KT2440,3,90,21.25,0.09481924,0.038910416,0.055908823999999996,5.773349613000001,0.009683949136582453
KT2440,3,90,21.5,0.09521764,0.038910416,0.056307224,5.793004022,0.009719866201743163
KT2440,3,90,21.75,0.09508484,0.038910416,0.056174424,5.7928712220000005,0.009697164298536861
KT2440,3,90,22.0,0.098803241,0.038910416,0.059892825,5.796589623,0.010332424562600435
KT2440,3,90,22.25,0.09508484,0.038910416,0.056174424,5.7928712220000005,0.009697164298536861
KT2440,3,90,22.5,0.09521764,0.038910416,0.056307224,5.785301618,0.009732806985345323
KT2440,3,90,22.75,0.09535044,0.038910416,0.05644002399999999,5.7815832170000006,0.009762036086248031
KT2440,3,90,23.0,0.09535044,0.038910416,0.05644002399999999,5.777732015,0.009768543063865171
KT2440,3,90,23.25,0.09521764,0.038910416,0.056307224,5.78915282,0.009726332289151766
KT2440,3,90,23.5,0.09495204,0.038910416,0.056041624,5.792738422,0.009674461354436763
KT2440,3,90,23.75,0.09481924,0.038910416,0.055908823999999996,5.796456823000001,0.009645344683351572
KT2440,3,90,24.0,0.09495204,0.038910416,0.056041624,5.796589623,0.009668033731012321
KT2440,3,90,24.25,0.09508484,0.038910416,0.056174424,5.796722423,0.009690721739083693
KT2440,3,90,24.5,0.09481924,0.038910416,0.055908823999999996,5.796456823000001,0.009645344683351572
KT2440,3,90,24.75,0.091233638,0.038910416,0.052323222,5.804424826,0.009014368101663827
KT2440,3,90,25.0,0.091100838,0.038910416,0.052190422,5.800440825,0.008997664759384905
KT2440,3,90,25.25,0.091100838,0.038910416,0.052190422,5.8081432280000005,0.008985732608727603
KT2440,3,90,25.5,0.090835238,0.038910416,0.051924821999999995,5.811728829000001,0.008934488089137924
KT2440,3,90,25.75,0.090968038,0.038910416,0.052057622,5.808010428,0.008963073094537494
KT2440,3,90,26.0,0.091233638,0.038910416,0.052323222,5.808276028,0.009008391086746748
KT2440,3,90,26.25,0.091100838,0.038910416,0.052190422,5.804292026000001,0.008991694726284607
KT2440,3,90,26.5,0.091233638,0.038910416,0.052323222,5.808276028,0.009008391086746748
KT2440,3,90,26.75,0.091100838,0.038910416,0.052190422,5.81199443,0.00897977839252678
KT2440,3,90,27.0,0.090835238,0.038910416,0.051924821999999995,5.811728829000001,0.008934488089137924
KT2440,3,90,27.25,0.091100838,0.038910416,0.052190422,5.804292026000001,0.008991694726284607
KT2440,3,90,27.5,0.091100838,0.038910416,0.052190422,5.804292026000001,0.008991694726284607
KT2440,3,90,27.75,0.091233638,0.038910416,0.052323222,5.796722423,0.009026345955844641
KT2440,3,90,28.0,0.091100838,0.038910416,0.052190422,5.796589623,0.009003642726908977
KT2440,3,90,28.25,0.090968038,0.038910416,0.052057622,5.796456823000001,0.008980938457686497
KT2440,3,90,28.5,0.090569638,0.038910416,0.05165922199999999,5.780653616,0.008936571092413295
KT2440,3,90,28.75,0.090835238,0.038910416,0.051924821999999995,5.773216813,0.008994088336172797
KT2440,3,90,29.0,0.090835238,0.038910416,0.051924821999999995,5.765514410000001,0.009006103932363597
KT2440,3,90,29.25,0.090835238,0.038910416,0.051924821999999995,5.753960805,0.009024187643905926
KT2440,3,90,29.5,0.086984036,0.038910416,0.04807362,5.734704797,0.008382928450850475
KT2440,3,90,29.75,0.087116836,0.038910416,0.04820642,5.742540001,0.00839461631814587
KT2440,3,90,30.0,0.086984036,0.038910416,0.04807362,5.742407201,0.008371684263635696
KT2440,3,90,30.25,0.087382437,0.038910416,0.04847202099999999,5.742805601000001,0.00844047741953158
KT2440,3,90,30.5,0.087116836,0.038910416,0.04820642,5.738688799,0.008400249898269487
KT2440,3,90,30.75,0.087249636,0.038910416,0.04833922,5.7349703970000006,0.008428852575296039
KT2440,3,90,31.0,0.087116836,0.038910416,0.04820642,5.715581589,0.008434210805909292
KT2440,3,90,31.25,0.087116836,0.038910416,0.04820642,5.696325581,0.008462722032741898
KT2440,3,90,31.5,0.087249636,0.038910416,0.04833922,5.673351172,0.008520399766291781
KT2440,3,90,31.75,0.087249636,0.038910416,0.04833922,5.673351172,0.008520399766291781
KT2440,3,90,32.0,0.087249636,0.038910416,0.04833922,5.677202373,0.008514619846897609
KT2440,3,90,32.25,0.087249636,0.038910416,0.04833922,5.657946365,0.008543598132888982
KT2440,3,90,32.5,0.087382437,0.038910416,0.04847202099999999,5.6503767620000005,0.008578546713200571
KT2440,3,90,32.75,0.087116836,0.038910416,0.04820642,5.64625996,0.008537761339631978
KT2440,3,90,33.0,0.086984036,0.038910416,0.04807362,5.6268711520000005,0.008543579318128306
KT2440,3,90,33.25,0.083664035,0.038910416,0.044753618999999994,5.619699949,0.007963702583082518
KT2440,3,90,33.5,0.083531235,0.038910416,0.04462081899999999,5.611864746,0.007951157239098576
KT2440,3,90,33.75,0.083531235,0.038910416,0.04462081899999999,5.588757536,0.007984031998628467
KT2440,3,90,34.0,0.083398435,0.038910416,0.044488019000000004,5.565517527,0.007993509819019569
KT2440,3,90,34.25,0.083531235,0.038910416,0.04462081899999999,5.523287109,0.008078670929000224
KT2440,3,90,34.5,0.083531235,0.038910416,0.04462081899999999,5.496328698,0.008118295220632744
KT2440,3,90,34.75,0.083531235,0.038910416,0.04462081899999999,5.488626294,0.008129687941913284
KT2440,3,90,35.0,0.083398435,0.038910416,0.044488019000000004,5.476939890000001,0.008122787522504652
KT2440,3,90,35.25,0.083265635,0.038910416,0.044355219,5.43059267,0.008167657140818112
KT2440,3,90,35.5,0.083531235,0.038910416,0.04462081899999999,5.388495053000001,0.008280757161530233
KT2440,3,90,35.75,0.083531235,0.038910416,0.04462081899999999,5.346131835,0.008346374608249815
KT2440,3,90,36.0,0.083531235,0.038910416,0.04462081899999999,5.338429432,0.008358416940482654
KT2440,3,90,36.25,0.083398435,0.038910416,0.044488019000000004,5.280528607,0.008424917713924621
KT2440,3,90,36.5,0.083398435,0.038910416,0.044488019000000004,5.176546164,0.008594150924295708
KT2440,3,90,36.75,0.079945633,0.038910416,0.041035217,5.115325338,0.008022015079894024
KT2440,3,90,37.0,0.080211234,0.038910416,0.041300818,5.069376519,0.008147119837164337
KT2440,3,90,37.25,0.079945633,0.038910416,0.041035217,5.007491693,0.008194764867481129
KT2440,3,90,37.5,0.079812833,0.038910416,0.040902416999999996,4.938037264,0.008283132510601483
KT2440,3,90,37.75,0.079812833,0.038910416,0.040902416999999996,4.884120442,0.008374571734199669
KT2440,3,90,38.0,0.079281633,0.038910416,0.040371217,4.8258212170000006,0.008365667766096192
KT2440,3,90,38.25,0.078617633,0.038910416,0.039707217,4.798198806,0.008275442224350385
KT2440,3,90,38.5,0.079148833,0.038910416,0.040238417,4.721705974,0.008522008193981627
KT2440,3,90,38.75,0.078750433,0.038910416,0.03984001699999999,4.625027533,0.008614006449850898
KT2440,3,90,39.0,0.078484833,0.038910416,0.039574417,4.513077087,0.00876883249213598
KT2440,3,90,39.25,0.078484833,0.038910416,0.039574417,4.505374683,0.008783823718219263
KT2440,3,90,39.5,0.074235231,0.038910416,0.035324814999999996,4.485720275,0.00787494824340111
KT2440,3,90,39.75,0.074368031,0.038910416,0.035457615,4.47429947,0.007924729946607709
KT2440,3,90,40.0,0.073571231,0.038910416,0.034660815,4.458097864,0.007774799041513369
