Species,Replicate,Dose,Time,RawOD,OD_minimum_of_each_well,OD_corrected
KT2440,1,0,0.0,0.029348812,0.021248009,0.03
KT2440,1,0,0.25,0.028950412,0.021248009,0.03
KT2440,1,0,0.5,0.036652815,0.021248009,0.03
KT2440,1,0,0.75,0.04807362,0.021248009,0.03
KT2440,1,0,1.0,0.052057622,0.021248009,0.030809612999999996
KT2440,1,0,1.25,0.04807362,0.021248009,0.03
KT2440,1,0,1.5,0.055776023,0.021248009,0.034528013999999996
KT2440,1,0,1.75,0.052190422,0.021248009,0.030942413
KT2440,1,0,2.0,0.059892825,0.021248009,0.038644816
KT2440,1,0,2.25,0.063611227,0.021248009,0.04236321800000001
KT2440,1,0,2.5,0.075563232,0.021248009,0.054315222999999996
KT2440,1,0,2.75,0.090436838,0.021248009,0.06918882900000001
KT2440,1,0,3.0,0.105974444,0.021248009,0.084726435
KT2440,1,0,3.25,0.125097652,0.021248009,0.103849643
KT2440,1,0,3.5,0.159758467,0.021248009,0.13851045799999998
KT2440,1,0,3.75,0.194684881,0.021248009,0.173436872
KT2440,1,0,4.0,0.256171307,0.021248009,0.234923298
KT2440,1,0,4.25,0.398665767,0.021248009,0.377417758
KT2440,1,0,4.5,0.660680276,0.021248009,0.639432267
KT2440,1,0,4.75,0.891619573,0.021248009,0.870371564
KT2440,1,0,5.0,1.030395631,0.021248009,1.009147622
KT2440,1,0,5.25,1.103568461,0.021248009,1.082320452
KT2440,1,0,5.5,1.176475692,0.021248009,1.155227683
KT2440,1,0,5.75,1.092014857,0.021248009,1.0707668479999999
KT2440,1,0,6.0,1.245930121,0.021248009,1.224682112
KT2440,1,0,6.25,1.546589447,0.021248009,1.5253414379999999
KT2440,1,0,6.5,1.638885485,0.021248009,1.617637476
KT2440,1,0,6.75,1.688951106,0.021248009,1.667703097
KT2440,1,0,7.0,1.850701574,0.021248009,1.829453565
KT2440,1,0,7.25,2.077789669,0.021248009,2.05654166
KT2440,1,0,7.5,2.235821735,0.021248009,2.2145737260000002
KT2440,1,0,7.75,2.382300196,0.021248009,2.3610521870000003
KT2440,1,0,8.0,2.555604268,0.021248009,2.5343562590000004
KT2440,1,0,8.25,2.786676365,0.021248009,2.765428356
KT2440,1,0,8.5,2.959714837,0.021248009,2.938466828
KT2440,1,0,8.75,3.13301891,0.021248009,3.1117709010000003
KT2440,1,0,9.0,3.329695792,0.021248009,3.308447783
KT2440,1,0,9.25,3.537527879,0.021248009,3.5162798700000004
KT2440,1,0,9.5,3.722518356,0.021248009,3.7012703470000003
KT2440,1,0,9.75,3.857177612,0.021248009,3.8359296030000003
KT2440,1,0,10.0,4.061158498,0.021248009,4.039910489
KT2440,1,0,10.25,4.219057764,0.021248009,4.197809755000001
KT2440,1,0,10.5,4.373504228,0.021248009,4.352256219
KT2440,1,0,10.75,4.539105898,0.021248009,4.517857889
KT2440,1,0,11.0,4.770045194,0.021248009,4.748797185
KT2440,1,0,11.25,5.228205386,0.021248009,5.206957377
KT2440,1,0,11.5,5.763522409,0.021248009,5.7422744
KT2440,1,0,11.75,5.71744079,0.021248009,5.696192781000001
KT2440,1,0,12.0,5.694466381,0.021248009,5.673218372
KT2440,1,0,12.25,5.563392726,0.021248009,5.542144717
KT2440,1,0,12.5,5.444271076,0.021248009,5.423023067
KT2440,1,0,12.75,5.47840069,0.021248009,5.457152681
KT2440,1,0,13.0,5.517311107,0.021248009,5.4960630980000005
KT2440,1,0,13.25,5.567509528,0.021248009,5.546261519000001
KT2440,1,0,13.5,5.62129355,0.021248009,5.600045541
KT2440,1,0,13.75,5.671491971,0.021248009,5.650243962
KT2440,1,0,14.0,5.698184782,0.021248009,5.676936773
KT2440,1,0,14.25,5.710003987,0.021248009,5.6887559780000005
KT2440,1,0,14.5,5.732978397,0.021248009,5.711730388
KT2440,1,0,14.75,5.751968805,0.021248009,5.730720796
KT2440,1,0,15.0,5.767904811,0.021248009,5.746656802
KT2440,1,0,15.25,5.38212065,0.021248009,5.360872641
KT2440,1,0,15.5,5.713323988,0.021248009,5.692075979
KT2440,1,0,15.75,5.721557592,0.021248009,5.700309583
KT2440,1,0,16.0,5.721557592,0.021248009,5.700309583
KT2440,1,0,16.25,5.710003987,0.021248009,5.6887559780000005
KT2440,1,0,16.5,5.721557592,0.021248009,5.700309583
KT2440,1,0,16.75,5.733243997,0.021248009,5.711995988
KT2440,1,0,17.0,5.725674394,0.021248009,5.7044263850000005
KT2440,1,0,17.25,5.733376797,0.021248009,5.712128788
KT2440,1,0,17.5,5.737227998,0.021248009,5.715979989
KT2440,1,0,17.75,5.748781603,0.021248009,5.7275335940000005
KT2440,1,0,18.0,5.76418641,0.021248009,5.742938401
KT2440,1,0,18.25,5.76392081,0.021248009,5.742672801
KT2440,1,0,18.5,5.76365521,0.021248009,5.742407201
KT2440,1,0,18.75,5.775474414,0.021248009,5.754226405
KT2440,1,0,19.0,5.771756013,0.021248009,5.750508004
KT2440,1,0,19.25,5.775607215,0.021248009,5.754359206
KT2440,1,0,19.5,5.775607215,0.021248009,5.754359206
KT2440,1,0,19.75,5.787028019,0.021248009,5.76578001
KT2440,1,0,20.0,5.783309618,0.021248009,5.762061609
KT2440,1,0,20.25,5.787028019,0.021248009,5.76578001
KT2440,1,0,20.5,5.791012021,0.021248009,5.769764012
KT2440,1,0,20.75,5.783176818,0.021248009,5.7619288090000005
KT2440,1,0,21.0,5.787028019,0.021248009,5.76578001
KT2440,1,0,21.25,5.798448824,0.021248009,5.7772008150000005
KT2440,1,0,21.5,5.794996023,0.021248009,5.773748014000001
KT2440,1,0,21.75,5.767904811,0.021248009,5.746656802
KT2440,1,0,22.0,5.752367205,0.021248009,5.731119196
KT2440,1,0,22.25,5.729392795,0.021248009,5.708144786
KT2440,1,0,22.5,5.71797199,0.021248009,5.696723981
KT2440,1,0,22.75,5.694997581,0.021248009,5.673749572
KT2440,1,0,23.0,5.691146379,0.021248009,5.66989837
KT2440,1,0,23.25,5.679459974,0.021248009,5.6582119650000005
KT2440,1,0,23.5,5.671491971,0.021248009,5.650243962
KT2440,1,0,23.75,5.652103163,0.021248009,5.630855154
KT2440,1,0,24.0,5.652235963,0.021248009,5.630987954
KT2440,1,0,24.25,5.640815158,0.021248009,5.619567149
KT2440,1,0,24.5,5.628995953,0.021248009,5.607747944000001
KT2440,1,0,24.75,5.625410352,0.021248009,5.6041623430000005
KT2440,1,0,25.0,5.606021544,0.021248009,5.584773535
KT2440,1,0,25.25,5.590616737,0.021248009,5.569368728000001
KT2440,1,0,25.5,5.571095129,0.021248009,5.54984712
KT2440,1,0,25.75,5.559674324,0.021248009,5.538426315000001
KT2440,1,0,26.0,5.52527911,0.021248009,5.504031101
KT2440,1,0,26.25,5.47893189,0.021248009,5.457683881
KT2440,1,0,26.5,5.390487054,0.021248009,5.3692390450000005
KT2440,1,0,26.75,5.355693439,0.021248009,5.334445430000001
KT2440,1,0,27.0,5.289957411,0.021248009,5.268709402
KT2440,1,0,27.25,5.197794173,0.021248009,5.176546164
KT2440,1,0,27.5,5.101514133,0.021248009,5.080266124
KT2440,1,0,27.75,5.005366893,0.021248009,4.984118884
KT2440,1,0,28.0,4.920507657,0.021248009,4.899259648
KT2440,1,0,28.25,4.816392413,0.021248009,4.795144404
KT2440,1,0,28.5,4.738969981,0.021248009,4.7177219720000005
KT2440,1,0,28.75,4.719979573,0.021248009,4.698731564
KT2440,1,0,29.0,4.708425968,0.021248009,4.6871779590000004
KT2440,1,0,29.25,4.700723565,0.021248009,4.679475556
KT2440,1,0,29.5,4.685318759,0.021248009,4.6640707500000005
KT2440,1,0,29.75,4.662344349,0.021248009,4.64109634
KT2440,1,0,30.0,4.646806743,0.021248009,4.625558734
KT2440,1,0,30.25,4.635651538,0.021248009,4.6144035290000005
KT2440,1,0,30.5,4.627683535,0.021248009,4.606435526
KT2440,1,0,30.75,4.612411528,0.021248009,4.591163519
KT2440,1,0,31.0,4.59302272,0.021248009,4.571774711
KT2440,1,0,31.25,4.59302272,0.021248009,4.571774711
KT2440,1,0,31.5,4.570048311,0.021248009,4.548800302
KT2440,1,0,31.75,4.566197109,0.021248009,4.5449491
KT2440,1,0,32.0,4.554643504,0.021248009,4.533395495000001
KT2440,1,0,32.25,4.527685093,0.021248009,4.506437084
KT2440,1,0,32.5,4.52011549,0.021248009,4.4988674810000004
KT2440,1,0,32.75,4.508296285,0.021248009,4.487048276
KT2440,1,0,33.0,4.492758678,0.021248009,4.471510669000001
KT2440,1,0,33.25,4.481736274,0.021248009,4.460488265
KT2440,1,0,33.5,4.462347465,0.021248009,4.441099456
KT2440,1,0,33.75,4.443091457,0.021248009,4.421843448000001
KT2440,1,0,34.0,4.431405053,0.021248009,4.410157044
KT2440,1,0,34.25,4.427686651,0.021248009,4.406438642
KT2440,1,0,34.5,4.40072824,0.021248009,4.3794802310000005
KT2440,1,0,34.75,4.393025837,0.021248009,4.371777828
KT2440,1,0,35.0,4.365934625,0.021248009,4.344686616000001
KT2440,1,0,35.25,4.358099422,0.021248009,4.336851413
KT2440,1,0,35.5,4.346811417,0.021248009,4.325563408
KT2440,1,0,35.75,4.323704208,0.021248009,4.302456199
KT2440,1,0,36.0,4.308299401,0.021248009,4.287051392
KT2440,1,0,36.25,4.296612996,0.021248009,4.275364987000001
KT2440,1,0,36.5,4.269654585,0.021248009,4.248406576
KT2440,1,0,36.75,4.273904187,0.021248009,4.2526561780000005
KT2440,1,0,37.0,4.25876498,0.021248009,4.237516971
KT2440,1,0,37.25,4.227689767,0.021248009,4.206441758
KT2440,1,0,37.5,4.216003363,0.021248009,4.194755354
KT2440,1,0,37.75,4.204449758,0.021248009,4.183201749
KT2440,1,0,38.0,4.169257743,0.021248009,4.148009734
KT2440,1,0,38.25,4.153188936,0.021248009,4.1319409270000005
KT2440,1,0,38.5,4.149868935,0.021248009,4.128620926
KT2440,1,0,38.75,4.130214527,0.021248009,4.108966518
KT2440,1,0,39.0,4.106841717,0.021248009,4.085593708
KT2440,1,0,39.25,4.09143691,0.021248009,4.070188901
KT2440,1,0,39.5,4.079484905,0.021248009,4.058236896
KT2440,1,0,39.75,4.052659294,0.021248009,4.031411285
KT2440,1,0,40.0,4.032606486,0.021248009,4.011358477
KT2440,2,0,0.0,0.025497611,0.021248009,0.03
KT2440,2,0,0.25,0.02509921,0.021248009,0.03
KT2440,2,0,0.5,0.02509921,0.021248009,0.03
KT2440,2,0,0.75,0.032668814,0.021248009,0.03
KT2440,2,0,1.0,0.036652815,0.021248009,0.03
KT2440,2,0,1.25,0.04807362,0.021248009,0.03
KT2440,2,0,1.5,0.055776023,0.021248009,0.034528013999999996
KT2440,2,0,1.75,0.056041623,0.021248009,0.034793614
KT2440,2,0,2.0,0.056041623,0.021248009,0.034793614
KT2440,2,0,2.25,0.059760025,0.021248009,0.038512015999999996
KT2440,2,0,2.5,0.067860828,0.021248009,0.046612819
KT2440,2,0,2.75,0.075032031,0.021248009,0.053784022
KT2440,2,0,3.0,0.086718436,0.021248009,0.065470427
KT2440,2,0,3.25,0.098139241,0.021248009,0.076891232
KT2440,2,0,3.5,0.121246451,0.021248009,0.099998442
KT2440,2,0,3.75,0.14461926,0.021248009,0.123371251
KT2440,2,0,4.0,0.186849678,0.021248009,0.16560166899999998
KT2440,2,0,4.25,0.252320105,0.021248009,0.231072096
KT2440,2,0,4.5,0.402649768,0.021248009,0.381401759
KT2440,2,0,4.75,0.76452992,0.021248009,0.743281911
KT2440,2,0,5.0,1.022693228,0.021248009,1.001445219
KT2440,2,0,5.25,1.138229276,0.021248009,1.1169812669999999
KT2440,2,0,5.5,1.207285305,0.021248009,1.186037296
KT2440,2,0,5.75,1.061205244,0.021248009,1.039957235
KT2440,2,0,6.0,1.215120508,0.021248009,1.193872499
KT2440,2,0,6.25,1.307814947,0.021248009,1.286566938
KT2440,2,0,6.5,1.276872534,0.021248009,1.255624525
KT2440,2,0,6.75,1.569563856,0.021248009,1.548315847
KT2440,2,0,7.0,1.715909517,0.021248009,1.694661508
KT2440,2,0,7.25,1.896783193,0.021248009,1.875535184
KT2440,2,0,7.5,2.089476074,0.021248009,2.068228065
KT2440,2,0,7.75,2.208996123,0.021248009,2.187748114
KT2440,2,0,8.0,2.363044188,0.021248009,2.341796179
KT2440,2,0,8.25,2.486282639,0.021248009,2.4650346300000003
KT2440,2,0,8.5,2.709386733,0.021248009,2.6881387240000003
KT2440,2,0,8.75,2.898095612,0.021248009,2.8768476030000003
KT2440,2,0,9.0,3.121730905,0.021248009,3.1004828960000004
KT2440,2,0,9.25,3.341116597,0.021248009,3.3198685880000003
KT2440,2,0,9.5,3.533809477,0.021248009,3.5125614680000004
KT2440,2,0,9.75,3.676171137,0.021248009,3.654923128
KT2440,2,0,10.0,3.880152022,0.021248009,3.858904013
KT2440,2,0,10.25,4.026497683,0.021248009,4.005249674
KT2440,2,0,10.5,4.211753761,0.021248009,4.190505752
KT2440,2,0,10.75,4.381206632,0.021248009,4.359958623
KT2440,2,0,11.0,4.515865888,0.021248009,4.494617879000001
KT2440,2,0,11.25,4.685185959,0.021248009,4.66393795
KT2440,2,0,11.5,4.866192434,0.021248009,4.844944425
KT2440,2,0,11.75,5.486368694,0.021248009,5.4651206850000005
KT2440,2,0,12.0,5.890877663,0.021248009,5.869629654000001
KT2440,2,0,12.25,5.875340056,0.021248009,5.854092047
KT2440,2,0,12.5,5.783176818,0.021248009,5.7619288090000005
KT2440,2,0,12.75,5.751836005,0.021248009,5.730587996000001
KT2440,2,0,13.0,5.463394284,0.021248009,5.442146275
KT2440,2,0,13.25,5.521295108,0.021248009,5.5000470990000006
KT2440,2,0,13.5,5.536567115,0.021248009,5.515319106000001
KT2440,2,0,13.75,5.579063132,0.021248009,5.557815123
KT2440,2,0,14.0,5.613458347,0.021248009,5.592210338
KT2440,2,0,14.25,5.652235963,0.021248009,5.630987954
KT2440,2,0,14.5,5.686763977,0.021248009,5.665515968
KT2440,2,0,14.75,5.725010393,0.021248009,5.703762384
KT2440,2,0,15.0,5.756351206,0.021248009,5.735103197
KT2440,2,0,15.25,5.509210303,0.021248009,5.487962294
KT2440,2,0,15.5,5.71717519,0.021248009,5.695927181
KT2440,2,0,15.75,5.694599181,0.021248009,5.673351172
KT2440,2,0,16.0,5.690747979,0.021248009,5.66949997
KT2440,2,0,16.25,5.690747979,0.021248009,5.66949997
KT2440,2,0,16.5,5.698450382,0.021248009,5.677202373
KT2440,2,0,16.75,5.710136787,0.021248009,5.688888778
KT2440,2,0,17.0,5.714120789,0.021248009,5.69287278
KT2440,2,0,17.25,5.71797199,0.021248009,5.696723981
KT2440,2,0,17.5,5.725674394,0.021248009,5.7044263850000005
KT2440,2,0,17.75,5.733376797,0.021248009,5.712128788
KT2440,2,0,18.0,5.737227998,0.021248009,5.715979989
KT2440,2,0,18.25,5.748516003,0.021248009,5.727267994
KT2440,2,0,18.5,5.752101605,0.021248009,5.730853596
KT2440,2,0,18.75,5.76392081,0.021248009,5.742672801
KT2440,2,0,19.0,5.767904811,0.021248009,5.746656802
KT2440,2,0,19.25,5.767904811,0.021248009,5.746656802
KT2440,2,0,19.5,5.775607215,0.021248009,5.754359206
KT2440,2,0,19.75,5.775474414,0.021248009,5.754226405
KT2440,2,0,20.0,5.783309618,0.021248009,5.762061609
KT2440,2,0,20.25,5.783176818,0.021248009,5.7619288090000005
KT2440,2,0,20.5,5.791012021,0.021248009,5.769764012
KT2440,2,0,20.75,5.790879221,0.021248009,5.769631212
KT2440,2,0,21.0,5.798581624,0.021248009,5.777333615
KT2440,2,0,21.25,5.802300026,0.021248009,5.781052017
KT2440,2,0,21.5,5.814252031,0.021248009,5.793004022
KT2440,2,0,21.75,5.814119231,0.021248009,5.7928712220000005
KT2440,2,0,22.0,5.817837632,0.021248009,5.796589623
KT2440,2,0,22.25,5.817970432,0.021248009,5.796722423
KT2440,2,0,22.5,5.818103232,0.021248009,5.796855223000001
KT2440,2,0,22.75,5.814384831,0.021248009,5.793136822
KT2440,2,0,23.0,5.822087234,0.021248009,5.800839225
KT2440,2,0,23.25,5.814252031,0.021248009,5.793004022
KT2440,2,0,23.5,5.813986431,0.021248009,5.792738422
KT2440,2,0,23.75,5.825407235,0.021248009,5.804159226
KT2440,2,0,24.0,5.821688834,0.021248009,5.800440825
KT2440,2,0,24.25,5.825672835,0.021248009,5.804424826
KT2440,2,0,24.5,5.821556034,0.021248009,5.8003080250000005
KT2440,2,0,24.75,5.829524037,0.021248009,5.808276028
KT2440,2,0,25.0,5.829391237,0.021248009,5.8081432280000005
KT2440,2,0,25.25,5.821688834,0.021248009,5.800440825
KT2440,2,0,25.5,5.821423234,0.021248009,5.800175225
KT2440,2,0,25.75,5.817704832,0.021248009,5.796456823000001
KT2440,2,0,26.0,5.817970432,0.021248009,5.796722423
KT2440,2,0,26.25,5.817837632,0.021248009,5.796589623
KT2440,2,0,26.5,5.825672835,0.021248009,5.804424826
KT2440,2,0,26.75,5.821688834,0.021248009,5.800440825
KT2440,2,0,27.0,5.81372083,0.021248009,5.7924728210000005
KT2440,2,0,27.25,5.813986431,0.021248009,5.792738422
KT2440,2,0,27.5,5.806284027,0.021248009,5.7850360180000004
KT2440,2,0,27.75,5.798714424,0.021248009,5.777466415
KT2440,2,0,28.0,5.798581624,0.021248009,5.777333615
KT2440,2,0,28.25,5.783044018,0.021248009,5.761796009
KT2440,2,0,28.5,5.767240811,0.021248009,5.745992802
KT2440,2,0,28.75,5.767506411,0.021248009,5.7462584020000005
KT2440,2,0,29.0,5.755952806,0.021248009,5.734704797
KT2440,2,0,29.25,5.752101605,0.021248009,5.730853596
KT2440,2,0,29.5,5.725143193,0.021248009,5.703895184
KT2440,2,0,29.75,5.713722389,0.021248009,5.69247438
KT2440,2,0,30.0,5.694333581,0.021248009,5.673085572000001
KT2440,2,0,30.25,5.683178376,0.021248009,5.661930367
KT2440,2,0,30.5,5.682912776,0.021248009,5.661664767
KT2440,2,0,30.75,5.671491971,0.021248009,5.650243962
KT2440,2,0,31.0,5.663656768,0.021248009,5.642408759
KT2440,2,0,31.25,5.652103163,0.021248009,5.630855154
KT2440,2,0,31.5,5.629128753,0.021248009,5.607880744
KT2440,2,0,31.75,5.617575148,0.021248009,5.5963271390000005
KT2440,2,0,32.0,5.613723947,0.021248009,5.592475938000001
KT2440,2,0,32.25,5.606021544,0.021248009,5.584773535
KT2440,2,0,32.5,5.602303142,0.021248009,5.5810551330000004
KT2440,2,0,32.75,5.590483937,0.021248009,5.569235928
KT2440,2,0,33.0,5.574946331,0.021248009,5.553698322
KT2440,2,0,33.25,5.560072724,0.021248009,5.5388247150000005
KT2440,2,0,33.5,5.54838632,0.021248009,5.527138311
KT2440,2,0,33.75,5.521427908,0.021248009,5.500179899
KT2440,2,0,34.0,5.47893189,0.021248009,5.457683881
KT2440,2,0,34.25,5.440552674,0.021248009,5.419304665
KT2440,2,0,34.5,5.38278465,0.021248009,5.361536641
KT2440,2,0,34.75,5.317314223,0.021248009,5.2960662140000005
KT2440,2,0,35.0,5.278669407,0.021248009,5.257421398
KT2440,2,0,35.25,5.216917381,0.021248009,5.195669372
KT2440,2,0,35.5,5.159414957,0.021248009,5.138166948
KT2440,2,0,35.75,5.090093328,0.021248009,5.068845319
KT2440,2,0,36.0,5.005366893,0.021248009,4.984118884
KT2440,2,0,36.25,4.916656455,0.021248009,4.895408446
KT2440,2,0,36.5,4.889698044,0.021248009,4.868450035
KT2440,2,0,36.75,4.83232842,0.021248009,4.811080411
KT2440,2,0,37.0,4.73631398,0.021248009,4.7150659710000005
KT2440,2,0,37.25,4.582000316,0.021248009,4.5607523070000004
KT2440,2,0,37.5,4.574165112,0.021248009,4.552917103
KT2440,2,0,37.75,4.562611507,0.021248009,4.541363498
KT2440,2,0,38.0,4.546675501,0.021248009,4.525427492
KT2440,2,0,38.25,4.538309097,0.021248009,4.517061088
KT2440,2,0,38.5,4.511881886,0.021248009,4.4906338770000005
KT2440,2,0,38.75,4.511483486,0.021248009,4.490235477000001
KT2440,2,0,39.0,4.499664281,0.021248009,4.4784162720000005
KT2440,2,0,39.25,4.488110676,0.021248009,4.466862667
KT2440,2,0,39.5,4.476158671,0.021248009,4.4549106620000005
KT2440,2,0,39.75,4.457035463,0.021248009,4.435787454000001
KT2440,2,0,40.0,4.436982655,0.021248009,4.415734646000001
KT2440,3,0,0.0,0.029348812,0.021248009,0.03
KT2440,3,0,0.25,0.021248009,0.021248009,0.03
KT2440,3,0,0.5,0.021248009,0.021248009,0.03
KT2440,3,0,0.75,0.036520015,0.021248009,0.03
KT2440,3,0,1.0,0.04820642,0.021248009,0.03
KT2440,3,0,1.25,0.04807362,0.021248009,0.03
KT2440,3,0,1.5,0.044222418,0.021248009,0.03
KT2440,3,0,1.75,0.036785615,0.021248009,0.03
KT2440,3,0,2.0,0.04833922,0.021248009,0.03
KT2440,3,0,2.25,0.055908823,0.021248009,0.034660814
KT2440,3,0,2.5,0.060158425,0.021248009,0.038910416
KT2440,3,0,2.75,0.075032031,0.021248009,0.053784022
KT2440,3,0,3.0,0.090569638,0.021248009,0.069321629
KT2440,3,0,3.25,0.117395249,0.021248009,0.09614724
KT2440,3,0,3.5,0.152056064,0.021248009,0.13080805499999998
KT2440,3,0,3.75,0.19083368,0.021248009,0.169585671
KT2440,3,0,4.0,0.275427315,0.021248009,0.254179306
KT2440,3,0,4.25,0.42947538,0.021248009,0.408227371
KT2440,3,0,4.5,0.699192292,0.021248009,0.677944283
KT2440,3,0,4.75,0.907024379,0.021248009,0.88577637
KT2440,3,0,5.0,1.084312453,0.021248009,1.0630644439999999
KT2440,3,0,5.25,1.192146098,0.021248009,1.170898089
KT2440,3,0,5.5,1.26890453,0.021248009,1.247656521
KT2440,3,0,5.75,1.222955711,0.021248009,1.201707702
KT2440,3,0,6.0,1.141947677,0.021248009,1.120699668
KT2440,3,0,6.25,1.180725294,0.021248009,1.159477285
KT2440,3,0,6.5,1.419366993,0.021248009,1.398118984
KT2440,3,0,6.75,1.631183082,0.021248009,1.609935073
KT2440,3,0,7.0,1.846850372,0.021248009,1.825602363
KT2440,3,0,7.25,2.054682459,0.021248009,2.03343445
KT2440,3,0,7.5,2.216565727,0.021248009,2.195317718
KT2440,3,0,7.75,2.347639381,0.021248009,2.3263913720000002
KT2440,3,0,8.0,2.505538647,0.021248009,2.484290638
KT2440,3,0,8.25,2.65573551,0.021248009,2.634487501
KT2440,3,0,8.5,2.840327587,0.021248009,2.819079578
KT2440,3,0,8.75,3.055994878,0.021248009,3.034746869
KT2440,3,0,9.0,3.268076566,0.021248009,3.246828557
KT2440,3,0,9.25,3.456652645,0.021248009,3.4354046360000003
KT2440,3,0,9.5,3.664750332,0.021248009,3.6435023230000003
KT2440,3,0,9.75,3.80326079,0.021248009,3.782012781
KT2440,3,0,10.0,3.999539272,0.021248009,3.978291263
KT2440,3,0,10.25,4.165140941,0.021248009,4.143892932
KT2440,3,0,10.5,4.334992212,0.021248009,4.313744203000001
KT2440,3,0,10.75,4.500593881,0.021248009,4.479345872000001
KT2440,3,0,11.0,4.642955541,0.021248009,4.621707532
KT2440,3,0,11.25,4.835382821,0.021248009,4.814134812
KT2440,3,0,11.5,5.35914624,0.021248009,5.3378982310000005
KT2440,3,0,11.75,5.856084048,0.021248009,5.834836039
KT2440,3,0,12.0,5.906282469,0.021248009,5.88503446
KT2440,3,0,12.25,5.744399201,0.021248009,5.723151192
KT2440,3,0,12.5,5.517443907,0.021248009,5.496195898
KT2440,3,0,12.75,5.470698287,0.021248009,5.4494502780000005
KT2440,3,0,13.0,5.521162308,0.021248009,5.499914299
KT2440,3,0,13.25,5.532848713,0.021248009,5.511600704
KT2440,3,0,13.5,5.582781534,0.021248009,5.561533525000001
KT2440,3,0,13.75,5.625277552,0.021248009,5.604029543
KT2440,3,0,14.0,5.655821564,0.021248009,5.634573555
KT2440,3,0,14.25,5.694599181,0.021248009,5.673351172
KT2440,3,0,14.5,5.721424792,0.021248009,5.700176783
KT2440,3,0,14.75,5.748117603,0.021248009,5.726869594
KT2440,3,0,15.0,5.771756013,0.021248009,5.750508004
KT2440,3,0,15.25,5.38212065,0.021248009,5.360872641
KT2440,3,0,15.5,5.736431198,0.021248009,5.715183189
KT2440,3,0,15.75,5.733111197,0.021248009,5.711863188000001
KT2440,3,0,16.0,5.736962398,0.021248009,5.715714389
KT2440,3,0,16.25,5.733111197,0.021248009,5.711863188000001
KT2440,3,0,16.5,5.729259995,0.021248009,5.708011986
KT2440,3,0,16.75,5.737095198,0.021248009,5.715847189
KT2440,3,0,17.0,5.733376797,0.021248009,5.712128788
KT2440,3,0,17.25,5.737227998,0.021248009,5.715979989
KT2440,3,0,17.5,5.7410792,0.021248009,5.719831191
KT2440,3,0,17.75,5.744930402,0.021248009,5.723682393
KT2440,3,0,18.0,5.744930402,0.021248009,5.723682393
KT2440,3,0,18.25,5.748516003,0.021248009,5.727267994
KT2440,3,0,18.5,5.752101605,0.021248009,5.730853596
KT2440,3,0,18.75,5.760069608,0.021248009,5.738821599
KT2440,3,0,19.0,5.760202408,0.021248009,5.738954399
KT2440,3,0,19.25,5.76405361,0.021248009,5.742805601000001
KT2440,3,0,19.5,5.771756013,0.021248009,5.750508004
KT2440,3,0,19.75,5.775474414,0.021248009,5.754226405
KT2440,3,0,20.0,5.783309618,0.021248009,5.762061609
KT2440,3,0,20.25,5.783176818,0.021248009,5.7619288090000005
KT2440,3,0,20.5,5.787160819,0.021248009,5.7659128100000006
KT2440,3,0,20.75,5.787028019,0.021248009,5.76578001
KT2440,3,0,21.0,5.790879221,0.021248009,5.769631212
KT2440,3,0,21.25,5.794597622,0.021248009,5.773349613000001
KT2440,3,0,21.5,5.814252031,0.021248009,5.793004022
KT2440,3,0,21.75,5.814119231,0.021248009,5.7928712220000005
KT2440,3,0,22.0,5.817837632,0.021248009,5.796589623
KT2440,3,0,22.25,5.814119231,0.021248009,5.7928712220000005
KT2440,3,0,22.5,5.806549627,0.021248009,5.785301618
KT2440,3,0,22.75,5.802831226,0.021248009,5.7815832170000006
KT2440,3,0,23.0,5.798980024,0.021248009,5.777732015
KT2440,3,0,23.25,5.810400829,0.021248009,5.78915282
KT2440,3,0,23.5,5.813986431,0.021248009,5.792738422
KT2440,3,0,23.75,5.817704832,0.021248009,5.796456823000001
KT2440,3,0,24.0,5.817837632,0.021248009,5.796589623
KT2440,3,0,24.25,5.817970432,0.021248009,5.796722423
KT2440,3,0,24.5,5.817704832,0.021248009,5.796456823000001
KT2440,3,0,24.75,5.825672835,0.021248009,5.804424826
KT2440,3,0,25.0,5.821688834,0.021248009,5.800440825
KT2440,3,0,25.25,5.829391237,0.021248009,5.8081432280000005
KT2440,3,0,25.5,5.832976838,0.021248009,5.811728829000001
KT2440,3,0,25.75,5.829258437,0.021248009,5.808010428
KT2440,3,0,26.0,5.829524037,0.021248009,5.808276028
KT2440,3,0,26.25,5.825540035,0.021248009,5.804292026000001
KT2440,3,0,26.5,5.829524037,0.021248009,5.808276028
KT2440,3,0,26.75,5.833242439,0.021248009,5.81199443
KT2440,3,0,27.0,5.832976838,0.021248009,5.811728829000001
KT2440,3,0,27.25,5.825540035,0.021248009,5.804292026000001
KT2440,3,0,27.5,5.825540035,0.021248009,5.804292026000001
KT2440,3,0,27.75,5.817970432,0.021248009,5.796722423
KT2440,3,0,28.0,5.817837632,0.021248009,5.796589623
KT2440,3,0,28.25,5.817704832,0.021248009,5.796456823000001
KT2440,3,0,28.5,5.801901625,0.021248009,5.780653616
KT2440,3,0,28.75,5.794464822,0.021248009,5.773216813
KT2440,3,0,29.0,5.786762419,0.021248009,5.765514410000001
KT2440,3,0,29.25,5.775208814,0.021248009,5.753960805
KT2440,3,0,29.5,5.755952806,0.021248009,5.734704797
KT2440,3,0,29.75,5.76378801,0.021248009,5.742540001
KT2440,3,0,30.0,5.76365521,0.021248009,5.742407201
KT2440,3,0,30.25,5.76405361,0.021248009,5.742805601000001
KT2440,3,0,30.5,5.759936808,0.021248009,5.738688799
KT2440,3,0,30.75,5.756218406,0.021248009,5.7349703970000006
KT2440,3,0,31.0,5.736829598,0.021248009,5.715581589
KT2440,3,0,31.25,5.71757359,0.021248009,5.696325581
KT2440,3,0,31.5,5.694599181,0.021248009,5.673351172
KT2440,3,0,31.75,5.694599181,0.021248009,5.673351172
KT2440,3,0,32.0,5.698450382,0.021248009,5.677202373
KT2440,3,0,32.25,5.679194374,0.021248009,5.657946365
KT2440,3,0,32.5,5.671624771,0.021248009,5.6503767620000005
KT2440,3,0,32.75,5.667507969,0.021248009,5.64625996
KT2440,3,0,33.0,5.648119161,0.021248009,5.6268711520000005
KT2440,3,0,33.25,5.640947958,0.021248009,5.619699949
KT2440,3,0,33.5,5.633112755,0.021248009,5.611864746
KT2440,3,0,33.75,5.610005545,0.021248009,5.588757536
KT2440,3,0,34.0,5.586765536,0.021248009,5.565517527
KT2440,3,0,34.25,5.544535118,0.021248009,5.523287109
KT2440,3,0,34.5,5.517576707,0.021248009,5.496328698
KT2440,3,0,34.75,5.509874303,0.021248009,5.488626294
KT2440,3,0,35.0,5.498187899,0.021248009,5.476939890000001
KT2440,3,0,35.25,5.451840679,0.021248009,5.43059267
KT2440,3,0,35.5,5.409743062,0.021248009,5.388495053000001
KT2440,3,0,35.75,5.367379844,0.021248009,5.346131835
KT2440,3,0,36.0,5.359677441,0.021248009,5.338429432
KT2440,3,0,36.25,5.301776616,0.021248009,5.280528607
KT2440,3,0,36.5,5.197794173,0.021248009,5.176546164
KT2440,3,0,36.75,5.136573347,0.021248009,5.115325338
KT2440,3,0,37.0,5.090624528,0.021248009,5.069376519
KT2440,3,0,37.25,5.028739702,0.021248009,5.007491693
KT2440,3,0,37.5,4.959285273,0.021248009,4.938037264
KT2440,3,0,37.75,4.905368451,0.021248009,4.884120442
KT2440,3,0,38.0,4.847069226,0.021248009,4.8258212170000006
KT2440,3,0,38.25,4.819446815,0.021248009,4.798198806
KT2440,3,0,38.5,4.742953983,0.021248009,4.721705974
KT2440,3,0,38.75,4.646275542,0.021248009,4.625027533
KT2440,3,0,39.0,4.534325096,0.021248009,4.513077087
KT2440,3,0,39.25,4.526622692,0.021248009,4.505374683
KT2440,3,0,39.5,4.506968284,0.021248009,4.485720275
KT2440,3,0,39.75,4.495547479,0.021248009,4.47429947
KT2440,3,0,40.0,4.479345873,0.021248009,4.458097864
KT2440,1,1,0.0,0.029348812,0.02509921,0.03
KT2440,1,1,0.25,0.032801614,0.02509921,0.03
KT2440,1,1,0.5,0.036652815,0.02509921,0.03
KT2440,1,1,0.75,0.040371217,0.02509921,0.03
KT2440,1,1,1.0,0.052057622,0.02509921,0.03
KT2440,1,1,1.25,0.051924822,0.02509921,0.03
KT2440,1,1,1.5,0.051924822,0.02509921,0.03
KT2440,1,1,1.75,0.059892825,0.02509921,0.034793615
KT2440,1,1,2.0,0.067595228,0.02509921,0.042496017999999997
KT2440,1,1,2.25,0.086718436,0.02509921,0.061619226
KT2440,1,1,2.5,0.102521643,0.02509921,0.077422433
KT2440,1,1,2.75,0.125097652,0.02509921,0.099998442
KT2440,1,1,3.0,0.159891267,0.02509921,0.134792057
KT2440,1,1,3.25,0.198270483,0.02509921,0.173171273
KT2440,1,1,3.5,0.271443313,0.02509921,0.246344103
KT2440,1,1,3.75,0.398798567,0.02509921,0.373699357
KT2440,1,1,4.0,0.606630654,0.02509921,0.581531444
KT2440,1,1,4.25,0.752976315,0.02509921,0.7278771049999999
KT2440,1,1,4.5,0.887901171,0.02509921,0.862801961
KT2440,1,1,4.75,0.995602016,0.02509921,0.9705028059999999
KT2440,1,1,5.0,1.084312453,0.02509921,1.0592132429999999
KT2440,1,1,5.25,1.180592494,0.02509921,1.155493284
KT2440,1,1,5.5,1.288160539,0.02509921,1.263061329
KT2440,1,1,5.75,1.403962187,0.02509921,1.378862977
KT2440,1,1,6.0,1.434639,0.02509921,1.40953979
KT2440,1,1,6.25,1.561994253,0.02509921,1.536895043
KT2440,1,1,6.5,1.646587888,0.02509921,1.621488678
KT2440,1,1,6.75,1.777528743,0.02509921,1.752429533
KT2440,1,1,7.0,1.96238642,0.02509921,1.93728721
KT2440,1,1,7.25,2.139408894,0.02509921,2.1143096839999997
KT2440,1,1,7.5,2.41682821,0.02509921,2.3917289999999998
KT2440,1,1,7.75,2.478580236,0.02509921,2.453481026
KT2440,1,1,8.0,2.717354736,0.02509921,2.692255526
KT2440,1,1,8.25,2.906063615,0.02509921,2.880964405
KT2440,1,1,8.5,3.082953289,0.02509921,3.057854079
KT2440,1,1,8.75,3.25240616,0.02509921,3.22730695
KT2440,1,1,9.0,3.487595058,0.02509921,3.462495848
KT2440,1,1,9.25,3.66076633,0.02509921,3.63566712
KT2440,1,1,9.5,3.880417622,0.02509921,3.855318412
KT2440,1,1,9.75,4.04203529,0.02509921,4.016936080000001
KT2440,1,1,10.0,4.222908965,0.02509921,4.197809755000001
KT2440,1,1,10.25,4.369254627,0.02509921,4.3441554170000005
KT2440,1,1,10.5,4.477486672,0.02509921,4.452387462000001
KT2440,1,1,10.75,4.619981131,0.02509921,4.594881921000001
KT2440,1,1,11.0,4.754640388,0.02509921,4.729541178000001
KT2440,1,1,11.25,4.870043636,0.02509921,4.8449444260000005
KT2440,1,1,11.5,5.0240917,0.02509921,4.99899249
KT2440,1,1,11.75,5.151314154,0.02509921,5.126214944
KT2440,1,1,12.0,5.463394284,0.02509921,5.438295074
KT2440,1,1,12.25,5.898447266,0.02509921,5.873348056
KT2440,1,1,12.5,5.902564068,0.02509921,5.877464858000001
KT2440,1,1,12.75,5.878925658,0.02509921,5.853826448
KT2440,1,1,13.0,5.555823123,0.02509921,5.530723913
KT2440,1,1,13.25,5.374949447,0.02509921,5.349850237
KT2440,1,1,13.5,5.390221453,0.02509921,5.365122243
KT2440,1,1,13.75,5.448122278,0.02509921,5.423023068
KT2440,1,1,14.0,5.509475903,0.02509921,5.484376693000001
KT2440,1,1,14.25,5.559807124,0.02509921,5.534707914
KT2440,1,1,14.5,5.59818634,0.02509921,5.57308713
KT2440,1,1,14.75,5.647986361,0.02509921,5.6228871510000005
KT2440,1,1,15.0,5.698583182,0.02509921,5.6734839720000005
KT2440,1,1,15.25,5.559275924,0.02509921,5.534176714
KT2440,1,1,15.5,5.774943214,0.02509921,5.749844004000001
KT2440,1,1,15.75,5.787028019,0.02509921,5.7619288090000005
KT2440,1,1,16.0,5.790879221,0.02509921,5.765780011
KT2440,1,1,16.25,5.802432826,0.02509921,5.777333616000001
KT2440,1,1,16.5,5.813986431,0.02509921,5.788887221
KT2440,1,1,16.75,5.833375239,0.02509921,5.808276029000001
KT2440,1,1,17.0,5.833508039,0.02509921,5.808408829
KT2440,1,1,17.25,5.83735924,0.02509921,5.81226003
KT2440,1,1,17.5,5.845061644,0.02509921,5.819962434000001
KT2440,1,1,17.75,5.852764047,0.02509921,5.827664837
KT2440,1,1,18.0,5.856615248,0.02509921,5.831516038
KT2440,1,1,18.25,5.871754455,0.02509921,5.846655245
KT2440,1,1,18.5,5.871488855,0.02509921,5.846389645
KT2440,1,1,18.75,5.879456858,0.02509921,5.854357648000001
KT2440,1,1,19.0,5.875738456,0.02509921,5.850639246
KT2440,1,1,19.25,5.875738456,0.02509921,5.850639246
KT2440,1,1,19.5,5.879589658,0.02509921,5.854490448000001
KT2440,1,1,19.75,5.887159261,0.02509921,5.862060051
KT2440,1,1,20.0,5.891143263,0.02509921,5.866044053
KT2440,1,1,20.25,5.891010463,0.02509921,5.865911253
KT2440,1,1,20.5,5.875738456,0.02509921,5.850639246
KT2440,1,1,20.75,5.867903253,0.02509921,5.842804043
KT2440,1,1,21.0,5.856349648,0.02509921,5.8312504380000005
KT2440,1,1,21.25,5.86006805,0.02509921,5.83496884
KT2440,1,1,21.5,5.887424861,0.02509921,5.862325651000001
KT2440,1,1,21.75,5.856482448,0.02509921,5.831383238000001
KT2440,1,1,22.0,5.852498447,0.02509921,5.827399237000001
KT2440,1,1,22.25,5.844928843,0.02509921,5.819829633
KT2440,1,1,22.5,5.841210442,0.02509921,5.816111232000001
KT2440,1,1,22.75,5.829789637,0.02509921,5.804690427000001
KT2440,1,1,23.0,5.829789637,0.02509921,5.804690427000001
KT2440,1,1,23.25,5.852764047,0.02509921,5.827664837
KT2440,1,1,23.5,5.875605656,0.02509921,5.850506446000001
KT2440,1,1,23.75,5.867770453,0.02509921,5.842671243000001
KT2440,1,1,24.0,5.852498447,0.02509921,5.827399237000001
KT2440,1,1,24.25,5.829524037,0.02509921,5.804424827
KT2440,1,1,24.5,5.829258437,0.02509921,5.804159227
KT2440,1,1,24.75,5.841077642,0.02509921,5.8159784320000005
KT2440,1,1,25.0,5.840944842,0.02509921,5.815845632
KT2440,1,1,25.25,5.829391237,0.02509921,5.804292027000001
KT2440,1,1,25.5,5.817572032,0.02509921,5.792472822000001
KT2440,1,1,25.75,5.794597622,0.02509921,5.769498412000001
KT2440,1,1,26.0,5.783309618,0.02509921,5.758210408
KT2440,1,1,26.25,5.779325616,0.02509921,5.754226406000001
KT2440,1,1,26.5,5.783309618,0.02509921,5.758210408
KT2440,1,1,26.75,5.752367205,0.02509921,5.727267995
KT2440,1,1,27.0,5.732845597,0.02509921,5.707746387
KT2440,1,1,27.25,5.71770639,0.02509921,5.69260718
KT2440,1,1,27.5,5.710003987,0.02509921,5.684904777000001
KT2440,1,1,27.75,5.706285586,0.02509921,5.681186376
KT2440,1,1,28.0,5.686896777,0.02509921,5.661797567000001
KT2440,1,1,28.25,5.663656768,0.02509921,5.6385575580000005
KT2440,1,1,28.5,5.632448755,0.02509921,5.607349545000001
KT2440,1,1,28.75,5.628863153,0.02509921,5.603763943000001
KT2440,1,1,29.0,5.609607145,0.02509921,5.584507935
KT2440,1,1,29.25,5.578797532,0.02509921,5.553698322000001
KT2440,1,1,29.5,5.521029508,0.02509921,5.495930298
KT2440,1,1,29.75,5.486501494,0.02509921,5.461402284
KT2440,1,1,30.0,5.444005476,0.02509921,5.4189062660000005
KT2440,1,1,30.25,5.409743062,0.02509921,5.384643852000001
KT2440,1,1,30.5,5.394072655,0.02509921,5.368973445000001
KT2440,1,1,30.75,5.371098245,0.02509921,5.345999035
KT2440,1,1,31.0,5.351709437,0.02509921,5.326610227000001
KT2440,1,1,31.25,5.336304631,0.02509921,5.311205421
KT2440,1,1,31.5,5.297925415,0.02509921,5.272826205
KT2440,1,1,31.75,5.28637181,0.02509921,5.261272600000001
KT2440,1,1,32.0,5.251710995,0.02509921,5.226611785
KT2440,1,1,32.25,5.228603786,0.02509921,5.203504576
KT2440,1,1,32.5,5.201778175,0.02509921,5.176678965000001
KT2440,1,1,32.75,5.16685176,0.02509921,5.1417525500000005
KT2440,1,1,33.0,5.120504541,0.02509921,5.095405331
KT2440,1,1,33.25,5.067118918,0.02509921,5.042019708000001
KT2440,1,1,33.5,5.024622901,0.02509921,4.999523691
KT2440,1,1,33.75,4.978408481,0.02509921,4.953309271
KT2440,1,1,34.0,4.935912463,0.02509921,4.910813253000001
KT2440,1,1,34.25,4.920640457,0.02509921,4.895541247000001
KT2440,1,1,34.5,4.859021231,0.02509921,4.833922021
KT2440,1,1,34.75,4.751187586,0.02509921,4.726088376000001
KT2440,1,1,35.0,4.674030754,0.02509921,4.648931544000001
KT2440,1,1,35.25,4.539105898,0.02509921,4.514006688
KT2440,1,1,35.5,4.535520296,0.02509921,4.510421086
KT2440,1,1,35.75,4.477752272,0.02509921,4.452653062
KT2440,1,1,36.0,4.454645062,0.02509921,4.429545852
KT2440,1,1,36.25,4.442958657,0.02509921,4.4178594470000006
KT2440,1,1,36.5,4.435256254,0.02509921,4.410157044
KT2440,1,1,36.75,4.420249848,0.02509921,4.3951506380000005
KT2440,1,1,37.0,4.408961843,0.02509921,4.383862633000001
KT2440,1,1,37.25,4.385589033,0.02509921,4.360489823
KT2440,1,1,37.5,4.373902629,0.02509921,4.348803419
KT2440,1,1,37.75,4.366200225,0.02509921,4.3411010150000005
KT2440,1,1,38.0,4.338710614,0.02509921,4.313611404
KT2440,1,1,38.25,4.318790605,0.02509921,4.293691395000001
KT2440,1,1,38.5,4.307768201,0.02509921,4.282668991
KT2440,1,1,38.75,4.291964994,0.02509921,4.266865784
KT2440,1,1,39.0,4.264740983,0.02509921,4.239641773000001
KT2440,1,1,39.25,4.264740983,0.02509921,4.239641773000001
KT2440,1,1,39.5,4.248937776,0.02509921,4.223838566
KT2440,1,1,39.75,4.229814568,0.02509921,4.2047153580000005
KT2440,1,1,40.0,4.178952147,0.02509921,4.153852937000001
KT2440,2,1,0.0,0.029348812,0.02509921,0.03
KT2440,2,1,0.25,0.02509921,0.02509921,0.03
KT2440,2,1,0.5,0.028950412,0.02509921,0.03
KT2440,2,1,0.75,0.036520015,0.02509921,0.03
KT2440,2,1,1.0,0.036652815,0.02509921,0.03
KT2440,2,1,1.25,0.04807362,0.02509921,0.03
KT2440,2,1,1.5,0.055776023,0.02509921,0.030676813
KT2440,2,1,1.75,0.063744027,0.02509921,0.038644817
KT2440,2,1,2.0,0.056041623,0.02509921,0.030942413
KT2440,2,1,2.25,0.067462428,0.02509921,0.04236321800000001
KT2440,2,1,2.5,0.079414433,0.02509921,0.05431522300000001
KT2440,2,1,2.75,0.098139241,0.02509921,0.073040031
KT2440,2,1,3.0,0.121379251,0.02509921,0.096280041
KT2440,2,1,3.25,0.14435366,0.02509921,0.11925445
KT2440,2,1,3.5,0.186716878,0.02509921,0.161617668
KT2440,2,1,3.75,0.248601704,0.02509921,0.223502494
KT2440,2,1,4.0,0.42947538,0.02509921,0.40437617000000003
KT2440,2,1,4.25,0.648993871,0.02509921,0.623894661
KT2440,2,1,4.5,0.826281945,0.02509921,0.8011827349999999
KT2440,2,1,4.75,0.964792403,0.02509921,0.939693193
KT2440,2,1,5.0,1.084312453,0.02509921,1.0592132429999999
KT2440,2,1,5.25,1.188294897,0.02509921,1.163195687
KT2440,2,1,5.5,1.303565345,0.02509921,1.278466135
KT2440,2,1,5.75,1.350045364,0.02509921,1.324946154
KT2440,2,1,6.0,1.38842458,0.02509921,1.3633253699999999
KT2440,2,1,6.25,1.450309406,0.02509921,1.4252101959999999
KT2440,2,1,6.5,1.565712655,0.02509921,1.540613445
KT2440,2,1,6.75,1.727463122,0.02509921,1.702363912
KT2440,2,1,7.0,1.893064791,0.02509921,1.867965581
KT2440,2,1,7.25,2.00846804,0.02509921,1.9833688299999999
KT2440,2,1,7.5,2.178053711,0.02509921,2.152954501
KT2440,2,1,7.75,2.366895389,0.02509921,2.341796179
KT2440,2,1,8.0,2.586413881,0.02509921,2.561314671
KT2440,2,1,8.25,2.667289115,0.02509921,2.642189905
KT2440,2,1,8.5,2.805666773,0.02509921,2.780567563
KT2440,2,1,8.75,2.994375652,0.02509921,2.969276442
KT2440,2,1,9.0,3.233415752,0.02509921,3.208316542
KT2440,2,1,9.25,3.418140629,0.02509921,3.393041419
KT2440,2,1,9.5,3.61083351,0.02509921,3.5857343
KT2440,2,1,9.75,3.760897572,0.02509921,3.735798362
KT2440,2,1,10.0,3.961027256,0.02509921,3.935928046
KT2440,2,1,10.25,4.165140941,0.02509921,4.140041731
KT2440,2,1,10.5,4.323438607,0.02509921,4.298339397
KT2440,2,1,10.75,4.47363547,0.02509921,4.44853626
KT2440,2,1,11.0,4.589038718,0.02509921,4.563939508000001
KT2440,2,1,11.25,4.696739563,0.02509921,4.671640353000001
KT2440,2,1,11.5,4.823829217,0.02509921,4.7987300070000005
KT2440,2,1,11.75,4.943349267,0.02509921,4.918250057000001
KT2440,2,1,12.0,5.055166913,0.02509921,5.030067703
KT2440,2,1,12.25,5.174421363,0.02509921,5.149322153000001
KT2440,2,1,12.5,5.394205455,0.02509921,5.369106245
KT2440,2,1,12.75,5.659407166,0.02509921,5.634307956000001
KT2440,2,1,13.0,5.994860106,0.02509921,5.969760896
KT2440,2,1,13.25,5.975736898,0.02509921,5.9506376880000005
KT2440,2,1,13.5,5.744532002,0.02509921,5.719432792
KT2440,2,1,13.75,5.563658326,0.02509921,5.538559116
KT2440,2,1,14.0,5.467112686,0.02509921,5.4420134760000005
KT2440,2,1,14.25,5.440419874,0.02509921,5.415320664
KT2440,2,1,14.5,5.459543082,0.02509921,5.434443872
KT2440,2,1,14.75,5.52474791,0.02509921,5.499648700000001
KT2440,2,1,15.0,5.575344731,0.02509921,5.550245521000001
KT2440,2,1,15.25,5.536168714,0.02509921,5.511069504000001
KT2440,2,1,15.5,5.678663174,0.02509921,5.653563964000001
KT2440,2,1,15.75,5.71770639,0.02509921,5.69260718
KT2440,2,1,16.0,5.752367205,0.02509921,5.727267995
KT2440,2,1,16.25,5.771623213,0.02509921,5.746524003
KT2440,2,1,16.5,5.790879221,0.02509921,5.765780011
KT2440,2,1,16.75,5.810268029,0.02509921,5.785168819000001
KT2440,2,1,17.0,5.818103232,0.02509921,5.793004022000001
KT2440,2,1,17.25,5.829656837,0.02509921,5.804557627
KT2440,2,1,17.5,5.833508039,0.02509921,5.808408829
KT2440,2,1,17.75,5.841210442,0.02509921,5.816111232000001
KT2440,2,1,18.0,5.845061644,0.02509921,5.819962434000001
KT2440,2,1,18.25,5.844796043,0.02509921,5.819696833
KT2440,2,1,18.5,5.840679242,0.02509921,5.815580032000001
KT2440,2,1,18.75,5.840944842,0.02509921,5.815845632
KT2440,2,1,19.0,5.841077642,0.02509921,5.8159784320000005
KT2440,2,1,19.25,5.841077642,0.02509921,5.8159784320000005
KT2440,2,1,19.5,5.83722644,0.02509921,5.812127230000001
KT2440,2,1,19.75,5.844796043,0.02509921,5.819696833
KT2440,2,1,20.0,5.848780045,0.02509921,5.823680835
KT2440,2,1,20.25,5.848647245,0.02509921,5.823548035000001
KT2440,2,1,20.5,5.852631247,0.02509921,5.827532037
KT2440,2,1,20.75,5.848647245,0.02509921,5.823548035000001
KT2440,2,1,21.0,5.856349648,0.02509921,5.8312504380000005
KT2440,2,1,21.25,5.86006805,0.02509921,5.83496884
KT2440,2,1,21.5,5.868168853,0.02509921,5.843069643000001
KT2440,2,1,21.75,5.86033365,0.02509921,5.835234440000001
KT2440,2,1,22.0,5.867903253,0.02509921,5.842804043
KT2440,2,1,22.25,5.86033365,0.02509921,5.835234440000001
KT2440,2,1,22.5,5.856615248,0.02509921,5.831516038
KT2440,2,1,22.75,5.86059925,0.02509921,5.83550004
KT2440,2,1,23.0,5.872152855,0.02509921,5.847053645000001
KT2440,2,1,23.25,5.864317652,0.02509921,5.839218442000001
KT2440,2,1,23.5,5.856349648,0.02509921,5.8312504380000005
KT2440,2,1,23.75,5.863919251,0.02509921,5.838820041000001
KT2440,2,1,24.0,5.867903253,0.02509921,5.842804043
KT2440,2,1,24.25,5.871887255,0.02509921,5.846788045
KT2440,2,1,24.5,5.871621655,0.02509921,5.846522445000001
KT2440,2,1,24.75,5.875738456,0.02509921,5.850639246
KT2440,2,1,25.0,5.864052051,0.02509921,5.838952841
KT2440,2,1,25.25,5.875605656,0.02509921,5.850506446000001
KT2440,2,1,25.5,5.871488855,0.02509921,5.846389645
KT2440,2,1,25.75,5.871621655,0.02509921,5.846522445000001
KT2440,2,1,26.0,5.871887255,0.02509921,5.846788045
KT2440,2,1,26.25,5.875605656,0.02509921,5.850506446000001
KT2440,2,1,26.5,5.879589658,0.02509921,5.854490448000001
KT2440,2,1,26.75,5.879456858,0.02509921,5.854357648000001
KT2440,2,1,27.0,5.883042459,0.02509921,5.857943249000001
KT2440,2,1,27.25,5.887159261,0.02509921,5.862060051
KT2440,2,1,27.5,5.887159261,0.02509921,5.862060051
KT2440,2,1,27.75,5.887292061,0.02509921,5.8621928510000005
KT2440,2,1,28.0,5.891010463,0.02509921,5.865911253
KT2440,2,1,28.25,5.890877663,0.02509921,5.865778453000001
KT2440,2,1,28.5,5.886628061,0.02509921,5.861528851
KT2440,2,1,28.75,5.886893661,0.02509921,5.861794451000001
KT2440,2,1,29.0,5.894596064,0.02509921,5.869496854
KT2440,2,1,29.25,5.890744863,0.02509921,5.8656456530000005
KT2440,2,1,29.5,5.879191258,0.02509921,5.854092048
KT2440,2,1,29.75,5.883175259,0.02509921,5.858076049
KT2440,2,1,30.0,5.883042459,0.02509921,5.857943249000001
KT2440,2,1,30.25,5.891143263,0.02509921,5.866044053
KT2440,2,1,30.5,5.887026461,0.02509921,5.861927251
KT2440,2,1,30.75,5.894861664,0.02509921,5.869762454
KT2440,2,1,31.0,5.887026461,0.02509921,5.861927251
KT2440,2,1,31.25,5.890877663,0.02509921,5.865778453000001
KT2440,2,1,31.5,5.88330806,0.02509921,5.8582088500000005
KT2440,2,1,31.75,5.879456858,0.02509921,5.854357648000001
KT2440,2,1,32.0,5.88330806,0.02509921,5.8582088500000005
KT2440,2,1,32.25,5.879456858,0.02509921,5.854357648000001
KT2440,2,1,32.5,5.891143263,0.02509921,5.866044053
KT2440,2,1,32.75,5.906282469,0.02509921,5.881183259
KT2440,2,1,33.0,5.898447266,0.02509921,5.873348056
KT2440,2,1,33.25,5.898978466,0.02509921,5.873879256
KT2440,2,1,33.5,5.902696868,0.02509921,5.877597658
KT2440,2,1,33.75,5.902696868,0.02509921,5.877597658
KT2440,2,1,34.0,5.902564068,0.02509921,5.877464858000001
KT2440,2,1,34.25,5.902696868,0.02509921,5.877597658
KT2440,2,1,34.5,5.910399271,0.02509921,5.885300061000001
KT2440,2,1,34.75,5.891143263,0.02509921,5.866044053
KT2440,2,1,35.0,5.844796043,0.02509921,5.819696833
KT2440,2,1,35.25,5.825407235,0.02509921,5.8003080250000005
KT2440,2,1,35.5,5.825672835,0.02509921,5.800573625
KT2440,2,1,35.75,5.821821634,0.02509921,5.796722424
KT2440,2,1,36.0,5.817970432,0.02509921,5.7928712220000005
KT2440,2,1,36.25,5.810135229,0.02509921,5.7850360190000005
KT2440,2,1,36.5,5.802432826,0.02509921,5.777333616000001
KT2440,2,1,36.75,5.798980024,0.02509921,5.773880814
KT2440,2,1,37.0,5.795394423,0.02509921,5.770295213000001
KT2440,2,1,37.25,5.795128823,0.02509921,5.770029613
KT2440,2,1,37.5,5.775740015,0.02509921,5.750640805000001
KT2440,2,1,37.75,5.771888813,0.02509921,5.746789603000001
KT2440,2,1,38.0,5.752101605,0.02509921,5.727002395
KT2440,2,1,38.25,5.736032798,0.02509921,5.7109335880000005
KT2440,2,1,38.5,5.721159192,0.02509921,5.696059982
KT2440,2,1,38.75,5.71690959,0.02509921,5.691810380000001
KT2440,2,1,39.0,5.705090385,0.02509921,5.6799911750000005
KT2440,2,1,39.25,5.69353678,0.02509921,5.66843757
KT2440,2,1,39.5,5.677733574,0.02509921,5.652634364000001
KT2440,2,1,39.75,5.67016397,0.02509921,5.64506476
KT2440,2,1,40.0,5.650111162,0.02509921,5.625011952
KT2440,3,1,0.0,0.029348812,0.02509921,0.03
KT2440,3,1,0.25,0.02509921,0.02509921,0.03
KT2440,3,1,0.5,0.02509921,0.02509921,0.03
KT2440,3,1,0.75,0.032668814,0.02509921,0.03
KT2440,3,1,1.0,0.044355219,0.02509921,0.03
KT2440,3,1,1.25,0.04807362,0.02509921,0.03
KT2440,3,1,1.5,0.04807362,0.02509921,0.03
KT2440,3,1,1.75,0.052190422,0.02509921,0.03
KT2440,3,1,2.0,0.059892825,0.02509921,0.034793615
KT2440,3,1,2.25,0.063611227,0.02509921,0.03851201700000001
KT2440,3,1,2.5,0.087116836,0.02509921,0.062017626000000006
KT2440,3,1,2.75,0.117395249,0.02509921,0.092296039
KT2440,3,1,3.0,0.14448646,0.02509921,0.11938725000000001
KT2440,3,1,3.25,0.186716878,0.02509921,0.161617668
KT2440,3,1,3.5,0.271443313,0.02509921,0.246344103
KT2440,3,1,3.75,0.42960818,0.02509921,0.40450897
KT2440,3,1,4.0,0.625886662,0.02509921,0.6007874519999999
KT2440,3,1,4.25,0.783785928,0.02509921,0.758686718
KT2440,3,1,4.5,0.903305978,0.02509921,0.878206768
KT2440,3,1,4.75,1.014858024,0.02509921,0.989758814
KT2440,3,1,5.0,1.122824469,0.02509921,1.097725259
KT2440,3,1,5.25,1.226806913,0.02509921,1.201707703
KT2440,3,1,5.5,1.345928563,0.02509921,1.320829353
KT2440,3,1,5.75,1.31538455,0.02509921,1.29028534
KT2440,3,1,6.0,1.396126984,0.02509921,1.3710277739999999
KT2440,3,1,6.25,1.515779834,0.02509921,1.490680624
KT2440,3,1,6.5,1.669695098,0.02509921,1.644595888
KT2440,3,1,6.75,1.873808783,0.02509921,1.848709573
KT2440,3,1,7.0,2.039410453,0.02509921,2.014311243
KT2440,3,1,7.25,2.131706491,0.02509921,2.106607281
KT2440,3,1,7.5,2.362911388,0.02509921,2.337812178
KT2440,3,1,7.75,2.586413881,0.02509921,2.561314671
KT2440,3,1,8.0,2.728908341,0.02509921,2.703809131
KT2440,3,1,8.25,2.859849196,0.02509921,2.834749986
KT2440,3,1,8.5,3.071399684,0.02509921,3.046300474
KT2440,3,1,8.75,3.210042942,0.02509921,3.184943732
KT2440,3,1,9.0,3.46833905,0.02509921,3.44323984
KT2440,3,1,9.25,3.610700709,0.02509921,3.585601499
KT2440,3,1,9.5,3.822649598,0.02509921,3.797550388
KT2440,3,1,9.75,3.94575525,0.02509921,3.92065604
KT2440,3,1,10.0,4.118926522,0.02509921,4.093827312
KT2440,3,1,10.25,4.346147417,0.02509921,4.3210482070000005
KT2440,3,1,10.5,4.465933067,0.02509921,4.440833857
KT2440,3,1,10.75,4.566064309,0.02509921,4.540965099
KT2440,3,1,11.0,4.693021162,0.02509921,4.667921952
KT2440,3,1,11.25,4.83153162,0.02509921,4.80643241
KT2440,3,1,11.5,4.931662862,0.02509921,4.906563652
KT2440,3,1,11.75,5.035778105,0.02509921,5.010678895000001
KT2440,3,1,12.0,5.151446954,0.02509921,5.126347744
KT2440,3,1,12.25,5.262999,0.02509921,5.23789979
KT2440,3,1,12.5,5.532848713,0.02509921,5.507749503
KT2440,3,1,12.75,5.821157634,0.02509921,5.796058424000001
KT2440,3,1,13.0,6.006413711,0.02509921,5.981314501000001
KT2440,3,1,13.25,6.010397713,0.02509921,5.985298503
KT2440,3,1,13.5,5.890877663,0.02509921,5.865778453000001
KT2440,3,1,13.75,5.663789568,0.02509921,5.638690358000001
KT2440,3,1,14.0,5.590351137,0.02509921,5.565251927
KT2440,3,1,14.25,5.451973479,0.02509921,5.426874269000001
KT2440,3,1,14.5,5.521162308,0.02509921,5.4960630980000005
KT2440,3,1,14.75,5.570962329,0.02509921,5.545863119000001
KT2440,3,1,15.0,5.617707948,0.02509921,5.592608738
KT2440,3,1,15.25,5.582383134,0.02509921,5.557283924
KT2440,3,1,15.5,5.697919182,0.02509921,5.672819972
KT2440,3,1,15.75,5.733111197,0.02509921,5.708011987000001
KT2440,3,1,16.0,5.76392081,0.02509921,5.7388216000000005
KT2440,3,1,16.25,5.779325616,0.02509921,5.754226406000001
KT2440,3,1,16.5,5.794730422,0.02509921,5.769631212
KT2440,3,1,16.75,5.814119231,0.02509921,5.789020021000001
KT2440,3,1,17.0,5.818103232,0.02509921,5.793004022000001
KT2440,3,1,17.25,5.825805635,0.02509921,5.800706425
KT2440,3,1,17.5,5.833508039,0.02509921,5.808408829
KT2440,3,1,17.75,5.83735924,0.02509921,5.81226003
KT2440,3,1,18.0,5.845061644,0.02509921,5.819962434000001
KT2440,3,1,18.25,5.848647245,0.02509921,5.823548035000001
KT2440,3,1,18.5,5.840679242,0.02509921,5.815580032000001
KT2440,3,1,18.75,5.844796043,0.02509921,5.819696833
KT2440,3,1,19.0,5.848780045,0.02509921,5.823680835
KT2440,3,1,19.25,5.852631247,0.02509921,5.827532037
KT2440,3,1,19.5,5.852631247,0.02509921,5.827532037
KT2440,3,1,19.75,5.856349648,0.02509921,5.8312504380000005
KT2440,3,1,20.0,5.86033365,0.02509921,5.835234440000001
KT2440,3,1,20.25,5.86020085,0.02509921,5.83510164
KT2440,3,1,20.5,5.86033365,0.02509921,5.835234440000001
KT2440,3,1,20.75,5.856349648,0.02509921,5.8312504380000005
KT2440,3,1,21.0,5.856349648,0.02509921,5.8312504380000005
KT2440,3,1,21.25,5.863919251,0.02509921,5.838820041000001
KT2440,3,1,21.5,5.864317652,0.02509921,5.839218442000001
KT2440,3,1,21.75,5.86033365,0.02509921,5.835234440000001
KT2440,3,1,22.0,5.871754455,0.02509921,5.846655245
KT2440,3,1,22.25,5.864184852,0.02509921,5.839085642000001
KT2440,3,1,22.5,5.86046645,0.02509921,5.83536724
KT2440,3,1,22.75,5.852896847,0.02509921,5.827797637000001
KT2440,3,1,23.0,5.86059925,0.02509921,5.83550004
KT2440,3,1,23.25,5.864317652,0.02509921,5.839218442000001
KT2440,3,1,23.5,5.86020085,0.02509921,5.83510164
KT2440,3,1,23.75,5.863919251,0.02509921,5.838820041000001
KT2440,3,1,24.0,5.864052051,0.02509921,5.838952841
KT2440,3,1,24.25,5.864184852,0.02509921,5.839085642000001
KT2440,3,1,24.5,5.863919251,0.02509921,5.838820041000001
KT2440,3,1,24.75,5.871887255,0.02509921,5.846788045
KT2440,3,1,25.0,5.864052051,0.02509921,5.838952841
KT2440,3,1,25.25,5.867903253,0.02509921,5.842804043
KT2440,3,1,25.5,5.871488855,0.02509921,5.846389645
KT2440,3,1,25.75,5.867770453,0.02509921,5.842671243000001
KT2440,3,1,26.0,5.868036053,0.02509921,5.842936843
KT2440,3,1,26.25,5.871754455,0.02509921,5.846655245
KT2440,3,1,26.5,5.875738456,0.02509921,5.850639246
KT2440,3,1,26.75,5.875605656,0.02509921,5.850506446000001
KT2440,3,1,27.0,5.875340056,0.02509921,5.850240846
KT2440,3,1,27.25,5.879456858,0.02509921,5.854357648000001
KT2440,3,1,27.5,5.879456858,0.02509921,5.854357648000001
KT2440,3,1,27.75,5.879589658,0.02509921,5.854490448000001
KT2440,3,1,28.0,5.875605656,0.02509921,5.850506446000001
KT2440,3,1,28.25,5.887026461,0.02509921,5.861927251
KT2440,3,1,28.5,5.875074456,0.02509921,5.8499752460000005
KT2440,3,1,28.75,5.875340056,0.02509921,5.850240846
KT2440,3,1,29.0,5.883042459,0.02509921,5.857943249000001
KT2440,3,1,29.25,5.883042459,0.02509921,5.857943249000001
KT2440,3,1,29.5,5.871488855,0.02509921,5.846389645
KT2440,3,1,29.75,5.879324058,0.02509921,5.854224848
KT2440,3,1,30.0,5.875340056,0.02509921,5.850240846
KT2440,3,1,30.25,5.871887255,0.02509921,5.846788045
KT2440,3,1,30.5,5.875472856,0.02509921,5.850373646
KT2440,3,1,30.75,5.879456858,0.02509921,5.854357648000001
KT2440,3,1,31.0,5.871621655,0.02509921,5.846522445000001
KT2440,3,1,31.25,5.875472856,0.02509921,5.850373646
KT2440,3,1,31.5,5.871754455,0.02509921,5.846655245
KT2440,3,1,31.75,5.875605656,0.02509921,5.850506446000001
KT2440,3,1,32.0,5.879456858,0.02509921,5.854357648000001
KT2440,3,1,32.25,5.875605656,0.02509921,5.850506446000001
KT2440,3,1,32.5,5.88344086,0.02509921,5.858341650000001
KT2440,3,1,32.75,5.890877663,0.02509921,5.865778453000001
KT2440,3,1,33.0,5.875340056,0.02509921,5.850240846
KT2440,3,1,33.25,5.872020055,0.02509921,5.8469208450000005
KT2440,3,1,33.5,5.871887255,0.02509921,5.846788045
KT2440,3,1,33.75,5.864184852,0.02509921,5.839085642000001
KT2440,3,1,34.0,5.864052051,0.02509921,5.838952841
KT2440,3,1,34.25,5.86033365,0.02509921,5.835234440000001
KT2440,3,1,34.5,5.856482448,0.02509921,5.831383238000001
KT2440,3,1,34.75,5.86033365,0.02509921,5.835234440000001
KT2440,3,1,35.0,5.852498447,0.02509921,5.827399237000001
KT2440,3,1,35.25,5.867770453,0.02509921,5.842671243000001
KT2440,3,1,35.5,5.871887255,0.02509921,5.846788045
KT2440,3,1,35.75,5.879589658,0.02509921,5.854490448000001
KT2440,3,1,36.0,5.875738456,0.02509921,5.850639246
KT2440,3,1,36.25,5.867903253,0.02509921,5.842804043
KT2440,3,1,36.5,5.86020085,0.02509921,5.83510164
KT2440,3,1,36.75,5.872152855,0.02509921,5.847053645000001
KT2440,3,1,37.0,5.864716052,0.02509921,5.839616842000001
KT2440,3,1,37.25,5.852896847,0.02509921,5.827797637000001
KT2440,3,1,37.5,5.841210442,0.02509921,5.816111232000001
KT2440,3,1,37.75,5.848912845,0.02509921,5.8238136350000005
KT2440,3,1,38.0,5.848381645,0.02509921,5.823282435
KT2440,3,1,38.25,5.840015241,0.02509921,5.814916031
KT2440,3,1,38.5,5.825141635,0.02509921,5.800042425
KT2440,3,1,38.75,5.817040832,0.02509921,5.791941622
KT2440,3,1,39.0,5.797519224,0.02509921,5.772420014000001
KT2440,3,1,39.25,5.78981682,0.02509921,5.764717610000001
KT2440,3,1,39.5,5.758608807,0.02509921,5.733509597
KT2440,3,1,39.75,5.762592809,0.02509921,5.737493599
KT2440,3,1,40.0,5.750242404,0.02509921,5.725143194
KT2440,1,2,0.0,0.025497611,0.021248009,0.03
KT2440,1,2,0.25,0.02509921,0.021248009,0.03
KT2440,1,2,0.5,0.021248009,0.021248009,0.03
KT2440,1,2,0.75,0.032668814,0.021248009,0.03
KT2440,1,2,1.0,0.052057622,0.021248009,0.030809612999999996
KT2440,1,2,1.25,0.055776023,0.021248009,0.034528013999999996
KT2440,1,2,1.5,0.063478427,0.021248009,0.042230418000000006
KT2440,1,2,1.75,0.07144643,0.021248009,0.05019842100000001
KT2440,1,2,2.0,0.079148833,0.021248009,0.057900824000000004
KT2440,1,2,2.25,0.094420839,0.021248009,0.07317283000000001
KT2440,1,2,2.5,0.129480054,0.021248009,0.10823204500000001
KT2440,1,2,2.75,0.16746087,0.021248009,0.146212861
KT2440,1,2,3.0,0.202254485,0.021248009,0.181006476
KT2440,1,2,3.25,0.267592112,0.021248009,0.24634410299999998
KT2440,1,2,3.5,0.40623537,0.021248009,0.384987361
KT2440,1,2,3.75,0.545144228,0.021248009,0.5238962189999999
KT2440,1,2,4.0,0.679803484,0.021248009,0.658555475
KT2440,1,2,4.25,0.787637129,0.021248009,0.76638912
KT2440,1,2,4.5,0.895603574,0.021248009,0.874355565
KT2440,1,2,4.75,0.984048411,0.021248009,0.9628004019999999
KT2440,1,2,5.0,1.07661005,0.021248009,1.055362041
KT2440,1,2,5.25,1.161336485,0.021248009,1.140088476
KT2440,1,2,5.5,1.249648522,0.021248009,1.228400513
KT2440,1,2,5.75,1.334640558,0.021248009,1.313392549
KT2440,1,2,6.0,1.426936597,0.021248009,1.405688588
KT2440,1,2,6.25,1.573547858,0.021248009,1.552299849
KT2440,1,2,6.5,1.619629477,0.021248009,1.598381468
KT2440,1,2,6.75,1.76982634,0.021248009,1.748578331
KT2440,1,2,7.0,1.885362388,0.021248009,1.8641143789999999
KT2440,1,2,7.25,2.073938467,0.021248009,2.0526904580000003
KT2440,1,2,7.5,2.270482549,0.021248009,2.2492345400000002
KT2440,1,2,7.75,2.409258607,0.021248009,2.388010598
KT2440,1,2,8.0,2.601818688,0.021248009,2.580570679
KT2440,1,2,8.25,2.805932373,0.021248009,2.7846843640000003
KT2440,1,2,8.5,3.005929257,0.021248009,2.9846812480000002
KT2440,1,2,8.75,3.179233329,0.021248009,3.1579853200000003
KT2440,1,2,9.0,3.449083042,0.021248009,3.427835033
KT2440,1,2,9.25,3.610700709,0.021248009,3.5894527000000003
KT2440,1,2,9.5,3.811095993,0.021248009,3.789847984
KT2440,1,2,9.75,4.003523274,0.021248009,3.982275265
KT2440,1,2,10.0,4.215206562,0.021248009,4.193958553
KT2440,1,2,10.25,4.380808231,0.021248009,4.359560222
KT2440,1,2,10.5,4.523701091,0.021248009,4.502453082000001
KT2440,1,2,10.75,4.654641946,0.021248009,4.633393937
KT2440,1,2,11.0,4.750789186,0.021248009,4.729541177000001
KT2440,1,2,11.25,4.877746039,0.021248009,4.85649803
KT2440,1,2,11.5,5.027942902,0.021248009,5.006694893000001
KT2440,1,2,11.75,5.124355742,0.021248009,5.103107733
KT2440,1,2,12.0,5.232322187,0.021248009,5.2110741780000005
KT2440,1,2,12.25,5.528731911,0.021248009,5.507483902000001
KT2440,1,2,12.5,5.921820076,0.021248009,5.900572067000001
KT2440,1,2,12.75,6.040676125,0.021248009,6.019428116
KT2440,1,2,13.0,6.014116114,0.021248009,5.992868105
KT2440,1,2,13.25,5.748516003,0.021248009,5.727267994
KT2440,1,2,13.5,5.401775058,0.021248009,5.380527049
KT2440,1,2,13.75,5.390354253,0.021248009,5.369106244
KT2440,1,2,14.0,5.432451871,0.021248009,5.411203862
KT2440,1,2,14.25,5.490485495,0.021248009,5.469237486
KT2440,1,2,14.5,5.548120719,0.021248009,5.52687271
KT2440,1,2,14.75,5.594069539,0.021248009,5.572821530000001
KT2440,1,2,15.0,5.640815158,0.021248009,5.619567149
KT2440,1,2,15.25,5.513061505,0.021248009,5.491813496
KT2440,1,2,15.5,5.744133601,0.021248009,5.722885592
KT2440,1,2,15.75,5.76392081,0.021248009,5.742672801
KT2440,1,2,16.0,5.775474414,0.021248009,5.754226405
KT2440,1,2,16.25,5.798581624,0.021248009,5.777333615
KT2440,1,2,16.5,5.817837632,0.021248009,5.796589623
KT2440,1,2,16.75,5.833375239,0.021248009,5.812127230000001
KT2440,1,2,17.0,5.83735924,0.021248009,5.816111231
KT2440,1,2,17.25,5.848912845,0.021248009,5.827664836
KT2440,1,2,17.5,5.856615248,0.021248009,5.835367239
KT2440,1,2,17.75,5.868168853,0.021248009,5.8469208440000005
KT2440,1,2,18.0,5.872020055,0.021248009,5.850772046
KT2440,1,2,18.25,5.879456858,0.021248009,5.858208849
KT2440,1,2,18.5,5.883042459,0.021248009,5.8617944500000005
KT2440,1,2,18.75,5.88330806,0.021248009,5.862060051
KT2440,1,2,19.0,5.88344086,0.021248009,5.8621928510000005
KT2440,1,2,19.25,5.887292061,0.021248009,5.866044052
KT2440,1,2,19.5,5.887292061,0.021248009,5.866044052
KT2440,1,2,19.75,5.887159261,0.021248009,5.865911252
KT2440,1,2,20.0,5.898845666,0.021248009,5.877597657
KT2440,1,2,20.25,5.898712866,0.021248009,5.8774648570000005
KT2440,1,2,20.5,5.898845666,0.021248009,5.877597657
KT2440,1,2,20.75,5.894861664,0.021248009,5.873613655
KT2440,1,2,21.0,5.894861664,0.021248009,5.873613655
KT2440,1,2,21.25,5.898580066,0.021248009,5.877332057
KT2440,1,2,21.5,5.895127264,0.021248009,5.873879255
KT2440,1,2,21.75,5.88344086,0.021248009,5.8621928510000005
KT2440,1,2,22.0,5.902564068,0.021248009,5.881316059
KT2440,1,2,22.25,5.906548069,0.021248009,5.8853000600000005
KT2440,1,2,22.5,5.910532071,0.021248009,5.889284062000001
KT2440,1,2,22.75,5.902962468,0.021248009,5.881714459
KT2440,1,2,23.0,5.895260065,0.021248009,5.874012056000001
KT2440,1,2,23.25,5.887424861,0.021248009,5.866176852000001
KT2440,1,2,23.5,5.879456858,0.021248009,5.858208849
KT2440,1,2,23.75,5.875472856,0.021248009,5.854224847
KT2440,1,2,24.0,5.86020085,0.021248009,5.838952841
KT2440,1,2,24.25,5.848780045,0.021248009,5.827532036
KT2440,1,2,24.5,5.833109639,0.021248009,5.81186163
KT2440,1,2,24.75,5.829524037,0.021248009,5.808276028
KT2440,1,2,25.0,5.813986431,0.021248009,5.792738422
KT2440,1,2,25.25,5.802432826,0.021248009,5.781184817000001
KT2440,1,2,25.5,5.775208814,0.021248009,5.753960805
KT2440,1,2,25.75,5.759936808,0.021248009,5.738688799
KT2440,1,2,26.0,5.737095198,0.021248009,5.715847189
KT2440,1,2,26.25,5.729259995,0.021248009,5.708011986
KT2440,1,2,26.5,5.729392795,0.021248009,5.708144786
KT2440,1,2,26.75,5.713855189,0.021248009,5.69260718
KT2440,1,2,27.0,5.713589589,0.021248009,5.69234158
KT2440,1,2,27.25,5.706152785,0.021248009,5.684904776
KT2440,1,2,27.5,5.702301584,0.021248009,5.681053575
KT2440,1,2,27.75,5.683178376,0.021248009,5.661930367
KT2440,1,2,28.0,5.671491971,0.021248009,5.650243962
KT2440,1,2,28.25,5.64440076,0.021248009,5.623152751
KT2440,1,2,28.5,5.601639142,0.021248009,5.580391133
KT2440,1,2,28.75,5.574946331,0.021248009,5.553698322
KT2440,1,2,29.0,5.563392726,0.021248009,5.542144717
KT2440,1,2,29.25,5.52488071,0.021248009,5.503632701
KT2440,1,2,29.5,5.463261484,0.021248009,5.442013475
KT2440,1,2,29.75,5.455691881,0.021248009,5.434443872
KT2440,1,2,30.0,5.444005476,0.021248009,5.422757467
KT2440,1,2,30.25,5.421296666,0.021248009,5.400048657
KT2440,1,2,30.5,5.40562626,0.021248009,5.384378251
KT2440,1,2,30.75,5.394205455,0.021248009,5.372957446
KT2440,1,2,31.0,5.359411841,0.021248009,5.338163832
KT2440,1,2,31.25,5.328602228,0.021248009,5.3073542190000005
KT2440,1,2,31.5,5.305627818,0.021248009,5.284379809
KT2440,1,2,31.75,5.270967004,0.021248009,5.249718995
KT2440,1,2,32.0,5.259413399,0.021248009,5.23816539
KT2440,1,2,32.25,5.217050181,0.021248009,5.1958021720000005
KT2440,1,2,32.5,5.182522167,0.021248009,5.161274158
KT2440,1,2,32.75,5.16685176,0.021248009,5.145603751
KT2440,1,2,33.0,5.132058145,0.021248009,5.1108101360000004
KT2440,1,2,33.25,5.063267717,0.021248009,5.042019708
KT2440,1,2,33.5,5.020771699,0.021248009,4.99952369
KT2440,1,2,33.75,4.982259683,0.021248009,4.961011674
KT2440,1,2,34.0,4.947466068,0.021248009,4.926218059
KT2440,1,2,34.25,4.909086852,0.021248009,4.887838843
KT2440,1,2,34.5,4.851318828,0.021248009,4.830070819
KT2440,1,2,34.75,4.828211618,0.021248009,4.806963609
KT2440,1,2,35.0,4.789566802,0.021248009,4.768318793000001
KT2440,1,2,35.25,4.747070785,0.021248009,4.725822776
KT2440,1,2,35.5,4.701121965,0.021248009,4.679873956
KT2440,1,2,35.75,4.651056344,0.021248009,4.629808335
KT2440,1,2,36.0,4.543222699,0.021248009,4.52197469
KT2440,1,2,36.25,4.454512262,0.021248009,4.433264253
KT2440,1,2,36.5,4.435256254,0.021248009,4.414008245
KT2440,1,2,36.75,4.408696243,0.021248009,4.387448234
KT2440,1,2,37.0,4.393557037,0.021248009,4.372309028
KT2440,1,2,37.25,4.374035429,0.021248009,4.35278742
KT2440,1,2,37.5,4.362349024,0.021248009,4.3411010150000005
KT2440,1,2,37.75,4.346944217,0.021248009,4.325696208
KT2440,1,2,38.0,4.342561815,0.021248009,4.321313806
KT2440,1,2,38.25,4.303385799,0.021248009,4.28213779
KT2440,1,2,38.5,4.296214596,0.021248009,4.274966587000001
KT2440,1,2,38.75,4.261155381,0.021248009,4.239907372
KT2440,1,2,39.0,4.25703858,0.021248009,4.235790571
KT2440,1,2,39.25,4.23393137,0.021248009,4.212683361
KT2440,1,2,39.5,4.221979365,0.021248009,4.200731356
KT2440,1,2,39.75,4.202856157,0.021248009,4.1816081480000005
KT2440,1,2,40.0,4.175100945,0.021248009,4.153852936
KT2440,2,2,0.0,0.025497611,0.021248009,0.03
KT2440,2,2,0.25,0.021248009,0.021248009,0.03
KT2440,2,2,0.5,0.021248009,0.021248009,0.03
KT2440,2,2,0.75,0.028817612,0.021248009,0.03
KT2440,2,2,1.0,0.036652815,0.021248009,0.03
KT2440,2,2,1.25,0.04807362,0.021248009,0.03
KT2440,2,2,1.5,0.051924822,0.021248009,0.030676813
KT2440,2,2,1.75,0.063744027,0.021248009,0.042496017999999997
KT2440,2,2,2.0,0.07144643,0.021248009,0.05019842100000001
KT2440,2,2,2.25,0.079016033,0.021248009,0.057768024
KT2440,2,2,2.5,0.090968038,0.021248009,0.069720029
KT2440,2,2,2.75,0.105841644,0.021248009,0.084593635
KT2440,2,2,3.0,0.125230452,0.021248009,0.103982443
KT2440,2,2,3.25,0.194419281,0.021248009,0.173171272
KT2440,2,2,3.5,0.313806531,0.021248009,0.292558522
KT2440,2,2,3.75,0.421905776,0.021248009,0.400657767
KT2440,2,2,4.0,0.583523444,0.021248009,0.562275435
KT2440,2,2,4.25,0.714464299,0.021248009,0.69321629
KT2440,2,2,4.5,0.83783555,0.021248009,0.816587541
KT2440,2,2,4.75,0.937833992,0.021248009,0.9165859829999999
KT2440,2,2,5.0,1.022693228,0.021248009,1.001445219
KT2440,2,2,5.25,1.161336485,0.021248009,1.140088476
KT2440,2,2,5.5,1.342077361,0.021248009,1.320829352
KT2440,2,2,5.75,1.342342961,0.021248009,1.321094952
KT2440,2,2,6.0,1.426936597,0.021248009,1.405688588
KT2440,2,2,6.25,1.515779834,0.021248009,1.494531825
KT2440,2,2,6.5,1.584968663,0.021248009,1.563720654
KT2440,2,2,6.75,1.712058316,0.021248009,1.690810307
KT2440,2,2,7.0,1.816040759,0.021248009,1.79479275
KT2440,2,2,7.25,2.004616838,0.021248009,1.983368829
KT2440,2,2,7.5,2.22426813,0.021248009,2.203020121
KT2440,2,2,7.75,2.34378818,0.021248009,2.3225401710000004
KT2440,2,2,8.0,2.540199462,0.021248009,2.518951453
KT2440,2,2,8.25,2.744313147,0.021248009,2.7230651380000004
KT2440,2,2,8.5,2.932756426,0.021248009,2.9115084170000003
KT2440,2,2,8.75,3.163828523,0.021248009,3.142580514
KT2440,2,2,9.0,3.329695792,0.021248009,3.308447783
KT2440,2,2,9.25,3.552932685,0.021248009,3.5316846760000002
KT2440,2,2,9.5,3.691708743,0.021248009,3.670460734
KT2440,2,2,9.75,3.89954083,0.021248009,3.878292821
KT2440,2,2,10.0,4.04190249,0.021248009,4.020654481
KT2440,2,2,10.25,4.184396949,0.021248009,4.16314894
KT2440,2,2,10.5,4.338843414,0.021248009,4.3175954050000005
KT2440,2,2,10.75,4.489040277,0.021248009,4.467792268
KT2440,2,2,11.0,4.585187517,0.021248009,4.563939508
KT2440,2,2,11.25,4.715995572,0.021248009,4.694747563
KT2440,2,2,11.5,4.850787628,0.021248009,4.829539619
KT2440,2,2,11.75,4.943349267,0.021248009,4.9221012580000005
KT2440,2,2,12.0,5.07057172,0.021248009,5.049323711
KT2440,2,2,12.25,5.193677371,0.021248009,5.172429362
KT2440,2,2,12.5,5.274818205,0.021248009,5.253570196
KT2440,2,2,12.75,5.566978327,0.021248009,5.545730318
KT2440,2,2,13.0,5.890877663,0.021248009,5.869629654000001
KT2440,2,2,13.25,6.033504922,0.021248009,6.012256913
KT2440,2,2,13.5,6.029520921,0.021248009,6.008272912
KT2440,2,2,13.75,5.917968874,0.021248009,5.896720865
KT2440,2,2,14.0,5.532583113,0.021248009,5.5113351040000005
KT2440,2,2,14.25,5.471229487,0.021248009,5.449981478
KT2440,2,2,14.5,5.432584671,0.021248009,5.411336662
KT2440,2,2,14.75,5.486235894,0.021248009,5.464987885
KT2440,2,2,15.0,5.521427908,0.021248009,5.500179899
KT2440,2,2,15.25,5.5015079,0.021248009,5.480259891
KT2440,2,2,15.5,5.632448755,0.021248009,5.611200746000001
KT2440,2,2,15.75,5.683045576,0.021248009,5.661797567
KT2440,2,2,16.0,5.721557592,0.021248009,5.700309583
KT2440,2,2,16.25,5.744664802,0.021248009,5.723416793
KT2440,2,2,16.5,5.771623213,0.021248009,5.750375204
KT2440,2,2,16.75,5.794863223,0.021248009,5.773615214
KT2440,2,2,17.0,5.806549627,0.021248009,5.785301618
KT2440,2,2,17.25,5.821954434,0.021248009,5.800706425
KT2440,2,2,17.5,5.833508039,0.021248009,5.81226003
KT2440,2,2,17.75,5.833508039,0.021248009,5.81226003
KT2440,2,2,18.0,5.845061644,0.021248009,5.8238136350000005
KT2440,2,2,18.25,5.844796043,0.021248009,5.823548034
KT2440,2,2,18.5,5.844530443,0.021248009,5.823282434
KT2440,2,2,18.75,5.848647245,0.021248009,5.827399236000001
KT2440,2,2,19.0,5.856482448,0.021248009,5.835234439000001
KT2440,2,2,19.25,5.852631247,0.021248009,5.831383238
KT2440,2,2,19.5,5.848780045,0.021248009,5.827532036
KT2440,2,2,19.75,5.856349648,0.021248009,5.835101639
KT2440,2,2,20.0,5.856482448,0.021248009,5.835234439000001
KT2440,2,2,20.25,5.856349648,0.021248009,5.835101639
KT2440,2,2,20.5,5.856482448,0.021248009,5.835234439000001
KT2440,2,2,20.75,5.856349648,0.021248009,5.835101639
KT2440,2,2,21.0,5.856349648,0.021248009,5.835101639
KT2440,2,2,21.25,5.86006805,0.021248009,5.838820041
KT2440,2,2,21.5,5.864317652,0.021248009,5.843069643000001
KT2440,2,2,21.75,5.864184852,0.021248009,5.842936843
KT2440,2,2,22.0,5.86020085,0.021248009,5.838952841
KT2440,2,2,22.25,5.864184852,0.021248009,5.842936843
KT2440,2,2,22.5,5.86046645,0.021248009,5.839218441
KT2440,2,2,22.75,5.86059925,0.021248009,5.839351241
KT2440,2,2,23.0,5.864450452,0.021248009,5.843202443
KT2440,2,2,23.25,5.864317652,0.021248009,5.843069643000001
KT2440,2,2,23.5,5.864052051,0.021248009,5.842804042
KT2440,2,2,23.75,5.863919251,0.021248009,5.842671242000001
KT2440,2,2,24.0,5.867903253,0.021248009,5.846655244
KT2440,2,2,24.25,5.868036053,0.021248009,5.846788044
KT2440,2,2,24.5,5.863919251,0.021248009,5.842671242000001
KT2440,2,2,24.75,5.875738456,0.021248009,5.854490447
KT2440,2,2,25.0,5.871754455,0.021248009,5.850506446
KT2440,2,2,25.25,5.871754455,0.021248009,5.850506446
KT2440,2,2,25.5,5.879191258,0.021248009,5.857943249
KT2440,2,2,25.75,5.879324058,0.021248009,5.858076049
KT2440,2,2,26.0,5.879589658,0.021248009,5.858341649000001
KT2440,2,2,26.25,5.879456858,0.021248009,5.858208849
KT2440,2,2,26.5,5.898845666,0.021248009,5.877597657
KT2440,2,2,26.75,5.898712866,0.021248009,5.8774648570000005
KT2440,2,2,27.0,5.906149669,0.021248009,5.884901660000001
KT2440,2,2,27.25,5.906415269,0.021248009,5.88516726
KT2440,2,2,27.5,5.906415269,0.021248009,5.88516726
KT2440,2,2,27.75,5.894994464,0.021248009,5.873746455
KT2440,2,2,28.0,5.887159261,0.021248009,5.865911252
KT2440,2,2,28.25,5.883175259,0.021248009,5.86192725
KT2440,2,2,28.5,5.875074456,0.021248009,5.853826447
KT2440,2,2,28.75,5.875340056,0.021248009,5.854092047
KT2440,2,2,29.0,5.879191258,0.021248009,5.857943249
KT2440,2,2,29.25,5.883042459,0.021248009,5.8617944500000005
KT2440,2,2,29.5,5.863786451,0.021248009,5.842538442
KT2440,2,2,29.75,5.879324058,0.021248009,5.858076049
KT2440,2,2,30.0,5.879191258,0.021248009,5.857943249
KT2440,2,2,30.25,5.875738456,0.021248009,5.854490447
KT2440,2,2,30.5,5.875472856,0.021248009,5.854224847
KT2440,2,2,30.75,5.879456858,0.021248009,5.858208849
KT2440,2,2,31.0,5.867770453,0.021248009,5.8465224440000005
KT2440,2,2,31.25,5.867770453,0.021248009,5.8465224440000005
KT2440,2,2,31.5,5.867903253,0.021248009,5.846655244
KT2440,2,2,31.75,5.864052051,0.021248009,5.842804042
KT2440,2,2,32.0,5.875605656,0.021248009,5.8543576470000005
KT2440,2,2,32.25,5.867903253,0.021248009,5.846655244
KT2440,2,2,32.5,5.871887255,0.021248009,5.850639246
KT2440,2,2,32.75,5.879324058,0.021248009,5.858076049
KT2440,2,2,33.0,5.85993525,0.021248009,5.838687241000001
KT2440,2,2,33.25,5.868168853,0.021248009,5.8469208440000005
KT2440,2,2,33.5,5.868036053,0.021248009,5.846788044
KT2440,2,2,33.75,5.86033365,0.021248009,5.8390856410000005
KT2440,2,2,34.0,5.864052051,0.021248009,5.842804042
KT2440,2,2,34.25,5.868036053,0.021248009,5.846788044
KT2440,2,2,34.5,5.871887255,0.021248009,5.850639246
KT2440,2,2,34.75,5.871887255,0.021248009,5.850639246
KT2440,2,2,35.0,5.871754455,0.021248009,5.850506446
KT2440,2,2,35.25,5.879324058,0.021248009,5.858076049
KT2440,2,2,35.5,5.898845666,0.021248009,5.877597657
KT2440,2,2,35.75,5.910399271,0.021248009,5.889151262
KT2440,2,2,36.0,5.929655279,0.021248009,5.9084072700000005
KT2440,2,2,36.25,5.937224882,0.021248009,5.915976873
KT2440,2,2,36.5,5.944927285,0.021248009,5.9236792760000005
KT2440,2,2,36.75,5.953028089,0.021248009,5.93178008
KT2440,2,2,37.0,5.949442487,0.021248009,5.928194478
KT2440,2,2,37.25,5.945325685,0.021248009,5.9240776760000005
KT2440,2,2,37.5,5.925936877,0.021248009,5.904688868
KT2440,2,2,37.75,5.929788079,0.021248009,5.90854007
KT2440,2,2,38.0,5.921554476,0.021248009,5.900306467
KT2440,2,2,38.25,5.928592878,0.021248009,5.907344869
KT2440,2,2,38.5,5.917570474,0.021248009,5.896322465
KT2440,2,2,38.75,5.928725679,0.021248009,5.9074776700000005
KT2440,2,2,39.0,5.924608877,0.021248009,5.903360868
KT2440,2,2,39.25,5.905352869,0.021248009,5.88410486
KT2440,2,2,39.5,5.874144856,0.021248009,5.852896847
KT2440,2,2,39.75,5.824212035,0.021248009,5.802964026000001
KT2440,2,2,40.0,5.792605622,0.021248009,5.771357613
KT2440,3,2,0.0,0.029348812,0.021248009,0.03
KT2440,3,2,0.25,0.02509921,0.021248009,0.03
KT2440,3,2,0.5,0.02509921,0.021248009,0.03
KT2440,3,2,0.75,0.036520015,0.021248009,0.03
KT2440,3,2,1.0,0.028950412,0.021248009,0.03
KT2440,3,2,1.25,0.032668814,0.021248009,0.03
KT2440,3,2,1.5,0.055776023,0.021248009,0.034528013999999996
KT2440,3,2,1.75,0.067595228,0.021248009,0.046347218999999995
KT2440,3,2,2.0,0.075297631,0.021248009,0.054049622000000005
KT2440,3,2,2.25,0.086718436,0.021248009,0.065470427
KT2440,3,2,2.5,0.098670441,0.021248009,0.077422432
KT2440,3,2,2.75,0.117395249,0.021248009,0.09614724
KT2440,3,2,3.0,0.159891267,0.021248009,0.138643258
KT2440,3,2,3.25,0.279145717,0.021248009,0.257897708
KT2440,3,2,3.5,0.402384168,0.021248009,0.381136159
KT2440,3,2,3.75,0.522037018,0.021248009,0.500789009
KT2440,3,2,4.0,0.641291468,0.021248009,0.620043459
KT2440,3,2,4.25,0.756827516,0.021248009,0.735579507
KT2440,3,2,4.5,0.841686752,0.021248009,0.820438743
KT2440,3,2,4.75,0.93398279,0.021248009,0.9127347809999999
KT2440,3,2,5.0,1.022693228,0.021248009,1.001445219
KT2440,3,2,5.25,1.130526873,0.021248009,1.109278864
KT2440,3,2,5.5,1.288160539,0.021248009,1.26691253
KT2440,3,2,5.75,1.33849176,0.021248009,1.317243751
KT2440,3,2,6.0,1.473151016,0.021248009,1.451903007
KT2440,3,2,6.25,1.581250261,0.021248009,1.560002252
KT2440,3,2,6.5,1.577266259,0.021248009,1.55601825
KT2440,3,2,6.75,1.727463122,0.021248009,1.706215113
KT2440,3,2,7.0,1.916172001,0.021248009,1.894923992
KT2440,3,2,7.25,2.070087265,0.021248009,2.0488392560000004
KT2440,3,2,7.5,2.22426813,0.021248009,2.203020121
KT2440,3,2,7.75,2.46317543,0.021248009,2.4419274210000004
KT2440,3,2,8.0,2.717354736,0.021248009,2.696106727
KT2440,3,2,8.25,2.936873228,0.021248009,2.9156252190000003
KT2440,3,2,8.5,3.075250886,0.021248009,3.0540028770000003
KT2440,3,2,8.75,3.244703756,0.021248009,3.223455747
KT2440,3,2,9.0,3.452934244,0.021248009,3.4316862350000004
KT2440,3,2,9.25,3.70698075,0.021248009,3.6857327410000003
KT2440,3,2,9.5,3.891971227,0.021248009,3.870723218
KT2440,3,2,9.75,3.972713661,0.021248009,3.951465652
KT2440,3,2,10.0,4.203652957,0.021248009,4.182404948
KT2440,3,2,10.25,4.427022651,0.021248009,4.405774642
KT2440,3,2,10.5,4.489040277,0.021248009,4.467792268
KT2440,3,2,10.75,4.554510704,0.021248009,4.533262695
KT2440,3,2,11.0,4.677616355,0.021248009,4.656368346
KT2440,3,2,11.25,4.789168402,0.021248009,4.767920393
KT2440,3,2,11.5,4.908555652,0.021248009,4.887307643000001
KT2440,3,2,11.75,5.016522097,0.021248009,4.995274088
KT2440,3,2,12.0,5.120637341,0.021248009,5.099389332
KT2440,3,2,12.25,5.205230976,0.021248009,5.183982967
KT2440,3,2,12.5,5.278669407,0.021248009,5.257421398
KT2440,3,2,12.75,5.493805497,0.021248009,5.4725574880000005
KT2440,3,2,13.0,5.833109639,0.021248009,5.81186163
KT2440,3,2,13.25,5.9795881,0.021248009,5.958340091
KT2440,3,2,13.5,5.948645687,0.021248009,5.927397678
KT2440,3,2,13.75,5.71770639,0.021248009,5.696458381
KT2440,3,2,14.0,5.494071097,0.021248009,5.472823088
KT2440,3,2,14.25,5.417312665,0.021248009,5.396064656
KT2440,3,2,14.5,5.447989478,0.021248009,5.426741469
KT2440,3,2,14.75,5.482384692,0.021248009,5.461136683
KT2440,3,2,15.0,5.532981513,0.021248009,5.511733504
KT2440,3,2,15.25,5.516912706,0.021248009,5.4956646970000005
KT2440,3,2,15.5,5.62089515,0.021248009,5.599647141
KT2440,3,2,15.75,5.667640769,0.021248009,5.64639276
KT2440,3,2,16.0,5.698450382,0.021248009,5.677202373
KT2440,3,2,16.25,5.725408794,0.021248009,5.704160785
KT2440,3,2,16.5,5.752367205,0.021248009,5.731119196
KT2440,3,2,16.75,5.775607215,0.021248009,5.754359206
KT2440,3,2,17.0,5.791144821,0.021248009,5.769896812
KT2440,3,2,17.25,5.802698426,0.021248009,5.781450417
KT2440,3,2,17.5,5.814252031,0.021248009,5.793004022
KT2440,3,2,17.75,5.821954434,0.021248009,5.800706425
KT2440,3,2,18.0,5.829656837,0.021248009,5.808408828
KT2440,3,2,18.25,5.833242439,0.021248009,5.81199443
KT2440,3,2,18.5,5.832976838,0.021248009,5.811728829000001
KT2440,3,2,18.75,5.83709364,0.021248009,5.815845631
KT2440,3,2,19.0,5.841077642,0.021248009,5.819829633
KT2440,3,2,19.25,5.841077642,0.021248009,5.819829633
KT2440,3,2,19.5,5.83722644,0.021248009,5.8159784310000004
KT2440,3,2,19.75,5.844796043,0.021248009,5.823548034
KT2440,3,2,20.0,5.848780045,0.021248009,5.827532036
KT2440,3,2,20.25,5.844796043,0.021248009,5.823548034
KT2440,3,2,20.5,5.844928843,0.021248009,5.823680834
KT2440,3,2,20.75,5.848647245,0.021248009,5.827399236000001
KT2440,3,2,21.0,5.848647245,0.021248009,5.827399236000001
KT2440,3,2,21.25,5.852365647,0.021248009,5.831117638
KT2440,3,2,21.5,5.852764047,0.021248009,5.831516038
KT2440,3,2,21.75,5.852631247,0.021248009,5.831383238
KT2440,3,2,22.0,5.856349648,0.021248009,5.835101639
KT2440,3,2,22.25,5.848780045,0.021248009,5.827532036
KT2440,3,2,22.5,5.848912845,0.021248009,5.827664836
KT2440,3,2,22.75,5.856748048,0.021248009,5.835500039
KT2440,3,2,23.0,5.86059925,0.021248009,5.839351241
KT2440,3,2,23.25,5.856615248,0.021248009,5.835367239
KT2440,3,2,23.5,5.848647245,0.021248009,5.827399236000001
KT2440,3,2,23.75,5.848514445,0.021248009,5.827266436
KT2440,3,2,24.0,5.852498447,0.021248009,5.8312504380000005
KT2440,3,2,24.25,5.856482448,0.021248009,5.835234439000001
KT2440,3,2,24.5,5.856216848,0.021248009,5.834968839
KT2440,3,2,24.75,5.864184852,0.021248009,5.842936843
KT2440,3,2,25.0,5.86020085,0.021248009,5.838952841
KT2440,3,2,25.25,5.864052051,0.021248009,5.842804042
KT2440,3,2,25.5,5.871488855,0.021248009,5.850240846
KT2440,3,2,25.75,5.86006805,0.021248009,5.838820041
KT2440,3,2,26.0,5.856482448,0.021248009,5.835234439000001
KT2440,3,2,26.25,5.86020085,0.021248009,5.838952841
KT2440,3,2,26.5,5.864184852,0.021248009,5.842936843
KT2440,3,2,26.75,5.86020085,0.021248009,5.838952841
KT2440,3,2,27.0,5.85993525,0.021248009,5.838687241000001
KT2440,3,2,27.25,5.86020085,0.021248009,5.838952841
KT2440,3,2,27.5,5.856349648,0.021248009,5.835101639
KT2440,3,2,27.75,5.86033365,0.021248009,5.8390856410000005
KT2440,3,2,28.0,5.856349648,0.021248009,5.835101639
KT2440,3,2,28.25,5.852365647,0.021248009,5.831117638
KT2440,3,2,28.5,5.848116045,0.021248009,5.8268680360000005
KT2440,3,2,28.75,5.852232847,0.021248009,5.830984838
KT2440,3,2,29.0,5.856084048,0.021248009,5.834836039
KT2440,3,2,29.25,5.856084048,0.021248009,5.834836039
KT2440,3,2,29.5,5.848381645,0.021248009,5.827133636
KT2440,3,2,29.75,5.848514445,0.021248009,5.827266436
KT2440,3,2,30.0,5.840679242,0.021248009,5.819431233
KT2440,3,2,30.25,5.841077642,0.021248009,5.819829633
KT2440,3,2,30.5,5.83696084,0.021248009,5.815712831
KT2440,3,2,30.75,5.83709364,0.021248009,5.815845631
KT2440,3,2,31.0,5.829258437,0.021248009,5.808010428
KT2440,3,2,31.25,5.833109639,0.021248009,5.81186163
KT2440,3,2,31.5,5.829391237,0.021248009,5.8081432280000005
KT2440,3,2,31.75,5.833242439,0.021248009,5.81199443
KT2440,3,2,32.0,5.833242439,0.021248009,5.81199443
KT2440,3,2,32.25,5.829391237,0.021248009,5.8081432280000005
KT2440,3,2,32.5,5.833375239,0.021248009,5.812127230000001
KT2440,3,2,32.75,5.833109639,0.021248009,5.81186163
KT2440,3,2,33.0,5.832976838,0.021248009,5.811728829000001
KT2440,3,2,33.25,5.83735924,0.021248009,5.816111231
KT2440,3,2,33.5,5.841077642,0.021248009,5.819829633
KT2440,3,2,33.75,5.83722644,0.021248009,5.8159784310000004
KT2440,3,2,34.0,5.840944842,0.021248009,5.819696833
KT2440,3,2,34.25,5.83722644,0.021248009,5.8159784310000004
KT2440,3,2,34.5,5.825672835,0.021248009,5.804424826
KT2440,3,2,34.75,5.825672835,0.021248009,5.804424826
KT2440,3,2,35.0,5.810135229,0.021248009,5.78888722
KT2440,3,2,35.25,5.81385363,0.021248009,5.792605621
KT2440,3,2,35.5,5.821821634,0.021248009,5.800573625
KT2440,3,2,35.75,5.821821634,0.021248009,5.800573625
KT2440,3,2,36.0,5.817970432,0.021248009,5.796722423
KT2440,3,2,36.25,5.817837632,0.021248009,5.796589623
KT2440,3,2,36.5,5.813986431,0.021248009,5.792738422
KT2440,3,2,36.75,5.833640839,0.021248009,5.81239283
KT2440,3,2,37.0,5.826204036,0.021248009,5.804956027
KT2440,3,2,37.25,5.825938436,0.021248009,5.804690427000001
KT2440,3,2,37.5,5.825805635,0.021248009,5.804557626
KT2440,3,2,37.75,5.83735924,0.021248009,5.816111231
KT2440,3,2,38.0,5.83682804,0.021248009,5.8155800310000005
KT2440,3,2,38.25,5.840015241,0.021248009,5.818767232
KT2440,3,2,38.5,5.840546442,0.021248009,5.819298433
KT2440,3,2,38.75,5.847850445,0.021248009,5.826602436
KT2440,3,2,39.0,5.851436046,0.021248009,5.830188037
KT2440,3,2,39.25,5.855287248,0.021248009,5.834039239
KT2440,3,2,39.5,5.858740049,0.021248009,5.83749204
KT2440,3,2,39.75,5.866575253,0.021248009,5.845327244
KT2440,3,2,40.0,5.869629654,0.021248009,5.848381645
KT2440,1,5,0.0,0.033200014,0.021248009,0.03
KT2440,1,5,0.25,0.02509921,0.021248009,0.03
KT2440,1,5,0.5,0.032801614,0.021248009,0.03
KT2440,1,5,0.75,0.04807362,0.021248009,0.03
KT2440,1,5,1.0,0.021248009,0.021248009,0.03
KT2440,1,5,1.25,0.051924822,0.021248009,0.030676813
KT2440,1,5,1.5,0.067329628,0.021248009,0.046081619000000004
KT2440,1,5,1.75,0.079148833,0.021248009,0.057900824000000004
KT2440,1,5,2.0,0.086851236,0.021248009,0.065603227
KT2440,1,5,2.25,0.105974444,0.021248009,0.084726435
KT2440,1,5,2.5,0.133331256,0.021248009,0.11208324700000001
KT2440,1,5,2.75,0.136651257,0.021248009,0.115403248
KT2440,1,5,3.0,0.16759367,0.021248009,0.146345661
KT2440,1,5,3.25,0.209824088,0.021248009,0.18857607899999998
KT2440,1,5,3.5,0.282996918,0.021248009,0.261748909
KT2440,1,5,3.75,0.387244962,0.021248009,0.365996953
KT2440,1,5,4.0,0.583523444,0.021248009,0.562275435
KT2440,1,5,4.25,0.737571508,0.021248009,0.716323499
KT2440,1,5,4.5,0.895603574,0.021248009,0.874355565
KT2440,1,5,4.75,0.995602016,0.021248009,0.974354007
KT2440,1,5,5.0,1.080461252,0.021248009,1.059213243
KT2440,1,5,5.25,1.145931679,0.021248009,1.12468367
KT2440,1,5,5.5,1.203434103,0.021248009,1.182186094
KT2440,1,5,5.75,1.31538455,0.021248009,1.294136541
KT2440,1,5,6.0,1.446192605,0.021248009,1.424944596
KT2440,1,5,6.25,1.596655067,0.021248009,1.575407058
KT2440,1,5,6.5,1.658141493,0.021248009,1.636893484
KT2440,1,5,6.75,1.816040759,0.021248009,1.79479275
KT2440,1,5,7.0,1.931576807,0.021248009,1.9103287979999999
KT2440,1,5,7.25,1.969956024,0.021248009,1.948708015
KT2440,1,5,7.5,2.143392896,0.021248009,2.122144887
KT2440,1,5,7.75,2.255210543,0.021248009,2.233962534
KT2440,1,5,8.0,2.478580236,0.021248009,2.457332227
KT2440,1,5,8.25,2.671140317,0.021248009,2.649892308
KT2440,1,5,8.5,2.859583595,0.021248009,2.8383355860000004
KT2440,1,5,8.75,3.13301891,0.021248009,3.1117709010000003
KT2440,1,5,9.0,3.375910211,0.021248009,3.354662202
KT2440,1,5,9.25,3.610700709,0.021248009,3.5894527000000003
KT2440,1,5,9.5,3.8265008,0.021248009,3.805252791
KT2440,1,5,9.75,4.030481685,0.021248009,4.009233676
KT2440,1,5,10.0,4.222908965,0.021248009,4.2016609560000004
KT2440,1,5,10.25,4.411617844,0.021248009,4.390369835
KT2440,1,5,10.5,4.573766712,0.021248009,4.5525187030000005
KT2440,1,5,10.75,4.700856365,0.021248009,4.679608356
KT2440,1,5,11.0,4.870176436,0.021248009,4.848928427000001
KT2440,1,5,11.25,4.974026079,0.021248009,4.95277807
KT2440,1,5,11.5,5.104966934,0.021248009,5.083718925
KT2440,1,5,11.75,5.224486984,0.021248009,5.2032389750000005
KT2440,1,5,12.0,5.505757502,0.021248009,5.484509493
KT2440,1,5,12.25,5.871488855,0.021248009,5.850240846
KT2440,1,5,12.5,5.887159261,0.021248009,5.865911252
KT2440,1,5,12.75,5.771092013,0.021248009,5.749844004
KT2440,1,5,13.0,5.682912776,0.021248009,5.661664767
KT2440,1,5,13.25,5.640682358,0.021248009,5.6194343490000005
KT2440,1,5,13.5,5.432584671,0.021248009,5.411336662
KT2440,1,5,13.75,5.448122278,0.021248009,5.426874269
KT2440,1,5,14.0,5.470963887,0.021248009,5.449715878
KT2440,1,5,14.25,5.490485495,0.021248009,5.469237486
KT2440,1,5,14.5,5.521162308,0.021248009,5.499914299
KT2440,1,5,14.75,5.551706321,0.021248009,5.530458312
KT2440,1,5,15.0,5.571493529,0.021248009,5.55024552
KT2440,1,5,15.25,5.447591077,0.021248009,5.426343068
KT2440,1,5,15.5,5.647853561,0.021248009,5.626605552
KT2440,1,5,15.75,5.663789568,0.021248009,5.6425415590000005
KT2440,1,5,16.0,5.663789568,0.021248009,5.6425415590000005
KT2440,1,5,16.25,5.686896777,0.021248009,5.6656487680000005
KT2440,1,5,16.5,5.702301584,0.021248009,5.681053575
KT2440,1,5,16.75,5.725541594,0.021248009,5.704293585
KT2440,1,5,17.0,5.733376797,0.021248009,5.712128788
KT2440,1,5,17.25,5.744930402,0.021248009,5.723682393
KT2440,1,5,17.5,5.760335208,0.021248009,5.739087199
KT2440,1,5,17.75,5.779591216,0.021248009,5.758343207
KT2440,1,5,18.0,5.787293619,0.021248009,5.76604561
KT2440,1,5,18.25,5.794730422,0.021248009,5.773482413
KT2440,1,5,18.5,5.798316024,0.021248009,5.777068015
KT2440,1,5,18.75,5.817837632,0.021248009,5.796589623
KT2440,1,5,19.0,5.814119231,0.021248009,5.7928712220000005
KT2440,1,5,19.25,5.825672835,0.021248009,5.804424826
KT2440,1,5,19.5,5.829524037,0.021248009,5.808276028
KT2440,1,5,19.75,5.833242439,0.021248009,5.81199443
KT2440,1,5,20.0,5.841077642,0.021248009,5.819829633
KT2440,1,5,20.25,5.848647245,0.021248009,5.827399236000001
KT2440,1,5,20.5,5.848780045,0.021248009,5.827532036
KT2440,1,5,20.75,5.844796043,0.021248009,5.823548034
KT2440,1,5,21.0,5.848647245,0.021248009,5.827399236000001
KT2440,1,5,21.25,5.875472856,0.021248009,5.854224847
KT2440,1,5,21.5,5.864317652,0.021248009,5.843069643000001
KT2440,1,5,21.75,5.844928843,0.021248009,5.823680834
KT2440,1,5,22.0,5.879456858,0.021248009,5.858208849
KT2440,1,5,22.25,5.879589658,0.021248009,5.858341649000001
KT2440,1,5,22.5,5.887424861,0.021248009,5.866176852000001
KT2440,1,5,22.75,5.895260065,0.021248009,5.874012056000001
KT2440,1,5,23.0,5.906813669,0.021248009,5.88556566
KT2440,1,5,23.25,5.902829668,0.021248009,5.881581659
KT2440,1,5,23.5,5.88330806,0.021248009,5.862060051
KT2440,1,5,23.75,5.879324058,0.021248009,5.858076049
KT2440,1,5,24.0,5.875605656,0.021248009,5.8543576470000005
KT2440,1,5,24.25,5.868036053,0.021248009,5.846788044
KT2440,1,5,24.5,5.856216848,0.021248009,5.834968839
KT2440,1,5,24.75,5.848780045,0.021248009,5.827532036
KT2440,1,5,25.0,5.833242439,0.021248009,5.81199443
KT2440,1,5,25.25,5.817837632,0.021248009,5.796589623
KT2440,1,5,25.5,5.806018427,0.021248009,5.784770418
KT2440,1,5,25.75,5.783044018,0.021248009,5.761796009
KT2440,1,5,26.0,5.775607215,0.021248009,5.754359206
KT2440,1,5,26.25,5.756218406,0.021248009,5.7349703970000006
KT2440,1,5,26.5,5.752500005,0.021248009,5.731251996
KT2440,1,5,26.75,5.713855189,0.021248009,5.69260718
KT2440,1,5,27.0,5.675077572,0.021248009,5.653829563
KT2440,1,5,27.25,5.648384761,0.021248009,5.627136752
KT2440,1,5,27.5,5.625277552,0.021248009,5.604029543
KT2440,1,5,27.75,5.606154344,0.021248009,5.584906335
KT2440,1,5,28.0,5.590616737,0.021248009,5.569368728000001
KT2440,1,5,28.25,5.582781534,0.021248009,5.561533525000001
KT2440,1,5,28.5,5.559275924,0.021248009,5.538027915
KT2440,1,5,28.75,5.532583113,0.021248009,5.5113351040000005
KT2440,1,5,29.0,5.5017735,0.021248009,5.480525491
KT2440,1,5,29.25,5.482517492,0.021248009,5.461269483000001
KT2440,1,5,29.5,5.432451871,0.021248009,5.411203862
KT2440,1,5,29.75,5.374816647,0.021248009,5.3535686380000005
KT2440,1,5,30.0,5.228338186,0.021248009,5.207090177
KT2440,1,5,30.25,5.16711736,0.021248009,5.145869351
KT2440,1,5,30.5,5.147595752,0.021248009,5.126347743
KT2440,1,5,30.75,5.105365334,0.021248009,5.084117325
KT2440,1,5,31.0,5.082125325,0.021248009,5.060877316
KT2440,1,5,31.25,5.001250091,0.021248009,4.980002082
KT2440,1,5,31.5,4.901251649,0.021248009,4.88000364
KT2440,1,5,31.75,4.862739633,0.021248009,4.8414916240000005
KT2440,1,5,32.0,4.85503723,0.021248009,4.833789221
KT2440,1,5,32.25,4.793418004,0.021248009,4.7721699950000005
KT2440,1,5,32.5,4.778145998,0.021248009,4.7568979890000005
KT2440,1,5,32.75,4.766326793,0.021248009,4.745078784
KT2440,1,5,33.0,4.754640388,0.021248009,4.7333923790000005
KT2440,1,5,33.25,4.720510773,0.021248009,4.699262764
KT2440,1,5,33.5,4.681865957,0.021248009,4.6606179480000005
KT2440,1,5,33.75,4.612544328,0.021248009,4.5912963190000005
KT2440,1,5,34.0,4.539238698,0.021248009,4.517990689
KT2440,1,5,34.25,4.485454675,0.021248009,4.464206666
KT2440,1,5,34.5,4.493157078,0.021248009,4.4719090690000005
KT2440,1,5,34.75,4.485454675,0.021248009,4.464206666
KT2440,1,5,35.0,4.431405053,0.021248009,4.410157044
KT2440,1,5,35.25,4.40046264,0.021248009,4.379214631
KT2440,1,5,35.5,4.37762103,0.021248009,4.3563730210000005
KT2440,1,5,35.75,4.358365022,0.021248009,4.337117013
KT2440,1,5,36.0,4.342960216,0.021248009,4.321712207
KT2440,1,5,36.25,4.323571407,0.021248009,4.302323398
KT2440,1,5,36.5,4.312017803,0.021248009,4.290769794
KT2440,1,5,36.75,4.300862598,0.021248009,4.279614589
KT2440,1,5,37.0,4.289574593,0.021248009,4.268326584
KT2440,1,5,37.25,4.277755388,0.021248009,4.256507379
KT2440,1,5,37.5,4.266068983,0.021248009,4.2448209740000005
KT2440,1,5,37.75,4.235259371,0.021248009,4.214011362
KT2440,1,5,38.0,4.215472162,0.021248009,4.194224153
KT2440,1,5,38.25,4.199403356,0.021248009,4.178155347000001
KT2440,1,5,38.5,4.180678548,0.021248009,4.159430539000001
KT2440,1,5,38.75,4.168726543,0.021248009,4.147478534
KT2440,1,5,39.0,4.156907338,0.021248009,4.135659329
KT2440,1,5,39.25,4.126097725,0.021248009,4.104849716
KT2440,1,5,39.5,4.117996922,0.021248009,4.096748913
KT2440,1,5,39.75,4.098873714,0.021248009,4.077625705
KT2440,1,5,40.0,4.078820905,0.021248009,4.057572896
KT2440,2,5,0.0,0.033200014,0.021248009,0.03
KT2440,2,5,0.25,0.028950412,0.021248009,0.03
KT2440,2,5,0.5,0.028950412,0.021248009,0.03
KT2440,2,5,0.75,0.036520015,0.021248009,0.03
KT2440,2,5,1.0,0.040504017,0.021248009,0.03
KT2440,2,5,1.25,0.051924822,0.021248009,0.030676813
KT2440,2,5,1.5,0.051924822,0.021248009,0.030676813
KT2440,2,5,1.75,0.07144643,0.021248009,0.05019842100000001
KT2440,2,5,2.0,0.079148833,0.021248009,0.057900824000000004
KT2440,2,5,2.25,0.090569638,0.021248009,0.069321629
KT2440,2,5,2.5,0.102521643,0.021248009,0.081273634
KT2440,2,5,2.75,0.113544047,0.021248009,0.092296038
KT2440,2,5,3.0,0.121379251,0.021248009,0.100131242
KT2440,2,5,3.25,0.136651257,0.021248009,0.115403248
KT2440,2,5,3.5,0.171312072,0.021248009,0.150064063
KT2440,2,5,3.75,0.213940889,0.021248009,0.19269287999999998
KT2440,2,5,4.0,0.298534525,0.021248009,0.277286516
KT2440,2,5,4.25,0.487243404,0.021248009,0.465995395
KT2440,2,5,4.5,0.76466272,0.021248009,0.743414711
KT2440,2,5,4.75,0.937833992,0.021248009,0.9165859829999999
KT2440,2,5,5.0,1.022693228,0.021248009,1.001445219
KT2440,2,5,5.25,1.118973268,0.021248009,1.097725259
KT2440,2,5,5.5,1.241946119,0.021248009,1.22069811
KT2440,2,5,5.75,1.319235752,0.021248009,1.297987743
KT2440,2,5,6.0,1.38842458,0.021248009,1.367176571
KT2440,2,5,6.25,1.41179739,0.021248009,1.390549381
KT2440,2,5,6.5,1.50794463,0.021248009,1.4866966209999999
KT2440,2,5,6.75,1.658141493,0.021248009,1.636893484
KT2440,2,5,7.0,1.816040759,0.021248009,1.79479275
KT2440,2,5,7.25,2.004616838,0.021248009,1.983368829
KT2440,2,5,7.5,2.116434485,0.021248009,2.0951864760000003
KT2440,2,5,7.75,2.32068097,0.021248009,2.2994329610000004
KT2440,2,5,8.0,2.544050664,0.021248009,2.522802655
KT2440,2,5,8.25,2.674991518,0.021248009,2.6537435090000003
KT2440,2,5,8.5,2.828773983,0.021248009,2.8075259740000003
KT2440,2,5,8.75,3.117614103,0.021248009,3.0963660940000004
KT2440,2,5,9.0,3.399017421,0.021248009,3.377769412
KT2440,2,5,9.25,3.560635089,0.021248009,3.53938708
KT2440,2,5,9.5,3.853459211,0.021248009,3.8322112020000003
KT2440,2,5,9.75,4.061291298,0.021248009,4.040043289000001
KT2440,2,5,10.0,4.238313772,0.021248009,4.217065763
KT2440,2,5,10.25,4.400064239,0.021248009,4.37881623
KT2440,2,5,10.5,4.515998688,0.021248009,4.494750679
KT2440,2,5,10.75,4.673897954,0.021248009,4.652649945
KT2440,2,5,11.0,4.785450001,0.021248009,4.764201992
KT2440,2,5,11.25,4.858490031,0.021248009,4.837242022
KT2440,2,5,11.5,4.935514063,0.021248009,4.9142660540000005
KT2440,2,5,11.75,5.062736516,0.021248009,5.041488507
KT2440,2,5,12.0,5.163000558,0.021248009,5.1417525490000004
KT2440,2,5,12.25,5.270701403,0.021248009,5.2494533940000006
KT2440,2,5,12.5,5.482783092,0.021248009,5.461535083
KT2440,2,5,12.75,5.863520851,0.021248009,5.842272842
KT2440,2,5,13.0,5.898580066,0.021248009,5.877332057
KT2440,2,5,13.25,5.960332092,0.021248009,5.939084083
KT2440,2,5,13.5,5.921687276,0.021248009,5.900439267
KT2440,2,5,13.75,5.952629689,0.021248009,5.93138168
KT2440,2,5,14.0,5.863786451,0.021248009,5.842538442
KT2440,2,5,14.25,5.683045576,0.021248009,5.661797567
KT2440,2,5,14.5,5.609739945,0.021248009,5.5884919360000005
KT2440,2,5,14.75,5.517045506,0.021248009,5.495797497
KT2440,2,5,15.0,5.54838632,0.021248009,5.527138311
KT2440,2,5,15.25,5.470698287,0.021248009,5.4494502780000005
KT2440,2,5,15.5,5.582383134,0.021248009,5.561135125
KT2440,2,5,15.75,5.62142635,0.021248009,5.600178341
KT2440,2,5,16.0,5.648384761,0.021248009,5.627136752
KT2440,2,5,16.25,5.659938366,0.021248009,5.638690357000001
KT2440,2,5,16.5,5.683045576,0.021248009,5.661797567
KT2440,2,5,16.75,5.706285586,0.021248009,5.685037577
KT2440,2,5,17.0,5.714120789,0.021248009,5.69287278
KT2440,2,5,17.25,5.733376797,0.021248009,5.712128788
KT2440,2,5,17.5,5.748781603,0.021248009,5.7275335940000005
KT2440,2,5,17.75,5.756484007,0.021248009,5.735235998
KT2440,2,5,18.0,5.775740015,0.021248009,5.754492006
KT2440,2,5,18.25,5.775474414,0.021248009,5.754226405
KT2440,2,5,18.5,5.775208814,0.021248009,5.753960805
KT2440,2,5,18.75,5.787028019,0.021248009,5.76578001
KT2440,2,5,19.0,5.791012021,0.021248009,5.769764012
KT2440,2,5,19.25,5.794863223,0.021248009,5.773615214
KT2440,2,5,19.5,5.791012021,0.021248009,5.769764012
KT2440,2,5,19.75,5.806284027,0.021248009,5.7850360180000004
KT2440,2,5,20.0,5.810268029,0.021248009,5.789020020000001
KT2440,2,5,20.25,5.810135229,0.021248009,5.78888722
KT2440,2,5,20.5,5.810268029,0.021248009,5.789020020000001
KT2440,2,5,20.75,5.817837632,0.021248009,5.796589623
KT2440,2,5,21.0,5.821688834,0.021248009,5.800440825
KT2440,2,5,21.25,5.829258437,0.021248009,5.808010428
KT2440,2,5,21.5,5.841210442,0.021248009,5.819962433000001
KT2440,2,5,21.75,5.841077642,0.021248009,5.819829633
KT2440,2,5,22.0,5.852498447,0.021248009,5.8312504380000005
KT2440,2,5,22.25,5.848780045,0.021248009,5.827532036
KT2440,2,5,22.5,5.848912845,0.021248009,5.827664836
KT2440,2,5,22.75,5.849045645,0.021248009,5.827797636000001
KT2440,2,5,23.0,5.86059925,0.021248009,5.839351241
KT2440,2,5,23.25,5.864317652,0.021248009,5.843069643000001
KT2440,2,5,23.5,5.864052051,0.021248009,5.842804042
KT2440,2,5,23.75,5.863919251,0.021248009,5.842671242000001
KT2440,2,5,24.0,5.871754455,0.021248009,5.850506446
KT2440,2,5,24.25,5.875738456,0.021248009,5.854490447
KT2440,2,5,24.5,5.875472856,0.021248009,5.854224847
KT2440,2,5,24.75,5.891143263,0.021248009,5.869895254
KT2440,2,5,25.0,5.887159261,0.021248009,5.865911252
KT2440,2,5,25.25,5.891010463,0.021248009,5.869762454
KT2440,2,5,25.5,5.894596064,0.021248009,5.873348055
KT2440,2,5,25.75,5.894728864,0.021248009,5.873480855
KT2440,2,5,26.0,5.898845666,0.021248009,5.877597657
KT2440,2,5,26.25,5.906415269,0.021248009,5.88516726
KT2440,2,5,26.5,5.918101674,0.021248009,5.896853665
KT2440,2,5,26.75,5.917968874,0.021248009,5.896720865
KT2440,2,5,27.0,5.917703274,0.021248009,5.896455265
KT2440,2,5,27.25,5.921820076,0.021248009,5.900572067000001
KT2440,2,5,27.5,5.921820076,0.021248009,5.900572067000001
KT2440,2,5,27.75,5.925804077,0.021248009,5.904556068
KT2440,2,5,28.0,5.925671277,0.021248009,5.904423268
KT2440,2,5,28.25,5.929389679,0.021248009,5.90814167
KT2440,2,5,28.5,5.928991279,0.021248009,5.90774327
KT2440,2,5,28.75,5.93310808,0.021248009,5.911860071
KT2440,2,5,29.0,5.936959282,0.021248009,5.915711273
KT2440,2,5,29.25,5.944661685,0.021248009,5.923413676
KT2440,2,5,29.5,5.93310808,0.021248009,5.911860071
KT2440,2,5,29.75,5.940943284,0.021248009,5.9196952750000005
KT2440,2,5,30.0,5.940810484,0.021248009,5.919562475
KT2440,2,5,30.25,5.941208884,0.021248009,5.919960875
KT2440,2,5,30.5,5.944794485,0.021248009,5.923546476
KT2440,2,5,30.75,5.948778487,0.021248009,5.927530478
KT2440,2,5,31.0,5.944794485,0.021248009,5.923546476
KT2440,2,5,31.25,5.952496888,0.021248009,5.931248879
KT2440,2,5,31.5,5.941076084,0.021248009,5.919828075
KT2440,2,5,31.75,5.941076084,0.021248009,5.919828075
KT2440,2,5,32.0,5.944927285,0.021248009,5.9236792760000005
KT2440,2,5,32.25,5.944927285,0.021248009,5.9236792760000005
KT2440,2,5,32.5,5.95661369,0.021248009,5.935365681
KT2440,2,5,32.75,5.964050493,0.021248009,5.942802484
KT2440,2,5,33.0,5.960066492,0.021248009,5.938818483
KT2440,2,5,33.25,5.960597692,0.021248009,5.9393496830000005
KT2440,2,5,33.5,5.964316093,0.021248009,5.943068084
KT2440,2,5,33.75,5.960464892,0.021248009,5.939216883
KT2440,2,5,34.0,5.95648089,0.021248009,5.935232881
KT2440,2,5,34.25,5.948911287,0.021248009,5.927663278
KT2440,2,5,34.5,5.941208884,0.021248009,5.919960875
KT2440,2,5,34.75,5.937357682,0.021248009,5.916109673
KT2440,2,5,35.0,5.93337368,0.021248009,5.912125671
KT2440,2,5,35.25,5.937092082,0.021248009,5.915844073000001
KT2440,2,5,35.5,5.937357682,0.021248009,5.916109673
KT2440,2,5,35.75,5.941208884,0.021248009,5.919960875
KT2440,2,5,36.0,5.933506481,0.021248009,5.912258472
KT2440,2,5,36.25,5.921820076,0.021248009,5.900572067000001
KT2440,2,5,36.5,5.917968874,0.021248009,5.896720865
KT2440,2,5,36.75,5.922218476,0.021248009,5.9009704670000005
KT2440,2,5,37.0,5.910930471,0.021248009,5.889682462000001
KT2440,2,5,37.25,5.902962468,0.021248009,5.881714459
KT2440,2,5,37.5,5.891276063,0.021248009,5.8700280540000005
KT2440,2,5,37.75,5.902829668,0.021248009,5.881581659
KT2440,2,5,38.0,5.894596064,0.021248009,5.873348055
KT2440,2,5,38.25,5.890080862,0.021248009,5.868832853
KT2440,2,5,38.5,5.863653651,0.021248009,5.842405642
KT2440,2,5,38.75,5.83629684,0.021248009,5.815048831
KT2440,2,5,39.0,5.832180038,0.021248009,5.810932029
KT2440,2,5,39.25,5.824477635,0.021248009,5.803229626
KT2440,2,5,39.5,5.81252563,0.021248009,5.791277621
KT2440,2,5,39.75,5.797253624,0.021248009,5.776005615
KT2440,2,5,40.0,5.78875442,0.021248009,5.767506411
KT2440,3,5,0.0,0.029348812,0.021248009,0.03
KT2440,3,5,0.25,0.028950412,0.021248009,0.03
KT2440,3,5,0.5,0.032801614,0.021248009,0.03
KT2440,3,5,0.75,0.036520015,0.021248009,0.03
KT2440,3,5,1.0,0.044355219,0.021248009,0.03
KT2440,3,5,1.25,0.059627225,0.021248009,0.038379215999999994
KT2440,3,5,1.5,0.067329628,0.021248009,0.046081619000000004
KT2440,3,5,1.75,0.075297631,0.021248009,0.054049622000000005
KT2440,3,5,2.0,0.083000035,0.021248009,0.061752026
KT2440,3,5,2.25,0.094420839,0.021248009,0.07317283000000001
KT2440,3,5,2.5,0.106372844,0.021248009,0.085124835
KT2440,3,5,2.75,0.128948854,0.021248009,0.107700845
KT2440,3,5,3.0,0.179147275,0.021248009,0.15789926599999998
KT2440,3,5,3.25,0.28684812,0.021248009,0.26560011099999997
KT2440,3,5,3.5,0.398532967,0.021248009,0.377284958
KT2440,3,5,3.75,0.491227405,0.021248009,0.469979396
KT2440,3,5,4.0,0.606630654,0.021248009,0.585382645
KT2440,3,5,4.25,0.733720307,0.021248009,0.712472298
KT2440,3,5,4.5,0.849389155,0.021248009,0.828141146
KT2440,3,5,4.75,0.945536395,0.021248009,0.924288386
KT2440,3,5,5.0,1.003437219,0.021248009,0.98218921
KT2440,3,5,5.25,1.09971726,0.021248009,1.078469251
KT2440,3,5,5.5,1.238094918,0.021248009,1.216846909
KT2440,3,5,5.75,1.276872534,0.021248009,1.255624525
KT2440,3,5,6.0,1.38842458,0.021248009,1.367176571
KT2440,3,5,6.25,1.481119019,0.021248009,1.45987101
KT2440,3,5,6.5,1.623480679,0.021248009,1.60223267
KT2440,3,5,6.75,1.750570332,0.021248009,1.7293223229999999
KT2440,3,5,7.0,1.835296767,0.021248009,1.814048758
KT2440,3,5,7.25,1.877527185,0.021248009,1.856279176
KT2440,3,5,7.5,2.158797702,0.021248009,2.1375496930000004
KT2440,3,5,7.75,2.32068097,0.021248009,2.2994329610000004
KT2440,3,5,8.0,2.520943454,0.021248009,2.4996954450000004
KT2440,3,5,8.25,2.755866752,0.021248009,2.7346187430000004
KT2440,3,5,8.5,2.909649216,0.021248009,2.8884012070000002
KT2440,3,5,8.75,3.260108563,0.021248009,3.2388605540000004
KT2440,3,5,9.0,3.364356606,0.021248009,3.343108597
KT2440,3,5,9.25,3.653063927,0.021248009,3.631815918
KT2440,3,5,9.5,3.853459211,0.021248009,3.8322112020000003
KT2440,3,5,9.75,4.011225677,0.021248009,3.989977668
KT2440,3,5,10.0,4.195950554,0.021248009,4.174702545000001
KT2440,3,5,10.25,4.338445014,0.021248009,4.317197005000001
KT2440,3,5,10.5,4.512147486,0.021248009,4.490899477
KT2440,3,5,10.75,4.627683535,0.021248009,4.606435526
KT2440,3,5,11.0,4.750789186,0.021248009,4.729541177000001
KT2440,3,5,11.25,4.846936426,0.021248009,4.825688417
KT2440,3,5,11.5,4.958621273,0.021248009,4.9373732640000005
KT2440,3,5,11.75,5.039629307,0.021248009,5.018381298
KT2440,3,5,12.0,5.136042147,0.021248009,5.114794138000001
KT2440,3,5,12.25,5.224486984,0.021248009,5.2032389750000005
KT2440,3,5,12.5,5.321032624,0.021248009,5.299784615
KT2440,3,5,12.75,5.543871118,0.021248009,5.522623109
KT2440,3,5,13.0,5.86006805,0.021248009,5.838820041
KT2440,3,5,13.25,5.910266471,0.021248009,5.889018462
KT2440,3,5,13.5,5.952496888,0.021248009,5.931248879
KT2440,3,5,13.75,5.960332092,0.021248009,5.939084083
KT2440,3,5,14.0,5.975471298,0.021248009,5.954223289000001
KT2440,3,5,14.25,5.910266471,0.021248009,5.889018462
KT2440,3,5,14.5,5.867770453,0.021248009,5.8465224440000005
KT2440,3,5,14.75,5.663391168,0.021248009,5.642143159000001
KT2440,3,5,15.0,5.552237521,0.021248009,5.5309895120000006
KT2440,3,5,15.25,5.412930263,0.021248009,5.391682254
KT2440,3,5,15.5,5.543871118,0.021248009,5.522623109
KT2440,3,5,15.75,5.582914334,0.021248009,5.561666325
KT2440,3,5,16.0,5.602170342,0.021248009,5.580922333
KT2440,3,5,16.25,5.617575148,0.021248009,5.5963271390000005
KT2440,3,5,16.5,5.636831156,0.021248009,5.615583147000001
KT2440,3,5,16.75,5.663922368,0.021248009,5.642674359
KT2440,3,5,17.0,5.679459974,0.021248009,5.6582119650000005
KT2440,3,5,17.25,5.694864781,0.021248009,5.673616772
KT2440,3,5,17.5,5.714120789,0.021248009,5.69287278
KT2440,3,5,17.75,5.725674394,0.021248009,5.7044263850000005
KT2440,3,5,18.0,5.7410792,0.021248009,5.719831191
KT2440,3,5,18.25,5.752367205,0.021248009,5.731119196
KT2440,3,5,18.5,5.755952806,0.021248009,5.734704797
KT2440,3,5,18.75,5.767772011,0.021248009,5.746524002
KT2440,3,5,19.0,5.775607215,0.021248009,5.754359206
KT2440,3,5,19.25,5.783309618,0.021248009,5.762061609
KT2440,3,5,19.5,5.783309618,0.021248009,5.762061609
KT2440,3,5,19.75,5.787028019,0.021248009,5.76578001
KT2440,3,5,20.0,5.794863223,0.021248009,5.773615214
KT2440,3,5,20.25,5.798581624,0.021248009,5.777333615
KT2440,3,5,20.5,5.802565626,0.021248009,5.781317617
KT2440,3,5,20.75,5.802432826,0.021248009,5.781184817000001
KT2440,3,5,21.0,5.813986431,0.021248009,5.792738422
KT2440,3,5,21.25,5.817704832,0.021248009,5.796456823000001
KT2440,3,5,21.5,5.821954434,0.021248009,5.800706425
KT2440,3,5,21.75,5.821821634,0.021248009,5.800573625
KT2440,3,5,22.0,5.829391237,0.021248009,5.8081432280000005
KT2440,3,5,22.25,5.825672835,0.021248009,5.804424826
KT2440,3,5,22.5,5.829656837,0.021248009,5.808408828
KT2440,3,5,22.75,5.829789637,0.021248009,5.808541628
KT2440,3,5,23.0,5.841343242,0.021248009,5.820095233
KT2440,3,5,23.25,5.841210442,0.021248009,5.819962433000001
KT2440,3,5,23.5,5.840944842,0.021248009,5.819696833
KT2440,3,5,23.75,5.840812042,0.021248009,5.819564033
KT2440,3,5,24.0,5.844796043,0.021248009,5.823548034
KT2440,3,5,24.25,5.848780045,0.021248009,5.827532036
KT2440,3,5,24.5,5.848514445,0.021248009,5.827266436
KT2440,3,5,24.75,5.856482448,0.021248009,5.835234439000001
KT2440,3,5,25.0,5.852498447,0.021248009,5.8312504380000005
KT2440,3,5,25.25,5.856349648,0.021248009,5.835101639
KT2440,3,5,25.5,5.85993525,0.021248009,5.838687241000001
KT2440,3,5,25.75,5.863919251,0.021248009,5.842671242000001
KT2440,3,5,26.0,5.864184852,0.021248009,5.842936843
KT2440,3,5,26.25,5.867903253,0.021248009,5.846655244
KT2440,3,5,26.5,5.875738456,0.021248009,5.854490447
KT2440,3,5,26.75,5.875605656,0.021248009,5.8543576470000005
KT2440,3,5,27.0,5.879191258,0.021248009,5.857943249
KT2440,3,5,27.25,5.879456858,0.021248009,5.858208849
KT2440,3,5,27.5,5.879456858,0.021248009,5.858208849
KT2440,3,5,27.75,5.879589658,0.021248009,5.858341649000001
KT2440,3,5,28.0,5.879456858,0.021248009,5.858208849
KT2440,3,5,28.25,5.879324058,0.021248009,5.858076049
KT2440,3,5,28.5,5.875074456,0.021248009,5.853826447
KT2440,3,5,28.75,5.879191258,0.021248009,5.857943249
KT2440,3,5,29.0,5.886893661,0.021248009,5.865645652
KT2440,3,5,29.25,5.886893661,0.021248009,5.865645652
KT2440,3,5,29.5,5.883042459,0.021248009,5.8617944500000005
KT2440,3,5,29.75,5.887026461,0.021248009,5.865778452
KT2440,3,5,30.0,5.886893661,0.021248009,5.865645652
KT2440,3,5,30.25,5.88344086,0.021248009,5.8621928510000005
KT2440,3,5,30.5,5.887026461,0.021248009,5.865778452
KT2440,3,5,30.75,5.891010463,0.021248009,5.869762454
KT2440,3,5,31.0,5.883175259,0.021248009,5.86192725
KT2440,3,5,31.25,5.890877663,0.021248009,5.869629654000001
KT2440,3,5,31.5,5.887159261,0.021248009,5.865911252
KT2440,3,5,31.75,5.891010463,0.021248009,5.869762454
KT2440,3,5,32.0,5.891010463,0.021248009,5.869762454
KT2440,3,5,32.25,5.891010463,0.021248009,5.869762454
KT2440,3,5,32.5,5.898845666,0.021248009,5.877597657
KT2440,3,5,32.75,5.906282469,0.021248009,5.88503446
KT2440,3,5,33.0,5.894596064,0.021248009,5.873348055
KT2440,3,5,33.25,5.891276063,0.021248009,5.8700280540000005
KT2440,3,5,33.5,5.894994464,0.021248009,5.873746455
KT2440,3,5,33.75,5.891143263,0.021248009,5.869895254
KT2440,3,5,34.0,5.891010463,0.021248009,5.869762454
KT2440,3,5,34.25,5.891143263,0.021248009,5.869895254
KT2440,3,5,34.5,5.887292061,0.021248009,5.866044052
KT2440,3,5,34.75,5.887292061,0.021248009,5.866044052
KT2440,3,5,35.0,5.891010463,0.021248009,5.869762454
KT2440,3,5,35.25,5.898580066,0.021248009,5.877332057
KT2440,3,5,35.5,5.906548069,0.021248009,5.8853000600000005
KT2440,3,5,35.75,5.910399271,0.021248009,5.889151262
KT2440,3,5,36.0,5.902696868,0.021248009,5.881448859
KT2440,3,5,36.25,5.887159261,0.021248009,5.865911252
KT2440,3,5,36.5,5.88330806,0.021248009,5.862060051
KT2440,3,5,36.75,5.891408863,0.021248009,5.870160854
KT2440,3,5,37.0,5.887823261,0.021248009,5.8665752520000005
KT2440,3,5,37.25,5.88370646,0.021248009,5.862458451
KT2440,3,5,37.5,5.875871256,0.021248009,5.854623247
KT2440,3,5,37.75,5.879722458,0.021248009,5.858474449
KT2440,3,5,38.0,5.871488855,0.021248009,5.850240846
KT2440,3,5,38.25,5.870824854,0.021248009,5.8495768450000005
KT2440,3,5,38.5,5.867504853,0.021248009,5.846256844
KT2440,3,5,38.75,5.867106453,0.021248009,5.845858444
KT2440,3,5,39.0,5.862989651,0.021248009,5.841741642000001
KT2440,3,5,39.25,5.862989651,0.021248009,5.841741642000001
KT2440,3,5,39.5,5.862591251,0.021248009,5.841343242
KT2440,3,5,39.75,5.858872849,0.021248009,5.83762484
KT2440,3,5,40.0,5.850373646,0.021248009,5.829125637000001
KT2440,1,10,0.0,0.029348812,0.02496641,0.03
KT2440,1,10,0.25,0.032801614,0.02496641,0.03
KT2440,1,10,0.5,0.032801614,0.02496641,0.03
KT2440,1,10,0.75,0.051924822,0.02496641,0.03
KT2440,1,10,1.0,0.059760025,0.02496641,0.034793615
KT2440,1,10,1.25,0.07118083,0.02496641,0.04621442
KT2440,1,10,1.5,0.078883233,0.02496641,0.053916822999999996
KT2440,1,10,1.75,0.083000035,0.02496641,0.058033625
KT2440,1,10,2.0,0.090702438,0.02496641,0.065736028
KT2440,1,10,2.25,0.109825646,0.02496641,0.084859236
KT2440,1,10,2.5,0.125628853,0.02496641,0.10066244300000002
KT2440,1,10,2.75,0.14435366,0.02496641,0.11938725
KT2440,1,10,3.0,0.163742468,0.02496641,0.138776058
KT2440,1,10,3.25,0.186716878,0.02496641,0.161750468
KT2440,1,10,3.5,0.225228894,0.02496641,0.20026248400000002
KT2440,1,10,3.75,0.271708914,0.02496641,0.24674250400000003
KT2440,1,10,4.0,0.364004952,0.02496641,0.339038542
KT2440,1,10,4.25,0.548862629,0.02496641,0.523896219
KT2440,1,10,4.5,0.803174736,0.02496641,0.778208326
KT2440,1,10,4.75,0.987899613,0.02496641,0.962933203
KT2440,1,10,5.0,1.072758848,0.02496641,1.047792438
KT2440,1,10,5.25,1.165187687,0.02496641,1.140221277
KT2440,1,10,5.5,1.245797321,0.02496641,1.220830911
KT2440,1,10,5.75,1.303830945,0.02496641,1.278864535
KT2440,1,10,6.0,1.384573379,0.02496641,1.359606969
KT2440,1,10,6.25,1.438755801,0.02496641,1.413789391
KT2440,1,10,6.5,1.480986219,0.02496641,1.456019809
KT2440,1,10,6.75,1.661992695,0.02496641,1.637026285
KT2440,1,10,7.0,1.819891961,0.02496641,1.794925551
KT2440,1,10,7.25,1.923741604,0.02496641,1.898775194
KT2440,1,10,7.5,2.162648904,0.02496641,2.137682494
KT2440,1,10,7.75,2.282168954,0.02496641,2.2572025439999996
KT2440,1,10,8.0,2.332234575,0.02496641,2.307268165
KT2440,1,10,8.25,2.424663414,0.02496641,2.3996970039999996
KT2440,1,10,8.5,2.601553088,0.02496641,2.576586678
KT2440,1,10,8.75,2.767154757,0.02496641,2.742188347
KT2440,1,10,9.0,2.936873228,0.02496641,2.911906818
KT2440,1,10,9.25,3.08693729,0.02496641,3.0619708799999996
KT2440,1,10,9.5,3.25267176,0.02496641,3.22770535
KT2440,1,10,9.75,3.395033419,0.02496641,3.370067009
KT2440,1,10,10.0,3.56435349,0.02496641,3.5393870799999996
KT2440,1,10,10.25,3.672187135,0.02496641,3.647220725
KT2440,1,10,10.5,3.807377592,0.02496641,3.7824111819999997
KT2440,1,10,10.75,3.988384067,0.02496641,3.963417657
KT2440,1,10,11.0,4.203918557,0.02496641,4.1789521469999995
KT2440,1,10,11.25,4.40019704,0.02496641,4.37523063
KT2440,1,10,11.5,4.558096306,0.02496641,4.533129896
KT2440,1,10,11.75,4.704574767,0.02496641,4.679608357
KT2440,1,10,12.0,4.820243615,0.02496641,4.795277205
KT2440,1,10,12.25,4.939498065,0.02496641,4.914531655
KT2440,1,10,12.5,5.055299713,0.02496641,5.030333303
KT2440,1,10,12.75,5.154899755,0.02496641,5.1299333449999995
KT2440,1,10,13.0,5.243875792,0.02496641,5.218909382
KT2440,1,10,13.25,5.328735028,0.02496641,5.303768617999999
KT2440,1,10,13.5,5.421031066,0.02496641,5.396064656
KT2440,1,10,13.75,5.494336697,0.02496641,5.469370286999999
KT2440,1,10,14.0,5.574946331,0.02496641,5.549979920999999
KT2440,1,10,14.25,5.62142635,0.02496641,5.59645994
KT2440,1,10,14.5,5.655954364,0.02496641,5.630987954
KT2440,1,10,14.75,5.705754385,0.02496641,5.680787974999999
KT2440,1,10,15.0,5.744797602,0.02496641,5.719831192
KT2440,1,10,15.25,5.613192747,0.02496641,5.588226337
KT2440,1,10,15.5,5.898181666,0.02496641,5.873215256
KT2440,1,10,15.75,5.93337368,0.02496641,5.90840727
KT2440,1,10,16.0,5.968034495,0.02496641,5.943068085
KT2440,1,10,16.25,6.045058527,0.02496641,6.020092117
KT2440,1,10,16.5,6.072016938,0.02496641,6.047050528
KT2440,1,10,16.75,6.09910815,0.02496641,6.07414174
KT2440,1,10,17.0,6.122348159,0.02496641,6.097381749
KT2440,1,10,17.25,6.187818587,0.02496641,6.1628521769999995
KT2440,1,10,17.5,6.2186282,0.02496641,6.19366179
KT2440,1,10,17.75,6.245586611,0.02496641,6.220620201
KT2440,1,10,18.0,6.257140216,0.02496641,6.232173806
KT2440,1,10,18.25,6.260725817,0.02496641,6.235759407
KT2440,1,10,18.5,6.260460217,0.02496641,6.235493807
KT2440,1,10,18.75,6.256874616,0.02496641,6.231908206
KT2440,1,10,19.0,6.253156214,0.02496641,6.228189803999999
KT2440,1,10,19.25,6.241602609,0.02496641,6.216636199
KT2440,1,10,19.5,6.230049004,0.02496641,6.205082593999999
KT2440,1,10,19.75,6.222213801,0.02496641,6.197247390999999
KT2440,1,10,20.0,6.199239392,0.02496641,6.174272982
KT2440,1,10,20.25,6.17214818,0.02496641,6.1471817699999995
KT2440,1,10,20.5,6.137620166,0.02496641,6.112653755999999
KT2440,1,10,20.75,6.083570543,0.02496641,6.058604133
KT2440,1,10,21.0,6.045058527,0.02496641,6.020092117
KT2440,1,10,21.25,5.987157703,0.02496641,5.962191293
KT2440,1,10,21.5,5.976002498,0.02496641,5.9510360879999995
KT2440,1,10,21.75,5.964316093,0.02496641,5.939349683
KT2440,1,10,22.0,5.937224882,0.02496641,5.9122584719999995
KT2440,1,10,22.25,5.948911287,0.02496641,5.923944876999999
KT2440,1,10,22.5,5.960597692,0.02496641,5.935631282
KT2440,1,10,22.75,5.9799865,0.02496641,5.95502009
KT2440,1,10,23.0,5.987688903,0.02496641,5.962722492999999
KT2440,1,10,23.25,5.983704901,0.02496641,5.958738491
KT2440,1,10,23.5,6.002695309,0.02496641,5.977728899
KT2440,1,10,23.75,5.9794553,0.02496641,5.9544888899999995
KT2440,1,10,24.0,5.964183293,0.02496641,5.939216882999999
KT2440,1,10,24.25,5.960464892,0.02496641,5.935498482
KT2440,1,10,24.5,5.967901695,0.02496641,5.942935285
KT2440,1,10,24.75,5.968167295,0.02496641,5.9432008849999995
KT2440,1,10,25.0,5.968034495,0.02496641,5.943068085
KT2440,1,10,25.25,5.952629689,0.02496641,5.927663279
KT2440,1,10,25.5,5.944661685,0.02496641,5.919695275
KT2440,1,10,25.75,5.93324088,0.02496641,5.908274469999999
KT2440,1,10,26.0,5.887292061,0.02496641,5.862325651
KT2440,1,10,26.25,5.848647245,0.02496641,5.823680835
KT2440,1,10,26.5,5.791012021,0.02496641,5.766045611
KT2440,1,10,26.75,5.76392081,0.02496641,5.7389544
KT2440,1,10,27.0,5.744399201,0.02496641,5.719432791
KT2440,1,10,27.25,5.686896777,0.02496641,5.661930367
KT2440,1,10,27.5,5.710003987,0.02496641,5.685037577
KT2440,1,10,27.75,5.706285586,0.02496641,5.681319176
KT2440,1,10,28.0,5.663789568,0.02496641,5.638823158
KT2440,1,10,28.25,5.671359171,0.02496641,5.6463927609999995
KT2440,1,10,28.5,5.690216779,0.02496641,5.665250369
KT2440,1,10,28.75,5.659672766,0.02496641,5.634706356
KT2440,1,10,29.0,5.636565556,0.02496641,5.611599146
KT2440,1,10,29.25,5.563392726,0.02496641,5.538426316
KT2440,1,10,29.5,5.547987919,0.02496641,5.523021508999999
KT2440,1,10,29.75,5.517311107,0.02496641,5.492344697
KT2440,1,10,30.0,5.494071097,0.02496641,5.469104687
KT2440,1,10,30.25,5.459808682,0.02496641,5.434842272
KT2440,1,10,30.5,5.432584671,0.02496641,5.407618261
KT2440,1,10,30.75,5.374949447,0.02496641,5.349983036999999
KT2440,1,10,31.0,5.328602228,0.02496641,5.303635818
KT2440,1,10,31.25,5.220768583,0.02496641,5.195802173
KT2440,1,10,31.5,5.089960528,0.02496641,5.0649941179999995
KT2440,1,10,31.75,4.943614867,0.02496641,4.918648457
KT2440,1,10,32.0,4.758757189,0.02496641,4.733790779
KT2440,1,10,32.25,4.458363464,0.02496641,4.433397053999999
KT2440,1,10,32.5,4.127292925,0.02496641,4.102326515
KT2440,1,10,32.75,3.930616043,0.02496641,3.905649633
KT2440,1,10,33.0,3.907376033,0.02496641,3.8824096229999996
KT2440,1,10,33.25,3.904056032,0.02496641,3.879089622
KT2440,1,10,33.5,3.876964821,0.02496641,3.851998411
KT2440,1,10,33.75,3.880816022,0.02496641,3.8558496119999996
KT2440,1,10,34.0,3.869129617,0.02496641,3.844163207
KT2440,1,10,34.25,3.85000641,0.02496641,3.82504
KT2440,1,10,34.5,3.830750401,0.02496641,3.8057839909999998
KT2440,1,10,34.75,3.80379199,0.02496641,3.77882558
KT2440,1,10,35.0,3.795956787,0.02496641,3.770990377
KT2440,1,10,35.25,3.784270382,0.02496641,3.7593039719999997
KT2440,1,10,35.5,3.769131176,0.02496641,3.744164766
KT2440,1,10,35.75,3.753726369,0.02496641,3.7287599589999996
KT2440,1,10,36.0,3.722916756,0.02496641,3.697950346
KT2440,1,10,36.25,3.699676747,0.02496641,3.6747103369999996
KT2440,1,10,36.5,3.695825545,0.02496641,3.6708591349999997
KT2440,1,10,36.75,3.676967937,0.02496641,3.652001527
KT2440,1,10,37.0,3.661828731,0.02496641,3.6368623209999997
KT2440,1,10,37.25,3.642307123,0.02496641,3.617340713
KT2440,1,10,37.5,3.622918315,0.02496641,3.597951905
KT2440,1,10,37.75,3.603662307,0.02496641,3.578695897
KT2440,1,10,38.0,3.591577501,0.02496641,3.566611091
KT2440,1,10,38.25,3.556252687,0.02496641,3.531286277
KT2440,1,10,38.5,3.552932685,0.02496641,3.527966275
KT2440,1,10,38.75,3.529427075,0.02496641,3.504460665
KT2440,1,10,39.0,3.506054266,0.02496641,3.481087856
KT2440,1,10,39.25,3.490649459,0.02496641,3.465683049
KT2440,1,10,39.5,3.513358269,0.02496641,3.4883918589999996
KT2440,1,10,39.75,3.448020641,0.02496641,3.4230542309999996
KT2440,1,10,40.0,3.42026543,0.02496641,3.39529902
KT2440,2,10,0.0,0.029348812,0.02496641,0.03
KT2440,2,10,0.25,0.02509921,0.02496641,0.03
KT2440,2,10,0.5,0.02509921,0.02496641,0.03
KT2440,2,10,0.75,0.051924822,0.02496641,0.03
KT2440,2,10,1.0,0.055908823,0.02496641,0.030942413000000002
KT2440,2,10,1.25,0.055776023,0.02496641,0.030809613
KT2440,2,10,1.5,0.055776023,0.02496641,0.030809613
KT2440,2,10,1.75,0.079148833,0.02496641,0.054182423
KT2440,2,10,2.0,0.083000035,0.02496641,0.058033625
KT2440,2,10,2.25,0.086718436,0.02496641,0.061752025999999995
KT2440,2,10,2.5,0.098670441,0.02496641,0.073704031
KT2440,2,10,2.75,0.113544047,0.02496641,0.08857763699999999
KT2440,2,10,3.0,0.125230452,0.02496641,0.100264042
KT2440,2,10,3.25,0.136651257,0.02496641,0.111684847
KT2440,2,10,3.5,0.159758467,0.02496641,0.134792057
KT2440,2,10,3.75,0.198536083,0.02496641,0.173569673
KT2440,2,10,4.0,0.260022509,0.02496641,0.23505609900000002
KT2440,2,10,4.25,0.352451347,0.02496641,0.32748493700000003
KT2440,2,10,4.5,0.533590623,0.02496641,0.508624213
KT2440,2,10,4.75,0.768381121,0.02496641,0.743414711
KT2440,2,10,5.0,0.907157179,0.02496641,0.882190769
KT2440,2,10,5.25,1.049651639,0.02496641,1.024685229
KT2440,2,10,5.5,1.207285305,0.02496641,1.182318895
KT2440,2,10,5.75,1.319235752,0.02496641,1.294269342
KT2440,2,10,6.0,1.373019774,0.02496641,1.348053364
KT2440,2,10,6.25,1.404094987,0.02496641,1.379128577
KT2440,2,10,6.5,1.423218195,0.02496641,1.398251785
KT2440,2,10,6.75,1.477135018,0.02496641,1.452168608
KT2440,2,10,7.0,1.581117461,0.02496641,1.556151051
KT2440,2,10,7.25,1.74658633,0.02496641,1.72161992
KT2440,2,10,7.5,1.916172001,0.02496641,1.891205591
KT2440,2,10,7.75,2.066501664,0.02496641,2.041535254
KT2440,2,10,8.0,2.24750814,0.02496641,2.2225417299999997
KT2440,2,10,8.25,2.424663414,0.02496641,2.3996970039999996
KT2440,2,10,8.5,2.609255491,0.02496641,2.5842890809999997
KT2440,2,10,8.75,2.771005958,0.02496641,2.7460395479999997
KT2440,2,10,9.0,2.929170825,0.02496641,2.9042044149999997
KT2440,2,10,9.25,3.044574073,0.02496641,3.019607663
KT2440,2,10,9.5,3.264225365,0.02496641,3.239258955
KT2440,2,10,9.75,3.383479814,0.02496641,3.358513404
KT2440,2,10,10.0,3.525841474,0.02496641,3.5008750639999997
KT2440,2,10,10.25,3.672187135,0.02496641,3.647220725
KT2440,2,10,10.5,3.876699221,0.02496641,3.8517328109999998
KT2440,2,10,10.75,3.992235269,0.02496641,3.967268859
KT2440,2,10,11.0,4.153852937,0.02496641,4.128886527
KT2440,2,10,11.25,4.311619402,0.02496641,4.286652992
KT2440,2,10,11.5,4.523435491,0.02496641,4.498469081
KT2440,2,10,11.75,4.642955541,0.02496641,4.617989131
KT2440,2,10,12.0,4.720112373,0.02496641,4.695145963
KT2440,2,10,12.25,4.85477163,0.02496641,4.82980522
KT2440,2,10,12.5,5.009085294,0.02496641,4.984118884
KT2440,2,10,12.75,5.112536537,0.02496641,5.087570127
KT2440,2,10,13.0,5.197661373,0.02496641,5.172694963
KT2440,2,10,13.25,5.290223012,0.02496641,5.265256602
KT2440,2,10,13.5,5.359411841,0.02496641,5.334445431
KT2440,2,10,13.75,5.417312665,0.02496641,5.392346255
KT2440,2,10,14.0,5.486368694,0.02496641,5.461402284
KT2440,2,10,14.25,5.540551116,0.02496641,5.515584705999999
KT2440,2,10,14.5,5.594335139,0.02496641,5.569368729
KT2440,2,10,14.75,5.667242369,0.02496641,5.642275959
KT2440,2,10,15.0,5.721690392,0.02496641,5.696723982
KT2440,2,10,15.25,5.69406798,0.02496641,5.66910157
KT2440,2,10,15.5,5.890479263,0.02496641,5.865512852999999
KT2440,2,10,15.75,5.944927285,0.02496641,5.919960875
KT2440,2,10,16.0,5.994992906,0.02496641,5.970026496
KT2440,2,10,16.25,6.033504922,0.02496641,6.008538511999999
KT2440,2,10,16.5,6.07586814,0.02496641,6.05090173
KT2440,2,10,16.75,6.110661755,0.02496641,6.0856953449999995
KT2440,2,10,17.0,6.157008974,0.02496641,6.132042564
KT2440,2,10,17.25,6.19552099,0.02496641,6.17055458
KT2440,2,10,17.5,6.226330603,0.02496641,6.201364193
KT2440,2,10,17.75,6.272545022,0.02496641,6.247578612
KT2440,2,10,18.0,6.29180103,0.02496641,6.26683462
KT2440,2,10,18.25,6.310791438,0.02496641,6.285825028
KT2440,2,10,18.5,6.337484249,0.02496641,6.312517839
KT2440,2,10,18.75,6.349303454,0.02496641,6.324337044
KT2440,2,10,19.0,6.376394666,0.02496641,6.351428256
KT2440,2,10,19.25,6.384097069,0.02496641,6.359130659
KT2440,2,10,19.5,6.364841061,0.02496641,6.339874651
KT2440,2,10,19.75,6.349303454,0.02496641,6.324337044
KT2440,2,10,20.0,6.326329045,0.02496641,6.301362634999999
KT2440,2,10,20.25,6.279981825,0.02496641,6.255015415
KT2440,2,10,20.5,6.241602609,0.02496641,6.216636199
KT2440,2,10,20.75,6.191404188,0.02496641,6.166437778
KT2440,2,10,21.0,6.145189769,0.02496641,6.120223359
KT2440,2,10,21.25,6.106544953,0.02496641,6.081578543
KT2440,2,10,21.5,6.09924095,0.02496641,6.07427454
KT2440,2,10,21.75,6.07600094,0.02496641,6.05103453
KT2440,2,10,22.0,6.056612132,0.02496641,6.0316457219999995
KT2440,2,10,22.25,6.025935319,0.02496641,6.000968909
KT2440,2,10,22.5,6.022216918,0.02496641,5.997250508
KT2440,2,10,22.75,6.022349718,0.02496641,5.997383308
KT2440,2,10,23.0,6.033903322,0.02496641,6.008936911999999
KT2440,2,10,23.25,6.037621724,0.02496641,6.012655314
KT2440,2,10,23.5,6.045058527,0.02496641,6.020092117
KT2440,2,10,23.75,6.056479332,0.02496641,6.031512922
KT2440,2,10,24.0,6.068165737,0.02496641,6.043199327
KT2440,2,10,24.25,6.079852142,0.02496641,6.054885732
KT2440,2,10,24.5,6.091140146,0.02496641,6.066173736
KT2440,2,10,24.75,6.110661755,0.02496641,6.0856953449999995
KT2440,2,10,25.0,6.114380156,0.02496641,6.089413746
KT2440,2,10,25.25,6.122082559,0.02496641,6.097116149
KT2440,2,10,25.5,6.129519362,0.02496641,6.104552952
KT2440,2,10,25.75,6.129652163,0.02496641,6.104685753
KT2440,2,10,26.0,6.126066561,0.02496641,6.101100151
KT2440,2,10,26.25,6.129784963,0.02496641,6.104818552999999
KT2440,2,10,26.5,6.133768964,0.02496641,6.1088025539999995
KT2440,2,10,26.75,6.122082559,0.02496641,6.097116149
KT2440,2,10,27.0,6.121816959,0.02496641,6.096850549
KT2440,2,10,27.25,6.122082559,0.02496641,6.097116149
KT2440,2,10,27.5,6.129784963,0.02496641,6.104818552999999
KT2440,2,10,27.75,6.126066561,0.02496641,6.101100151
KT2440,2,10,28.0,6.122082559,0.02496641,6.097116149
KT2440,2,10,28.25,6.114247356,0.02496641,6.089280946
KT2440,2,10,28.5,6.106146553,0.02496641,6.081180143
KT2440,2,10,28.75,6.110263354,0.02496641,6.0852969439999995
KT2440,2,10,29.0,6.110263354,0.02496641,6.0852969439999995
KT2440,2,10,29.25,6.110263354,0.02496641,6.0852969439999995
KT2440,2,10,29.5,6.110263354,0.02496641,6.0852969439999995
KT2440,2,10,29.75,6.110396154,0.02496641,6.085429744
KT2440,2,10,30.0,6.102560951,0.02496641,6.077594541
KT2440,2,10,30.25,6.102959351,0.02496641,6.077992941
KT2440,2,10,30.5,6.106544953,0.02496641,6.081578543
KT2440,2,10,30.75,6.110528955,0.02496641,6.085562545
KT2440,2,10,31.0,6.114247356,0.02496641,6.089280946
KT2440,2,10,31.25,6.121949759,0.02496641,6.096983348999999
KT2440,2,10,31.5,6.125933761,0.02496641,6.1009673509999995
KT2440,2,10,31.75,6.129784963,0.02496641,6.104818552999999
KT2440,2,10,32.0,6.122082559,0.02496641,6.097116149
KT2440,2,10,32.25,6.122082559,0.02496641,6.097116149
KT2440,2,10,32.5,6.133768964,0.02496641,6.1088025539999995
KT2440,2,10,32.75,6.137354566,0.02496641,6.112388156
KT2440,2,10,33.0,6.121816959,0.02496641,6.096850549
KT2440,2,10,33.25,6.133901764,0.02496641,6.108935354
KT2440,2,10,33.5,6.145322569,0.02496641,6.120356159
KT2440,2,10,33.75,6.149173771,0.02496641,6.124207361
KT2440,2,10,34.0,6.164445777,0.02496641,6.139479367
KT2440,2,10,34.25,6.17228098,0.02496641,6.14731457
KT2440,2,10,34.5,6.164578577,0.02496641,6.139612167
KT2440,2,10,34.75,6.168429779,0.02496641,6.143463369
KT2440,2,10,35.0,6.156743374,0.02496641,6.131776964
KT2440,2,10,35.25,6.183568985,0.02496641,6.158602575
KT2440,2,10,35.5,6.183834585,0.02496641,6.158868174999999
KT2440,2,10,35.75,6.19538819,0.02496641,6.17042178
KT2440,2,10,36.0,6.168429779,0.02496641,6.143463369
KT2440,2,10,36.25,6.145189769,0.02496641,6.120223359
KT2440,2,10,36.5,6.129784963,0.02496641,6.104818552999999
KT2440,2,10,36.75,6.126332161,0.02496641,6.1013657509999994
KT2440,2,10,37.0,6.115044156,0.02496641,6.0900777459999995
KT2440,2,10,37.25,6.107076153,0.02496641,6.082109743
KT2440,2,10,37.5,6.091538547,0.02496641,6.066572137
KT2440,2,10,37.75,6.087687345,0.02496641,6.062720935
KT2440,2,10,38.0,6.071751338,0.02496641,6.046784928
KT2440,2,10,38.25,6.040277725,0.02496641,6.015311315
KT2440,2,10,38.5,6.044660127,0.02496641,6.019693717
KT2440,2,10,38.75,6.025005719,0.02496641,6.000039309
KT2440,2,10,39.0,6.020888917,0.02496641,5.9959225069999995
KT2440,2,10,39.25,6.009335312,0.02496641,5.984368902
KT2440,2,10,39.5,6.012788114,0.02496641,5.987821704
KT2440,2,10,39.75,6.024474519,0.02496641,5.999508109
KT2440,2,10,40.0,6.035231323,0.02496641,6.010264912999999
KT2440,3,10,0.0,0.029348812,0.02496641,0.03
KT2440,3,10,0.25,0.028950412,0.02496641,0.03
KT2440,3,10,0.5,0.028950412,0.02496641,0.03
KT2440,3,10,0.75,0.02496641,0.02496641,0.03
KT2440,3,10,1.0,0.044355219,0.02496641,0.03
KT2440,3,10,1.25,0.04807362,0.02496641,0.03
KT2440,3,10,1.5,0.04807362,0.02496641,0.03
KT2440,3,10,1.75,0.059892825,0.02496641,0.034926414999999995
KT2440,3,10,2.0,0.067595228,0.02496641,0.04262881799999999
KT2440,3,10,2.25,0.090569638,0.02496641,0.06560322799999999
KT2440,3,10,2.5,0.110224046,0.02496641,0.085257636
KT2440,3,10,2.75,0.140502459,0.02496641,0.115536049
KT2440,3,10,3.0,0.16759367,0.02496641,0.14262726
KT2440,3,10,3.25,0.205972886,0.02496641,0.181006476
KT2440,3,10,3.5,0.259889709,0.02496641,0.23492329900000003
KT2440,3,10,3.75,0.356435349,0.02496641,0.331468939
KT2440,3,10,4.0,0.518053017,0.02496641,0.49308660699999995
KT2440,3,10,4.25,0.675952283,0.02496641,0.650985873
KT2440,3,10,4.5,0.826281945,0.02496641,0.801315535
KT2440,3,10,4.75,0.972494807,0.02496641,0.947528397
KT2440,3,10,5.0,1.103568461,0.02496641,1.078602051
KT2440,3,10,5.25,1.207550905,0.02496641,1.182584495
KT2440,3,10,5.5,1.29201174,0.02496641,1.26704533
KT2440,3,10,5.75,1.326938155,0.02496641,1.301971745
KT2440,3,10,6.0,1.403829387,0.02496641,1.378862977
KT2440,3,10,6.25,1.469565414,0.02496641,1.444599004
KT2440,3,10,6.5,1.561861453,0.02496641,1.536895043
KT2440,3,10,6.75,1.6735463,0.02496641,1.64857989
KT2440,3,10,7.0,1.789082348,0.02496641,1.764115938
KT2440,3,10,7.25,1.896783193,0.02496641,1.871816783
KT2440,3,10,7.5,2.185756114,0.02496641,2.160789704
KT2440,3,10,7.75,2.228252132,0.02496641,2.203285722
KT2440,3,10,8.0,2.401556204,0.02496641,2.3765897939999996
KT2440,3,10,8.25,2.586413881,0.02496641,2.5614474709999997
KT2440,3,10,8.5,2.747898749,0.02496641,2.7229323389999998
KT2440,3,10,8.75,2.874988402,0.02496641,2.850021992
KT2440,3,10,9.0,3.021599663,0.02496641,2.9966332529999997
KT2440,3,10,9.25,3.160110121,0.02496641,3.135143711
KT2440,3,10,9.5,3.306588582,0.02496641,3.2816221719999996
KT2440,3,10,9.75,3.395033419,0.02496641,3.370067009
KT2440,3,10,10.0,3.614419111,0.02496641,3.589452701
KT2440,3,10,10.25,3.714550353,0.02496641,3.6895839429999997
KT2440,3,10,10.5,3.872848019,0.02496641,3.847881609
KT2440,3,10,10.75,4.023044882,0.02496641,3.9980784719999996
KT2440,3,10,11.0,4.153852937,0.02496641,4.128886527
KT2440,3,10,11.25,4.330875411,0.02496641,4.305909001
KT2440,3,10,11.5,4.407899443,0.02496641,4.382933033
KT2440,3,10,11.75,4.550526702,0.02496641,4.525560292
KT2440,3,10,12.0,4.654641946,0.02496641,4.629675536
KT2440,3,10,12.25,4.785450001,0.02496641,4.760483591
KT2440,3,10,12.5,4.916656455,0.02496641,4.891690045
KT2440,3,10,12.75,4.993149287,0.02496641,4.968182876999999
KT2440,3,10,13.0,5.07057172,0.02496641,5.04560531
KT2440,3,10,13.25,5.159282157,0.02496641,5.134315747
KT2440,3,10,13.5,5.236173389,0.02496641,5.211206979
KT2440,3,10,13.75,5.328735028,0.02496641,5.303768617999999
KT2440,3,10,14.0,5.413195863,0.02496641,5.388229453
KT2440,3,10,14.25,5.482783092,0.02496641,5.457816682
KT2440,3,10,14.5,5.548120719,0.02496641,5.523154309
KT2440,3,10,14.75,5.613325547,0.02496641,5.588359136999999
KT2440,3,10,15.0,5.660071166,0.02496641,5.635104756
KT2440,3,10,15.25,5.678663174,0.02496641,5.653696764
KT2440,3,10,15.5,5.85966965,0.02496641,5.83470324
KT2440,3,10,15.75,5.856349648,0.02496641,5.831383238
KT2440,3,10,16.0,5.887159261,0.02496641,5.862192851
KT2440,3,10,16.25,5.960332092,0.02496641,5.935365682
KT2440,3,10,16.5,5.998844108,0.02496641,5.973877698
KT2440,3,10,16.75,6.025935319,0.02496641,6.000968909
KT2440,3,10,17.0,6.110794555,0.02496641,6.085828145
KT2440,3,10,17.25,6.103092151,0.02496641,6.078125741
KT2440,3,10,17.5,6.141604168,0.02496641,6.1166377579999995
KT2440,3,10,17.75,6.183967385,0.02496641,6.159000975
KT2440,3,10,18.0,6.199372192,0.02496641,6.174405782
KT2440,3,10,18.25,6.253023414,0.02496641,6.228057004
KT2440,3,10,18.5,6.295121032,0.02496641,6.270154622
KT2440,3,10,18.75,6.31464264,0.02496641,6.2896762299999995
KT2440,3,10,19.0,6.33788265,0.02496641,6.31291624
KT2440,3,10,19.25,6.376394666,0.02496641,6.351428256
KT2440,3,10,19.5,6.403353077,0.02496641,6.378386667
KT2440,3,10,19.75,6.43402989,0.02496641,6.4090634799999995
KT2440,3,10,20.0,6.438013891,0.02496641,6.4130474809999996
KT2440,3,10,20.25,6.445583495,0.02496641,6.420617085
KT2440,3,10,20.5,6.422609085,0.02496641,6.397642675
KT2440,3,10,20.75,6.391666672,0.02496641,6.366700262
KT2440,3,10,21.0,6.360857059,0.02496641,6.3358906489999995
KT2440,3,10,21.25,6.322212243,0.02496641,6.297245833
KT2440,3,10,21.5,6.276396224,0.02496641,6.251429814
KT2440,3,10,21.75,6.237751408,0.02496641,6.212784998
KT2440,3,10,22.0,6.187552987,0.02496641,6.162586577
KT2440,3,10,22.25,6.129917763,0.02496641,6.104951353
KT2440,3,10,22.5,6.09924095,0.02496641,6.07427454
KT2440,3,10,22.75,6.072415339,0.02496641,6.047448929
KT2440,3,10,23.0,6.064712935,0.02496641,6.039746525
KT2440,3,10,23.25,6.037621724,0.02496641,6.012655314
KT2440,3,10,23.5,6.021951317,0.02496641,5.996984907
KT2440,3,10,23.75,6.010264913,0.02496641,5.985298503
KT2440,3,10,24.0,6.006546511,0.02496641,5.981580101
KT2440,3,10,24.25,5.998976908,0.02496641,5.974010498
KT2440,3,10,24.5,5.994860106,0.02496641,5.969893696
KT2440,3,10,24.75,6.010530513,0.02496641,5.985564103
KT2440,3,10,25.0,6.006546511,0.02496641,5.981580101
KT2440,3,10,25.25,6.006546511,0.02496641,5.981580101
KT2440,3,10,25.5,6.017834516,0.02496641,5.9928681059999995
KT2440,3,10,25.75,6.029520921,0.02496641,6.004554510999999
KT2440,3,10,26.0,6.045191327,0.02496641,6.020224917
KT2440,3,10,26.25,6.056612132,0.02496641,6.0316457219999995
KT2440,3,10,26.5,6.072149738,0.02496641,6.047183328
KT2440,3,10,26.75,6.07586814,0.02496641,6.05090173
KT2440,3,10,27.0,6.083304943,0.02496641,6.058338533
KT2440,3,10,27.25,6.091272946,0.02496641,6.066306536
KT2440,3,10,27.5,6.09897535,0.02496641,6.07400894
KT2440,3,10,27.75,6.102959351,0.02496641,6.077992941
KT2440,3,10,28.0,6.102826551,0.02496641,6.0778601409999995
KT2440,3,10,28.25,6.102693751,0.02496641,6.077727341
KT2440,3,10,28.5,6.102295351,0.02496641,6.077328941
KT2440,3,10,28.75,6.106412153,0.02496641,6.081445743
KT2440,3,10,29.0,6.106412153,0.02496641,6.081445743
KT2440,3,10,29.25,6.106412153,0.02496641,6.081445743
KT2440,3,10,29.5,6.110263354,0.02496641,6.0852969439999995
KT2440,3,10,29.75,6.106544953,0.02496641,6.081578543
KT2440,3,10,30.0,6.09870975,0.02496641,6.07374334
KT2440,3,10,30.25,6.106810553,0.02496641,6.081844143
KT2440,3,10,30.5,6.114247356,0.02496641,6.089280946
KT2440,3,10,30.75,6.110528955,0.02496641,6.085562545
KT2440,3,10,31.0,6.114247356,0.02496641,6.089280946
KT2440,3,10,31.25,6.121949759,0.02496641,6.096983348999999
KT2440,3,10,31.5,6.122082559,0.02496641,6.097116149
KT2440,3,10,31.75,6.133636164,0.02496641,6.108669754
KT2440,3,10,32.0,6.137487366,0.02496641,6.112520956
KT2440,3,10,32.25,6.137487366,0.02496641,6.112520956
KT2440,3,10,32.5,6.145322569,0.02496641,6.120356159
KT2440,3,10,32.75,6.160461775,0.02496641,6.135495365
KT2440,3,10,33.0,6.144924169,0.02496641,6.119957759
KT2440,3,10,33.25,6.153157772,0.02496641,6.128191362
KT2440,3,10,33.5,6.17228098,0.02496641,6.14731457
KT2440,3,10,33.75,6.176132182,0.02496641,6.151165772
KT2440,3,10,34.0,6.187552987,0.02496641,6.162586577
KT2440,3,10,34.25,6.19538819,0.02496641,6.17042178
KT2440,3,10,34.5,6.199239392,0.02496641,6.174272982
KT2440,3,10,34.75,6.206941795,0.02496641,6.181975384999999
KT2440,3,10,35.0,6.202957793,0.02496641,6.177991383
KT2440,3,10,35.25,6.222081001,0.02496641,6.197114591
KT2440,3,10,35.5,6.222346601,0.02496641,6.197380191
KT2440,3,10,35.75,6.237751408,0.02496641,6.212784998
KT2440,3,10,36.0,6.237751408,0.02496641,6.212784998
KT2440,3,10,36.25,6.229916204,0.02496641,6.204949794
KT2440,3,10,36.5,6.237618608,0.02496641,6.212652198
KT2440,3,10,36.75,6.257273016,0.02496641,6.232306606
KT2440,3,10,37.0,6.261389818,0.02496641,6.236423407999999
KT2440,3,10,37.25,6.257273016,0.02496641,6.232306606
KT2440,3,10,37.5,6.264842619,0.02496641,6.239876209
KT2440,3,10,37.75,6.272545022,0.02496641,6.247578612
KT2440,3,10,38.0,6.275865024,0.02496641,6.250898614
KT2440,3,10,38.25,6.279052225,0.02496641,6.254085815
KT2440,3,10,38.5,6.279583425,0.02496641,6.254617015
KT2440,3,10,38.75,6.29073863,0.02496641,6.26577222
KT2440,3,10,39.0,6.282770627,0.02496641,6.2578042169999994
KT2440,3,10,39.25,6.286621828,0.02496641,6.261655418
KT2440,3,10,39.5,6.297777033,0.02496641,6.272810623
KT2440,3,10,39.75,6.297909833,0.02496641,6.272943423
KT2440,3,10,40.0,6.300964234,0.02496641,6.275997824
KT2440,1,15,0.0,0.022399658,0.017919727,0.03
KT2440,1,15,0.25,0.044799317,0.017919727,0.03
KT2440,1,15,0.5,0.040319385,0.017919727,0.03
KT2440,1,15,0.75,0.040319385,0.017919727,0.03
KT2440,1,15,1.0,0.044799317,0.017919727,0.03
KT2440,1,15,1.25,0.049279249,0.017919727,0.031359522
KT2440,1,15,1.5,0.05375918,0.017919727,0.03583945299999999
KT2440,1,15,1.75,0.049279249,0.017919727,0.031359522
KT2440,1,15,2.0,0.058239112,0.017919727,0.040319385
KT2440,1,15,2.25,0.067198975,0.017919727,0.049279248
KT2440,1,15,2.5,0.076158839,0.017919727,0.05823911200000001
KT2440,1,15,2.75,0.085118702,0.017919727,0.06719897500000001
KT2440,1,15,3.0,0.089598634,0.017919727,0.071678907
KT2440,1,15,3.25,0.098558497,0.017919727,0.08063877
KT2440,1,15,3.5,0.10751836,0.017919727,0.089598633
KT2440,1,15,3.75,0.120958155,0.017919727,0.103038428
KT2440,1,15,4.0,0.13439795,0.017919727,0.11647822299999999
KT2440,1,15,4.25,0.152317677,0.017919727,0.13439795000000002
KT2440,1,15,4.5,0.179197267,0.017919727,0.16127754
KT2440,1,15,4.75,0.201596926,0.017919727,0.183677199
KT2440,1,15,5.0,0.232956447,0.017919727,0.21503672000000001
KT2440,1,15,5.25,0.273275833,0.017919727,0.255356106
KT2440,1,15,5.5,0.318075149,0.017919727,0.300155422
KT2440,1,15,5.75,0.37183433,0.017919727,0.353914603
KT2440,1,15,6.0,0.439033305,0.017919727,0.421113578
KT2440,1,15,6.25,0.515192143,0.017919727,0.49727241600000005
KT2440,1,15,6.5,0.609270709,0.017919727,0.591350982
KT2440,1,15,6.75,0.716789069,0.017919727,0.698869342
KT2440,1,15,7.0,0.833267293,0.017919727,0.815347566
KT2440,1,15,7.25,0.967665243,0.017919727,0.949745516
KT2440,1,15,7.5,1.111023057,0.017919727,1.09310333
KT2440,1,15,7.75,1.267820666,0.017919727,1.249900939
KT2440,1,15,8.0,1.433578138,0.017919727,1.415658411
KT2440,1,15,8.25,1.608295474,0.017919727,1.590375747
KT2440,1,15,8.5,1.765093083,0.017919727,1.747173356
KT2440,1,15,8.75,1.903970965,0.017919727,1.886051238
KT2440,1,15,9.0,2.033888984,0.017919727,2.0159692569999996
KT2440,1,15,9.25,2.145887276,0.017919727,2.1279675489999996
KT2440,1,15,9.5,2.253405636,0.017919727,2.235485909
KT2440,1,15,9.75,2.356444065,0.017919727,2.3385243379999996
KT2440,1,15,10.0,2.441562767,0.017919727,2.42364304
KT2440,1,15,10.25,2.508761742,0.017919727,2.4908420149999997
KT2440,1,15,10.5,2.580440649,0.017919727,2.5625209219999996
KT2440,1,15,10.75,2.638679761,0.017919727,2.620760034
KT2440,1,15,11.0,2.687959009,0.017919727,2.670039282
KT2440,1,15,11.25,2.710358668,0.017919727,2.692438941
KT2440,1,15,11.5,2.732758326,0.017919727,2.7148385989999997
KT2440,1,15,11.75,2.750678053,0.017919727,2.732758326
KT2440,1,15,12.0,2.76859778,0.017919727,2.7506780529999997
KT2440,1,15,12.25,2.782037575,0.017919727,2.7641178479999997
KT2440,1,15,12.5,2.790997438,0.017919727,2.773077711
KT2440,1,15,12.75,2.799957301,0.017919727,2.782037574
KT2440,1,15,13.0,2.813397096,0.017919727,2.795477369
KT2440,1,15,13.25,2.835796755,0.017919727,2.817877028
KT2440,1,15,13.5,2.840276686,0.017919727,2.822356959
KT2440,1,15,13.75,2.858196413,0.017919727,2.8402766859999997
KT2440,1,15,14.0,2.867156277,0.017919727,2.8492365499999996
KT2440,1,15,14.25,2.885076003,0.017919727,2.867156276
KT2440,1,15,14.5,2.894035867,0.017919727,2.8761161399999997
KT2440,1,15,14.75,2.889555935,0.017919727,2.871636208
KT2440,1,15,15.0,2.907475662,0.017919727,2.8895559349999997
KT2440,1,15,15.25,2.934355252,0.017919727,2.916435525
KT2440,1,15,15.5,2.92987532,0.017919727,2.9119555929999996
KT2440,1,15,15.75,2.952274979,0.017919727,2.9343552519999996
KT2440,1,15,16.0,2.952274979,0.017919727,2.9343552519999996
KT2440,1,15,16.25,2.970194705,0.017919727,2.9522749779999997
KT2440,1,15,16.5,2.974674637,0.017919727,2.95675491
KT2440,1,15,16.75,2.965714774,0.017919727,2.9477950469999996
KT2440,1,15,17.0,2.974674637,0.017919727,2.95675491
KT2440,1,15,17.25,2.992594364,0.017919727,2.9746746369999997
KT2440,1,15,17.5,2.997074295,0.017919727,2.979154568
KT2440,1,15,17.75,3.01051409,0.017919727,2.992594363
KT2440,1,15,18.0,3.001554227,0.017919727,2.9836345
KT2440,1,15,18.25,3.019473954,0.017919727,3.0015542269999997
KT2440,1,15,18.5,3.032913749,0.017919727,3.0149940219999998
KT2440,1,15,18.75,3.041873612,0.017919727,3.0239538849999996
KT2440,1,15,19.0,3.050833476,0.017919727,3.032913749
KT2440,1,15,19.25,3.050833476,0.017919727,3.032913749
KT2440,1,15,19.5,3.073233134,0.017919727,3.055313407
KT2440,1,15,19.75,3.077713066,0.017919727,3.0597933389999996
KT2440,1,15,20.0,3.082192997,0.017919727,3.0642732699999997
KT2440,1,15,20.25,3.100112724,0.017919727,3.082192997
KT2440,1,15,20.5,3.104592656,0.017919727,3.0866729289999997
KT2440,1,15,20.75,3.113552519,0.017919727,3.095632792
KT2440,1,15,21.0,3.122512382,0.017919727,3.104592655
KT2440,1,15,21.25,3.131472246,0.017919727,3.1135525189999997
KT2440,1,15,21.5,3.131472246,0.017919727,3.1135525189999997
KT2440,1,15,21.75,3.140432109,0.017919727,3.1225123819999996
KT2440,1,15,22.0,3.153871904,0.017919727,3.1359521769999996
KT2440,1,15,22.25,3.158351836,0.017919727,3.140432109
KT2440,1,15,22.5,3.158351836,0.017919727,3.140432109
KT2440,1,15,22.75,3.140432109,0.017919727,3.1225123819999996
KT2440,1,15,23.0,3.041873612,0.017919727,3.0239538849999996
KT2440,1,15,23.25,3.041873612,0.017919727,3.0239538849999996
KT2440,1,15,23.5,3.046353544,0.017919727,3.028433817
KT2440,1,15,23.75,3.059793339,0.017919727,3.041873612
KT2440,1,15,24.0,3.064273271,0.017919727,3.0463535439999996
KT2440,1,15,24.25,3.077713066,0.017919727,3.0597933389999996
KT2440,1,15,24.5,3.073233134,0.017919727,3.055313407
KT2440,1,15,24.75,3.077713066,0.017919727,3.0597933389999996
KT2440,1,15,25.0,3.077713066,0.017919727,3.0597933389999996
KT2440,1,15,25.25,3.077713066,0.017919727,3.0597933389999996
KT2440,1,15,25.5,3.077713066,0.017919727,3.0597933389999996
KT2440,1,15,25.75,3.077713066,0.017919727,3.0597933389999996
KT2440,1,15,26.0,3.077713066,0.017919727,3.0597933389999996
KT2440,1,15,26.25,3.082192997,0.017919727,3.0642732699999997
KT2440,1,15,26.5,3.086672929,0.017919727,3.068753202
KT2440,1,15,26.75,3.077713066,0.017919727,3.0597933389999996
KT2440,1,15,27.0,3.086672929,0.017919727,3.068753202
KT2440,1,15,27.25,3.086672929,0.017919727,3.068753202
KT2440,1,15,27.5,3.091152861,0.017919727,3.0732331339999996
KT2440,1,15,27.75,3.086672929,0.017919727,3.068753202
KT2440,1,15,28.0,3.086672929,0.017919727,3.068753202
KT2440,1,15,28.25,3.086672929,0.017919727,3.068753202
KT2440,1,15,28.5,3.082192997,0.017919727,3.0642732699999997
KT2440,1,15,28.75,3.082192997,0.017919727,3.0642732699999997
KT2440,1,15,29.0,3.086672929,0.017919727,3.068753202
KT2440,1,15,29.25,3.086672929,0.017919727,3.068753202
KT2440,1,15,29.5,3.086672929,0.017919727,3.068753202
KT2440,1,15,29.75,3.086672929,0.017919727,3.068753202
KT2440,1,15,30.0,3.077713066,0.017919727,3.0597933389999996
KT2440,1,15,30.25,3.077713066,0.017919727,3.0597933389999996
KT2440,1,15,30.5,3.073233134,0.017919727,3.055313407
KT2440,1,15,30.75,3.077713066,0.017919727,3.0597933389999996
KT2440,1,15,31.0,3.073233134,0.017919727,3.055313407
KT2440,1,15,31.25,3.073233134,0.017919727,3.055313407
KT2440,1,15,31.5,3.073233134,0.017919727,3.055313407
KT2440,1,15,31.75,3.068753202,0.017919727,3.0508334749999997
KT2440,1,15,32.0,3.064273271,0.017919727,3.0463535439999996
KT2440,1,15,32.25,3.064273271,0.017919727,3.0463535439999996
KT2440,1,15,32.5,3.055313407,0.017919727,3.0373936799999997
KT2440,1,15,32.75,3.050833476,0.017919727,3.032913749
KT2440,1,15,33.0,3.050833476,0.017919727,3.032913749
KT2440,1,15,33.25,3.046353544,0.017919727,3.028433817
KT2440,1,15,33.5,3.03739368,0.017919727,3.019473953
KT2440,1,15,33.75,3.03739368,0.017919727,3.019473953
KT2440,1,15,34.0,3.032913749,0.017919727,3.0149940219999998
KT2440,1,15,34.25,3.032913749,0.017919727,3.0149940219999998
KT2440,1,15,34.5,3.028433817,0.017919727,3.0105140899999996
KT2440,1,15,34.75,3.028433817,0.017919727,3.0105140899999996
KT2440,1,15,35.0,3.023953885,0.017919727,3.006034158
KT2440,1,15,35.25,3.023953885,0.017919727,3.006034158
KT2440,1,15,35.5,3.014994022,0.017919727,2.997074295
KT2440,1,15,35.75,3.014994022,0.017919727,2.997074295
KT2440,1,15,36.0,3.01051409,0.017919727,2.992594363
KT2440,1,15,36.25,3.006034159,0.017919727,2.9881144319999997
KT2440,1,15,36.5,3.001554227,0.017919727,2.9836345
KT2440,1,15,36.75,2.992594364,0.017919727,2.9746746369999997
KT2440,1,15,37.0,2.992594364,0.017919727,2.9746746369999997
KT2440,1,15,37.25,2.988114432,0.017919727,2.970194705
KT2440,1,15,37.5,2.9836345,0.017919727,2.9657147729999997
KT2440,1,15,37.75,2.974674637,0.017919727,2.95675491
KT2440,1,15,38.0,2.965714774,0.017919727,2.9477950469999996
KT2440,1,15,38.25,2.961234842,0.017919727,2.943315115
KT2440,1,15,38.5,2.95675491,0.017919727,2.9388351829999997
KT2440,1,15,38.75,2.952274979,0.017919727,2.9343552519999996
KT2440,1,15,39.0,2.943315115,0.017919727,2.9253953879999997
KT2440,1,15,39.25,2.934355252,0.017919727,2.916435525
KT2440,1,15,39.5,2.925395388,0.017919727,2.907475661
KT2440,1,15,39.75,2.920915457,0.017919727,2.9029957299999998
KT2440,1,15,40.0,2.911955593,0.017919727,2.894035866
KT2440,2,15,0.0,0.017919727,0.017919727,0.03
KT2440,2,15,0.25,0.040319385,0.017919727,0.03
KT2440,2,15,0.5,0.040319385,0.017919727,0.03
KT2440,2,15,0.75,0.035839453,0.017919727,0.03
KT2440,2,15,1.0,0.040319385,0.017919727,0.03
KT2440,2,15,1.25,0.040319385,0.017919727,0.03
KT2440,2,15,1.5,0.044799317,0.017919727,0.03
KT2440,2,15,1.75,0.049279249,0.017919727,0.031359522
KT2440,2,15,2.0,0.058239112,0.017919727,0.040319385
KT2440,2,15,2.25,0.062719044,0.017919727,0.044799317000000005
KT2440,2,15,2.5,0.071678907,0.017919727,0.053759180000000004
KT2440,2,15,2.75,0.076158839,0.017919727,0.05823911200000001
KT2440,2,15,3.0,0.085118702,0.017919727,0.06719897500000001
KT2440,2,15,3.25,0.089598634,0.017919727,0.071678907
KT2440,2,15,3.5,0.098558497,0.017919727,0.08063877
KT2440,2,15,3.75,0.10751836,0.017919727,0.089598633
KT2440,2,15,4.0,0.120958155,0.017919727,0.103038428
KT2440,2,15,4.25,0.138877882,0.017919727,0.12095815500000001
KT2440,2,15,4.5,0.161277541,0.017919727,0.143357814
KT2440,2,15,4.75,0.188157131,0.017919727,0.170237404
KT2440,2,15,5.0,0.219516652,0.017919727,0.201596925
KT2440,2,15,5.25,0.255356106,0.017919727,0.23743637900000003
KT2440,2,15,5.5,0.300155423,0.017919727,0.282235696
KT2440,2,15,5.75,0.353914603,0.017919727,0.335994876
KT2440,2,15,6.0,0.416633646,0.017919727,0.398713919
KT2440,2,15,6.25,0.492792485,0.017919727,0.474872758
KT2440,2,15,6.5,0.577911187,0.017919727,0.55999146
KT2440,2,15,6.75,0.680949616,0.017919727,0.663029889
KT2440,2,15,7.0,0.797427839,0.017919727,0.779508112
KT2440,2,15,7.25,0.922865927,0.017919727,0.9049462
KT2440,2,15,7.5,1.06622374,0.017919727,1.048304013
KT2440,2,15,7.75,1.223021349,0.017919727,1.205101622
KT2440,2,15,8.0,1.397738685,0.017919727,1.379818958
KT2440,2,15,8.25,1.576935952,0.017919727,1.559016225
KT2440,2,15,8.5,1.733733561,0.017919727,1.715813834
KT2440,2,15,8.75,1.881571306,0.017919727,1.8636515790000001
KT2440,2,15,9.0,2.011489325,0.017919727,1.9935695979999999
KT2440,2,15,9.25,2.136927412,0.017919727,2.1190076849999997
KT2440,2,15,9.5,2.244445773,0.017919727,2.2265260459999996
KT2440,2,15,9.75,2.351964133,0.017919727,2.334044406
KT2440,2,15,10.0,2.446042698,0.017919727,2.4281229709999996
KT2440,2,15,10.25,2.513241674,0.017919727,2.495321947
KT2440,2,15,10.5,2.589400512,0.017919727,2.571480785
KT2440,2,15,10.75,2.652119556,0.017919727,2.634199829
KT2440,2,15,11.0,2.696918873,0.017919727,2.6789991459999998
KT2440,2,15,11.25,2.737238258,0.017919727,2.719318531
KT2440,2,15,11.5,2.759637916,0.017919727,2.7417181889999998
KT2440,2,15,11.75,2.790997438,0.017919727,2.773077711
KT2440,2,15,12.0,2.82235696,0.017919727,2.804437233
KT2440,2,15,12.25,2.844756618,0.017919727,2.8268368909999997
KT2440,2,15,12.5,2.858196413,0.017919727,2.8402766859999997
KT2440,2,15,12.75,2.871636208,0.017919727,2.8537164809999997
KT2440,2,15,13.0,2.880596072,0.017919727,2.8626763449999997
KT2440,2,15,13.25,2.90299573,0.017919727,2.885076003
KT2440,2,15,13.5,2.907475662,0.017919727,2.8895559349999997
KT2440,2,15,13.75,2.92987532,0.017919727,2.9119555929999996
KT2440,2,15,14.0,2.947795047,0.017919727,2.92987532
KT2440,2,15,14.25,2.95675491,0.017919727,2.9388351829999997
KT2440,2,15,14.5,2.974674637,0.017919727,2.95675491
KT2440,2,15,14.75,2.974674637,0.017919727,2.95675491
KT2440,2,15,15.0,2.988114432,0.017919727,2.970194705
KT2440,2,15,15.25,3.014994022,0.017919727,2.997074295
KT2440,2,15,15.5,3.023953885,0.017919727,3.006034158
KT2440,2,15,15.75,3.041873612,0.017919727,3.0239538849999996
KT2440,2,15,16.0,3.046353544,0.017919727,3.028433817
KT2440,2,15,16.25,3.068753202,0.017919727,3.0508334749999997
KT2440,2,15,16.5,3.073233134,0.017919727,3.055313407
KT2440,2,15,16.75,3.073233134,0.017919727,3.055313407
KT2440,2,15,17.0,3.082192997,0.017919727,3.0642732699999997
KT2440,2,15,17.25,3.109072587,0.017919727,3.09115286
KT2440,2,15,17.5,3.109072587,0.017919727,3.09115286
KT2440,2,15,17.75,3.122512382,0.017919727,3.104592655
KT2440,2,15,18.0,3.122512382,0.017919727,3.104592655
KT2440,2,15,18.25,3.144912041,0.017919727,3.1269923139999998
KT2440,2,15,18.5,3.158351836,0.017919727,3.140432109
KT2440,2,15,18.75,3.167311699,0.017919727,3.1493919719999997
KT2440,2,15,19.0,3.180751494,0.017919727,3.1628317669999997
KT2440,2,15,19.25,3.180751494,0.017919727,3.1628317669999997
KT2440,2,15,19.5,3.198671221,0.017919727,3.180751494
KT2440,2,15,19.75,3.203151153,0.017919727,3.1852314259999996
KT2440,2,15,20.0,3.212111016,0.017919727,3.194191289
KT2440,2,15,20.25,3.234510674,0.017919727,3.216590947
KT2440,2,15,20.5,3.234510674,0.017919727,3.216590947
KT2440,2,15,20.75,3.256910333,0.017919727,3.2389906059999998
KT2440,2,15,21.0,3.265870196,0.017919727,3.2479504689999996
KT2440,2,15,21.25,3.279309991,0.017919727,3.2613902639999997
KT2440,2,15,21.5,3.27483006,0.017919727,3.256910333
KT2440,2,15,21.75,3.288269855,0.017919727,3.2703501279999996
KT2440,2,15,22.0,3.315149445,0.017919727,3.2972297179999996
KT2440,2,15,22.25,3.324109308,0.017919727,3.306189581
KT2440,2,15,22.5,3.32858924,0.017919727,3.3106695129999997
KT2440,2,15,22.75,3.337549103,0.017919727,3.319629376
KT2440,2,15,23.0,3.350988898,0.017919727,3.333069171
KT2440,2,15,23.25,3.359948762,0.017919727,3.342029035
KT2440,2,15,23.5,3.364428693,0.017919727,3.3465089659999996
KT2440,2,15,23.75,3.30170965,0.017919727,3.2837899229999996
KT2440,2,15,24.0,3.256910333,0.017919727,3.2389906059999998
KT2440,2,15,24.25,3.279309991,0.017919727,3.2613902639999997
KT2440,2,15,24.5,3.288269855,0.017919727,3.2703501279999996
KT2440,2,15,24.75,3.30170965,0.017919727,3.2837899229999996
KT2440,2,15,25.0,3.310669513,0.017919727,3.292749786
KT2440,2,15,25.25,3.324109308,0.017919727,3.306189581
KT2440,2,15,25.5,3.333069171,0.017919727,3.315149444
KT2440,2,15,25.75,3.350988898,0.017919727,3.333069171
KT2440,2,15,26.0,3.35546883,0.017919727,3.3375491029999997
KT2440,2,15,26.25,3.359948762,0.017919727,3.342029035
KT2440,2,15,26.5,3.377868488,0.017919727,3.3599487609999996
KT2440,2,15,26.75,3.373388557,0.017919727,3.35546883
KT2440,2,15,27.0,3.395788215,0.017919727,3.377868488
KT2440,2,15,27.25,3.404748078,0.017919727,3.3868283509999997
KT2440,2,15,27.5,3.422667805,0.017919727,3.404748078
KT2440,2,15,27.75,3.427147737,0.017919727,3.4092280099999996
KT2440,2,15,28.0,3.440587532,0.017919727,3.4226678049999997
KT2440,2,15,28.25,3.454027327,0.017919727,3.4361075999999997
KT2440,2,15,28.5,3.46298719,0.017919727,3.445067463
KT2440,2,15,28.75,3.480906917,0.017919727,3.4629871899999998
KT2440,2,15,29.0,3.498826644,0.017919727,3.480906917
KT2440,2,15,29.25,3.512266439,0.017919727,3.4943467119999996
KT2440,2,15,29.5,3.530186165,0.017919727,3.5122664379999997
KT2440,2,15,29.75,3.539146029,0.017919727,3.5212263019999996
KT2440,2,15,30.0,3.543625961,0.017919727,3.525706234
KT2440,2,15,30.25,3.557065756,0.017919727,3.539146029
KT2440,2,15,30.5,3.574985482,0.017919727,3.557065755
KT2440,2,15,30.75,3.583945346,0.017919727,3.566025619
KT2440,2,15,31.0,3.583945346,0.017919727,3.566025619
KT2440,2,15,31.25,3.597385141,0.017919727,3.579465414
KT2440,2,15,31.5,3.601865072,0.017919727,3.5839453449999996
KT2440,2,15,31.75,3.610824936,0.017919727,3.592905209
KT2440,2,15,32.0,3.610824936,0.017919727,3.592905209
KT2440,2,15,32.25,3.624264731,0.017919727,3.6063450039999996
KT2440,2,15,32.5,3.619784799,0.017919727,3.601865072
KT2440,2,15,32.75,3.628744662,0.017919727,3.6108249349999997
KT2440,2,15,33.0,3.642184458,0.017919727,3.624264731
KT2440,2,15,33.25,3.642184458,0.017919727,3.624264731
KT2440,2,15,33.5,3.642184458,0.017919727,3.624264731
KT2440,2,15,33.75,3.651144321,0.017919727,3.6332245939999996
KT2440,2,15,34.0,3.655624253,0.017919727,3.637704526
KT2440,2,15,34.25,3.669064048,0.017919727,3.651144321
KT2440,2,15,34.5,3.669064048,0.017919727,3.651144321
KT2440,2,15,34.75,3.673543979,0.017919727,3.655624252
KT2440,2,15,35.0,3.682503843,0.017919727,3.664584116
KT2440,2,15,35.25,3.686983774,0.017919727,3.669064047
KT2440,2,15,35.5,3.691463706,0.017919727,3.6735439789999997
KT2440,2,15,35.75,3.700423569,0.017919727,3.6825038419999996
KT2440,2,15,36.0,3.700423569,0.017919727,3.6825038419999996
KT2440,2,15,36.25,3.704903501,0.017919727,3.6869837739999998
KT2440,2,15,36.5,3.704903501,0.017919727,3.6869837739999998
KT2440,2,15,36.75,3.700423569,0.017919727,3.6825038419999996
KT2440,2,15,37.0,3.713863364,0.017919727,3.6959436369999996
KT2440,2,15,37.25,3.718343296,0.017919727,3.700423569
KT2440,2,15,37.5,3.718343296,0.017919727,3.700423569
KT2440,2,15,37.75,3.713863364,0.017919727,3.6959436369999996
KT2440,2,15,38.0,3.709383433,0.017919727,3.691463706
KT2440,2,15,38.25,3.718343296,0.017919727,3.700423569
KT2440,2,15,38.5,3.722823228,0.017919727,3.704903501
KT2440,2,15,38.75,3.713863364,0.017919727,3.6959436369999996
KT2440,2,15,39.0,3.713863364,0.017919727,3.6959436369999996
KT2440,2,15,39.25,3.709383433,0.017919727,3.691463706
KT2440,2,15,39.5,3.700423569,0.017919727,3.6825038419999996
KT2440,2,15,39.75,3.704903501,0.017919727,3.6869837739999998
KT2440,2,15,40.0,3.700423569,0.017919727,3.6825038419999996
KT2440,3,15,0.0,0.017919727,0.017919727,0.03
KT2440,3,15,0.25,0.044799317,0.017919727,0.03
KT2440,3,15,0.5,0.044799317,0.017919727,0.03
KT2440,3,15,0.75,0.040319385,0.017919727,0.03
KT2440,3,15,1.0,0.044799317,0.017919727,0.03
KT2440,3,15,1.25,0.049279249,0.017919727,0.031359522
KT2440,3,15,1.5,0.05375918,0.017919727,0.03583945299999999
KT2440,3,15,1.75,0.058239112,0.017919727,0.040319385
KT2440,3,15,2.0,0.067198975,0.017919727,0.049279248
KT2440,3,15,2.25,0.067198975,0.017919727,0.049279248
KT2440,3,15,2.5,0.076158839,0.017919727,0.05823911200000001
KT2440,3,15,2.75,0.085118702,0.017919727,0.06719897500000001
KT2440,3,15,3.0,0.094078565,0.017919727,0.076158838
KT2440,3,15,3.25,0.103038429,0.017919727,0.085118702
KT2440,3,15,3.5,0.111998292,0.017919727,0.094078565
KT2440,3,15,3.75,0.125438087,0.017919727,0.10751836000000001
KT2440,3,15,4.0,0.138877882,0.017919727,0.12095815500000001
KT2440,3,15,4.25,0.161277541,0.017919727,0.143357814
KT2440,3,15,4.5,0.183677199,0.017919727,0.16575747200000002
KT2440,3,15,4.75,0.215036721,0.017919727,0.197116994
KT2440,3,15,5.0,0.250876174,0.017919727,0.232956447
KT2440,3,15,5.25,0.291195559,0.017919727,0.273275832
KT2440,3,15,5.5,0.34495474,0.017919727,0.327035013
KT2440,3,15,5.75,0.403193851,0.017919727,0.385274124
KT2440,3,15,6.0,0.474872758,0.017919727,0.456953031
KT2440,3,15,6.25,0.555511529,0.017919727,0.537591802
KT2440,3,15,6.5,0.654070026,0.017919727,0.636150299
KT2440,3,15,6.75,0.766068318,0.017919727,0.748148591
KT2440,3,15,7.0,0.895986336,0.017919727,0.878066609
KT2440,3,15,7.25,1.034864219,0.017919727,1.016944492
KT2440,3,15,7.5,1.196141759,0.017919727,1.178222032
KT2440,3,15,7.75,1.361899231,0.017919727,1.343979504
KT2440,3,15,8.0,1.541096499,0.017919727,1.523176772
KT2440,3,15,8.25,1.733733561,0.017919727,1.715813834
KT2440,3,15,8.5,1.899491033,0.017919727,1.881571306
KT2440,3,15,8.75,2.05180871,0.017919727,2.0338889829999998
KT2440,3,15,9.0,2.181726729,0.017919727,2.163807002
KT2440,3,15,9.25,2.311644748,0.017919727,2.2937250209999998
KT2440,3,15,9.5,2.419163108,0.017919727,2.4012433809999996
KT2440,3,15,9.75,2.5311614,0.017919727,2.5132416729999996
KT2440,3,15,10.0,2.611800171,0.017919727,2.593880444
KT2440,3,15,10.25,2.687959009,0.017919727,2.670039282
KT2440,3,15,10.5,2.759637916,0.017919727,2.7417181889999998
KT2440,3,15,10.75,2.813397096,0.017919727,2.795477369
KT2440,3,15,11.0,2.853716481,0.017919727,2.835796754
KT2440,3,15,11.25,2.885076003,0.017919727,2.867156276
KT2440,3,15,11.5,2.907475662,0.017919727,2.8895559349999997
KT2440,3,15,11.75,2.934355252,0.017919727,2.916435525
KT2440,3,15,12.0,2.95675491,0.017919727,2.9388351829999997
KT2440,3,15,12.25,2.965714774,0.017919727,2.9477950469999996
KT2440,3,15,12.5,2.9836345,0.017919727,2.9657147729999997
KT2440,3,15,12.75,2.992594364,0.017919727,2.9746746369999997
KT2440,3,15,13.0,3.006034159,0.017919727,2.9881144319999997
KT2440,3,15,13.25,3.028433817,0.017919727,3.0105140899999996
KT2440,3,15,13.5,3.028433817,0.017919727,3.0105140899999996
KT2440,3,15,13.75,3.046353544,0.017919727,3.028433817
KT2440,3,15,14.0,3.068753202,0.017919727,3.0508334749999997
KT2440,3,15,14.25,3.082192997,0.017919727,3.0642732699999997
KT2440,3,15,14.5,3.091152861,0.017919727,3.0732331339999996
KT2440,3,15,14.75,3.104592656,0.017919727,3.0866729289999997
KT2440,3,15,15.0,3.113552519,0.017919727,3.095632792
KT2440,3,15,15.25,3.135952177,0.017919727,3.11803245
KT2440,3,15,15.5,3.144912041,0.017919727,3.1269923139999998
KT2440,3,15,15.75,3.158351836,0.017919727,3.140432109
KT2440,3,15,16.0,3.167311699,0.017919727,3.1493919719999997
KT2440,3,15,16.25,3.185231426,0.017919727,3.167311699
KT2440,3,15,16.5,3.189711358,0.017919727,3.1717916309999996
KT2440,3,15,16.75,3.198671221,0.017919727,3.180751494
KT2440,3,15,17.0,3.207631084,0.017919727,3.1897113569999997
KT2440,3,15,17.25,3.221070879,0.017919727,3.203151152
KT2440,3,15,17.5,3.230030743,0.017919727,3.2121110159999997
KT2440,3,15,17.75,3.243470538,0.017919727,3.2255508109999997
KT2440,3,15,18.0,3.24795047,0.017919727,3.230030743
KT2440,3,15,18.25,3.261390265,0.017919727,3.243470538
KT2440,3,15,18.5,3.27483006,0.017919727,3.256910333
KT2440,3,15,18.75,3.283789923,0.017919727,3.265870196
KT2440,3,15,19.0,3.30170965,0.017919727,3.2837899229999996
KT2440,3,15,19.25,3.30170965,0.017919727,3.2837899229999996
KT2440,3,15,19.5,3.319629376,0.017919727,3.3017096489999997
KT2440,3,15,19.75,3.333069171,0.017919727,3.315149444
KT2440,3,15,20.0,3.333069171,0.017919727,3.315149444
KT2440,3,15,20.25,3.35546883,0.017919727,3.3375491029999997
KT2440,3,15,20.5,3.364428693,0.017919727,3.3465089659999996
KT2440,3,15,20.75,3.38234842,0.017919727,3.364428693
KT2440,3,15,21.0,3.391308283,0.017919727,3.3733885559999996
KT2440,3,15,21.25,3.404748078,0.017919727,3.3868283509999997
KT2440,3,15,21.5,3.404748078,0.017919727,3.3868283509999997
KT2440,3,15,21.75,3.413707942,0.017919727,3.3957882149999996
KT2440,3,15,22.0,3.440587532,0.017919727,3.4226678049999997
KT2440,3,15,22.25,3.449547395,0.017919727,3.431627668
KT2440,3,15,22.5,3.454027327,0.017919727,3.4361075999999997
KT2440,3,15,22.75,3.458507259,0.017919727,3.440587532
KT2440,3,15,23.0,3.476426985,0.017919727,3.4585072579999996
KT2440,3,15,23.25,3.485386849,0.017919727,3.467467122
KT2440,3,15,23.5,3.494346712,0.017919727,3.476426985
KT2440,3,15,23.75,3.507786507,0.017919727,3.48986678
KT2440,3,15,24.0,3.512266439,0.017919727,3.4943467119999996
KT2440,3,15,24.25,3.449547395,0.017919727,3.431627668
KT2440,3,15,24.5,3.395788215,0.017919727,3.377868488
KT2440,3,15,24.75,3.418187873,0.017919727,3.4002681459999997
KT2440,3,15,25.0,3.431627668,0.017919727,3.4137079409999997
KT2440,3,15,25.25,3.449547395,0.017919727,3.431627668
KT2440,3,15,25.5,3.458507259,0.017919727,3.440587532
KT2440,3,15,25.75,3.471947054,0.017919727,3.454027327
KT2440,3,15,26.0,3.480906917,0.017919727,3.4629871899999998
KT2440,3,15,26.25,3.494346712,0.017919727,3.476426985
KT2440,3,15,26.5,3.512266439,0.017919727,3.4943467119999996
KT2440,3,15,26.75,3.512266439,0.017919727,3.4943467119999996
KT2440,3,15,27.0,3.525706234,0.017919727,3.5077865069999996
KT2440,3,15,27.25,3.539146029,0.017919727,3.5212263019999996
KT2440,3,15,27.5,3.552585824,0.017919727,3.5346660969999997
KT2440,3,15,27.75,3.561545687,0.017919727,3.54362596
KT2440,3,15,28.0,3.574985482,0.017919727,3.557065755
KT2440,3,15,28.25,3.588425277,0.017919727,3.5705055499999996
KT2440,3,15,28.5,3.601865072,0.017919727,3.5839453449999996
KT2440,3,15,28.75,3.615304867,0.017919727,3.5973851399999996
KT2440,3,15,29.0,3.633224594,0.017919727,3.615304867
KT2440,3,15,29.25,3.646664389,0.017919727,3.628744662
KT2440,3,15,29.5,3.660104184,0.017919727,3.642184457
KT2440,3,15,29.75,3.673543979,0.017919727,3.655624252
KT2440,3,15,30.0,3.682503843,0.017919727,3.664584116
KT2440,3,15,30.25,3.695943638,0.017919727,3.678023911
KT2440,3,15,30.5,3.709383433,0.017919727,3.691463706
KT2440,3,15,30.75,3.722823228,0.017919727,3.704903501
KT2440,3,15,31.0,3.72730316,0.017919727,3.7093834329999997
KT2440,3,15,31.25,3.749702818,0.017919727,3.7317830909999996
KT2440,3,15,31.5,3.763142613,0.017919727,3.7452228859999996
KT2440,3,15,31.75,3.767622545,0.017919727,3.749702818
KT2440,3,15,32.0,3.776582408,0.017919727,3.7586626809999997
KT2440,3,15,32.25,3.785542271,0.017919727,3.767622544
KT2440,3,15,32.5,3.794502135,0.017919727,3.776582408
KT2440,3,15,32.75,3.803461998,0.017919727,3.7855422709999997
KT2440,3,15,33.0,3.812421861,0.017919727,3.7945021339999996
KT2440,3,15,33.25,3.83482152,0.017919727,3.816901793
KT2440,3,15,33.5,3.83482152,0.017919727,3.816901793
KT2440,3,15,33.75,3.848261315,0.017919727,3.8303415879999996
KT2440,3,15,34.0,3.857221178,0.017919727,3.839301451
KT2440,3,15,34.25,3.857221178,0.017919727,3.839301451
KT2440,3,15,34.5,3.870660973,0.017919727,3.852741246
KT2440,3,15,34.75,3.875140905,0.017919727,3.8572211779999996
KT2440,3,15,35.0,3.8885807,0.017919727,3.8706609729999997
KT2440,3,15,35.25,3.893060632,0.017919727,3.875140905
KT2440,3,15,35.5,3.902020495,0.017919727,3.8841007679999997
KT2440,3,15,35.75,3.91546029,0.017919727,3.8975405629999997
KT2440,3,15,36.0,3.91546029,0.017919727,3.8975405629999997
KT2440,3,15,36.25,3.924420154,0.017919727,3.9065004269999997
KT2440,3,15,36.5,3.924420154,0.017919727,3.9065004269999997
KT2440,3,15,36.75,3.919940222,0.017919727,3.902020495
KT2440,3,15,37.0,3.937859949,0.017919727,3.9199402219999997
KT2440,3,15,37.25,3.946819812,0.017919727,3.928900085
KT2440,3,15,37.5,3.946819812,0.017919727,3.928900085
KT2440,3,15,37.75,3.946819812,0.017919727,3.928900085
KT2440,3,15,38.0,3.94233988,0.017919727,3.924420153
KT2440,3,15,38.25,3.951299744,0.017919727,3.9333800169999997
KT2440,3,15,38.5,3.955779675,0.017919727,3.937859948
KT2440,3,15,38.75,3.955779675,0.017919727,3.937859948
KT2440,3,15,39.0,3.960259607,0.017919727,3.9423398799999996
KT2440,3,15,39.25,3.955779675,0.017919727,3.937859948
KT2440,3,15,39.5,3.960259607,0.017919727,3.9423398799999996
KT2440,3,15,39.75,3.960259607,0.017919727,3.9423398799999996
KT2440,3,15,40.0,3.964739539,0.017919727,3.9468198119999998
KT2440,1,20,0.0,0.040319385,0.031359522,0.03
KT2440,1,20,0.25,0.040319385,0.031359522,0.03
KT2440,1,20,0.5,0.040319385,0.031359522,0.03
KT2440,1,20,0.75,0.044799317,0.031359522,0.03
KT2440,1,20,1.0,0.049279249,0.031359522,0.03
KT2440,1,20,1.25,0.049279249,0.031359522,0.03
KT2440,1,20,1.5,0.05375918,0.031359522,0.03
KT2440,1,20,1.75,0.049279249,0.031359522,0.03
KT2440,1,20,2.0,0.05375918,0.031359522,0.03
KT2440,1,20,2.25,0.05375918,0.031359522,0.03
KT2440,1,20,2.5,0.05375918,0.031359522,0.03
KT2440,1,20,2.75,0.05375918,0.031359522,0.03
KT2440,1,20,3.0,0.05375918,0.031359522,0.03
KT2440,1,20,3.25,0.058239112,0.031359522,0.03
KT2440,1,20,3.5,0.05375918,0.031359522,0.03
KT2440,1,20,3.75,0.049279249,0.031359522,0.03
KT2440,1,20,4.0,0.05375918,0.031359522,0.03
KT2440,1,20,4.25,0.05375918,0.031359522,0.03
KT2440,1,20,4.5,0.049279249,0.031359522,0.03
KT2440,1,20,4.75,0.05375918,0.031359522,0.03
KT2440,1,20,5.0,0.049279249,0.031359522,0.03
KT2440,1,20,5.25,0.05375918,0.031359522,0.03
KT2440,1,20,5.5,0.049279249,0.031359522,0.03
KT2440,1,20,5.75,0.049279249,0.031359522,0.03
KT2440,1,20,6.0,0.049279249,0.031359522,0.03
KT2440,1,20,6.25,0.049279249,0.031359522,0.03
KT2440,1,20,6.5,0.044799317,0.031359522,0.03
KT2440,1,20,6.75,0.044799317,0.031359522,0.03
KT2440,1,20,7.0,0.044799317,0.031359522,0.03
KT2440,1,20,7.25,0.044799317,0.031359522,0.03
KT2440,1,20,7.5,0.044799317,0.031359522,0.03
KT2440,1,20,7.75,0.044799317,0.031359522,0.03
KT2440,1,20,8.0,0.044799317,0.031359522,0.03
KT2440,1,20,8.25,0.044799317,0.031359522,0.03
KT2440,1,20,8.5,0.040319385,0.031359522,0.03
KT2440,1,20,8.75,0.044799317,0.031359522,0.03
KT2440,1,20,9.0,0.044799317,0.031359522,0.03
KT2440,1,20,9.25,0.044799317,0.031359522,0.03
KT2440,1,20,9.5,0.040319385,0.031359522,0.03
KT2440,1,20,9.75,0.044799317,0.031359522,0.03
KT2440,1,20,10.0,0.040319385,0.031359522,0.03
KT2440,1,20,10.25,0.040319385,0.031359522,0.03
KT2440,1,20,10.5,0.044799317,0.031359522,0.03
KT2440,1,20,10.75,0.040319385,0.031359522,0.03
KT2440,1,20,11.0,0.040319385,0.031359522,0.03
KT2440,1,20,11.25,0.040319385,0.031359522,0.03
KT2440,1,20,11.5,0.040319385,0.031359522,0.03
KT2440,1,20,11.75,0.040319385,0.031359522,0.03
KT2440,1,20,12.0,0.040319385,0.031359522,0.03
KT2440,1,20,12.25,0.040319385,0.031359522,0.03
KT2440,1,20,12.5,0.040319385,0.031359522,0.03
KT2440,1,20,12.75,0.040319385,0.031359522,0.03
KT2440,1,20,13.0,0.040319385,0.031359522,0.03
KT2440,1,20,13.25,0.040319385,0.031359522,0.03
KT2440,1,20,13.5,0.040319385,0.031359522,0.03
KT2440,1,20,13.75,0.040319385,0.031359522,0.03
KT2440,1,20,14.0,0.040319385,0.031359522,0.03
KT2440,1,20,14.25,0.040319385,0.031359522,0.03
KT2440,1,20,14.5,0.040319385,0.031359522,0.03
KT2440,1,20,14.75,0.040319385,0.031359522,0.03
KT2440,1,20,15.0,0.040319385,0.031359522,0.03
KT2440,1,20,15.25,0.040319385,0.031359522,0.03
KT2440,1,20,15.5,0.040319385,0.031359522,0.03
KT2440,1,20,15.75,0.040319385,0.031359522,0.03
KT2440,1,20,16.0,0.040319385,0.031359522,0.03
KT2440,1,20,16.25,0.040319385,0.031359522,0.03
KT2440,1,20,16.5,0.040319385,0.031359522,0.03
KT2440,1,20,16.75,0.040319385,0.031359522,0.03
KT2440,1,20,17.0,0.040319385,0.031359522,0.03
KT2440,1,20,17.25,0.040319385,0.031359522,0.03
KT2440,1,20,17.5,0.040319385,0.031359522,0.03
KT2440,1,20,17.75,0.040319385,0.031359522,0.03
KT2440,1,20,18.0,0.040319385,0.031359522,0.03
KT2440,1,20,18.25,0.040319385,0.031359522,0.03
KT2440,1,20,18.5,0.040319385,0.031359522,0.03
KT2440,1,20,18.75,0.040319385,0.031359522,0.03
KT2440,1,20,19.0,0.044799317,0.031359522,0.03
KT2440,1,20,19.25,0.040319385,0.031359522,0.03
KT2440,1,20,19.5,0.044799317,0.031359522,0.03
KT2440,1,20,19.75,0.044799317,0.031359522,0.03
KT2440,1,20,20.0,0.044799317,0.031359522,0.03
KT2440,1,20,20.25,0.044799317,0.031359522,0.03
KT2440,1,20,20.5,0.044799317,0.031359522,0.03
KT2440,1,20,20.75,0.044799317,0.031359522,0.03
KT2440,1,20,21.0,0.044799317,0.031359522,0.03
KT2440,1,20,21.25,0.049279249,0.031359522,0.03
KT2440,1,20,21.5,0.049279249,0.031359522,0.03
KT2440,1,20,21.75,0.049279249,0.031359522,0.03
KT2440,1,20,22.0,0.049279249,0.031359522,0.03
KT2440,1,20,22.25,0.049279249,0.031359522,0.03
KT2440,1,20,22.5,0.05375918,0.031359522,0.03
KT2440,1,20,22.75,0.05375918,0.031359522,0.03
KT2440,1,20,23.0,0.05375918,0.031359522,0.03
KT2440,1,20,23.25,0.05375918,0.031359522,0.03
KT2440,1,20,23.5,0.058239112,0.031359522,0.03
KT2440,1,20,23.75,0.058239112,0.031359522,0.03
KT2440,1,20,24.0,0.058239112,0.031359522,0.03
KT2440,1,20,24.25,0.058239112,0.031359522,0.03
KT2440,1,20,24.5,0.062719044,0.031359522,0.031359522
KT2440,1,20,24.75,0.062719044,0.031359522,0.031359522
KT2440,1,20,25.0,0.067198975,0.031359522,0.03583945299999999
KT2440,1,20,25.25,0.067198975,0.031359522,0.03583945299999999
KT2440,1,20,25.5,0.071678907,0.031359522,0.040319385
KT2440,1,20,25.75,0.071678907,0.031359522,0.040319385
KT2440,1,20,26.0,0.076158839,0.031359522,0.044799317000000005
KT2440,1,20,26.25,0.076158839,0.031359522,0.044799317000000005
KT2440,1,20,26.5,0.08063877,0.031359522,0.049279248
KT2440,1,20,26.75,0.085118702,0.031359522,0.053759180000000004
KT2440,1,20,27.0,0.089598634,0.031359522,0.058239111999999996
KT2440,1,20,27.25,0.089598634,0.031359522,0.058239111999999996
KT2440,1,20,27.5,0.098558497,0.031359522,0.067198975
KT2440,1,20,27.75,0.098558497,0.031359522,0.067198975
KT2440,1,20,28.0,0.10751836,0.031359522,0.07615883799999999
KT2440,1,20,28.25,0.111998292,0.031359522,0.08063877
KT2440,1,20,28.5,0.116478224,0.031359522,0.085118702
KT2440,1,20,28.75,0.120958155,0.031359522,0.089598633
KT2440,1,20,29.0,0.129918019,0.031359522,0.098558497
KT2440,1,20,29.25,0.13439795,0.031359522,0.10303842799999999
KT2440,1,20,29.5,0.147837746,0.031359522,0.11647822399999999
KT2440,1,20,29.75,0.156797609,0.031359522,0.125438087
KT2440,1,20,30.0,0.165757472,0.031359522,0.13439795
KT2440,1,20,30.25,0.174717336,0.031359522,0.143357814
KT2440,1,20,30.5,0.188157131,0.031359522,0.156797609
KT2440,1,20,30.75,0.197116994,0.031359522,0.165757472
KT2440,1,20,31.0,0.210556789,0.031359522,0.179197267
KT2440,1,20,31.25,0.228476516,0.031359522,0.197116994
KT2440,1,20,31.5,0.241916311,0.031359522,0.210556789
KT2440,1,20,31.75,0.259836038,0.031359522,0.228476516
KT2440,1,20,32.0,0.277755764,0.031359522,0.24639624200000002
KT2440,1,20,32.25,0.300155423,0.031359522,0.26879590099999995
KT2440,1,20,32.5,0.322555081,0.031359522,0.29119555900000005
KT2440,1,20,32.75,0.34495474,0.031359522,0.313595218
KT2440,1,20,33.0,0.37183433,0.031359522,0.34047480799999996
KT2440,1,20,33.25,0.39871392,0.031359522,0.367354398
KT2440,1,20,33.5,0.42559351,0.031359522,0.394233988
KT2440,1,20,33.75,0.456953032,0.031359522,0.42559351
KT2440,1,20,34.0,0.488312553,0.031359522,0.45695303099999995
KT2440,1,20,34.25,0.519672075,0.031359522,0.488312553
KT2440,1,20,34.5,0.55999146,0.031359522,0.528631938
KT2440,1,20,34.75,0.600310845,0.031359522,0.568951323
KT2440,1,20,35.0,0.640630231,0.031359522,0.609270709
KT2440,1,20,35.25,0.680949616,0.031359522,0.649590094
KT2440,1,20,35.5,0.725748932,0.031359522,0.69438941
KT2440,1,20,35.75,0.770548249,0.031359522,0.7391887269999999
KT2440,1,20,36.0,0.815347566,0.031359522,0.783988044
KT2440,1,20,36.25,0.864626815,0.031359522,0.833267293
KT2440,1,20,36.5,0.913906063,0.031359522,0.882546541
KT2440,1,20,36.75,0.95870538,0.031359522,0.927345858
KT2440,1,20,37.0,1.007984628,0.031359522,0.976625106
KT2440,1,20,37.25,1.052783945,0.031359522,1.021424423
KT2440,1,20,37.5,1.097583262,0.031359522,1.0662237399999999
KT2440,1,20,37.75,1.142382579,0.031359522,1.111023057
KT2440,1,20,38.0,1.182701964,0.031359522,1.151342442
KT2440,1,20,38.25,1.223021349,0.031359522,1.191661827
KT2440,1,20,38.5,1.258860803,0.031359522,1.2275012809999999
KT2440,1,20,38.75,1.294700256,0.031359522,1.263340734
KT2440,1,20,39.0,1.326059778,0.031359522,1.294700256
KT2440,1,20,39.25,1.352939368,0.031359522,1.321579846
KT2440,1,20,39.5,1.375339026,0.031359522,1.343979504
KT2440,1,20,39.75,1.402218616,0.031359522,1.370859094
KT2440,1,20,40.0,1.424618275,0.031359522,1.393258753
KT2440,2,20,0.0,0.035839453,0.031359522,0.03
KT2440,2,20,0.25,0.040319385,0.031359522,0.03
KT2440,2,20,0.5,0.040319385,0.031359522,0.03
KT2440,2,20,0.75,0.044799317,0.031359522,0.03
KT2440,2,20,1.0,0.044799317,0.031359522,0.03
KT2440,2,20,1.25,0.044799317,0.031359522,0.03
KT2440,2,20,1.5,0.044799317,0.031359522,0.03
KT2440,2,20,1.75,0.044799317,0.031359522,0.03
KT2440,2,20,2.0,0.049279249,0.031359522,0.03
KT2440,2,20,2.25,0.044799317,0.031359522,0.03
KT2440,2,20,2.5,0.044799317,0.031359522,0.03
KT2440,2,20,2.75,0.044799317,0.031359522,0.03
KT2440,2,20,3.0,0.044799317,0.031359522,0.03
KT2440,2,20,3.25,0.049279249,0.031359522,0.03
KT2440,2,20,3.5,0.044799317,0.031359522,0.03
KT2440,2,20,3.75,0.044799317,0.031359522,0.03
KT2440,2,20,4.0,0.044799317,0.031359522,0.03
KT2440,2,20,4.25,0.044799317,0.031359522,0.03
KT2440,2,20,4.5,0.044799317,0.031359522,0.03
KT2440,2,20,4.75,0.044799317,0.031359522,0.03
KT2440,2,20,5.0,0.040319385,0.031359522,0.03
KT2440,2,20,5.25,0.040319385,0.031359522,0.03
KT2440,2,20,5.5,0.040319385,0.031359522,0.03
KT2440,2,20,5.75,0.040319385,0.031359522,0.03
KT2440,2,20,6.0,0.040319385,0.031359522,0.03
KT2440,2,20,6.25,0.031359522,0.031359522,0.03
KT2440,2,20,6.5,0.040319385,0.031359522,0.03
KT2440,2,20,6.75,0.035839453,0.031359522,0.03
KT2440,2,20,7.0,0.040319385,0.031359522,0.03
KT2440,2,20,7.25,0.040319385,0.031359522,0.03
KT2440,2,20,7.5,0.035839453,0.031359522,0.03
KT2440,2,20,7.75,0.040319385,0.031359522,0.03
KT2440,2,20,8.0,0.040319385,0.031359522,0.03
KT2440,2,20,8.25,0.040319385,0.031359522,0.03
KT2440,2,20,8.5,0.040319385,0.031359522,0.03
KT2440,2,20,8.75,0.040319385,0.031359522,0.03
KT2440,2,20,9.0,0.040319385,0.031359522,0.03
KT2440,2,20,9.25,0.040319385,0.031359522,0.03
KT2440,2,20,9.5,0.035839453,0.031359522,0.03
KT2440,2,20,9.75,0.035839453,0.031359522,0.03
KT2440,2,20,10.0,0.040319385,0.031359522,0.03
KT2440,2,20,10.25,0.035839453,0.031359522,0.03
KT2440,2,20,10.5,0.040319385,0.031359522,0.03
KT2440,2,20,10.75,0.035839453,0.031359522,0.03
KT2440,2,20,11.0,0.035839453,0.031359522,0.03
KT2440,2,20,11.25,0.035839453,0.031359522,0.03
KT2440,2,20,11.5,0.035839453,0.031359522,0.03
KT2440,2,20,11.75,0.035839453,0.031359522,0.03
KT2440,2,20,12.0,0.035839453,0.031359522,0.03
KT2440,2,20,12.25,0.035839453,0.031359522,0.03
KT2440,2,20,12.5,0.035839453,0.031359522,0.03
KT2440,2,20,12.75,0.035839453,0.031359522,0.03
KT2440,2,20,13.0,0.035839453,0.031359522,0.03
KT2440,2,20,13.25,0.035839453,0.031359522,0.03
KT2440,2,20,13.5,0.035839453,0.031359522,0.03
KT2440,2,20,13.75,0.035839453,0.031359522,0.03
KT2440,2,20,14.0,0.035839453,0.031359522,0.03
KT2440,2,20,14.25,0.035839453,0.031359522,0.03
KT2440,2,20,14.5,0.035839453,0.031359522,0.03
KT2440,2,20,14.75,0.035839453,0.031359522,0.03
KT2440,2,20,15.0,0.031359522,0.031359522,0.03
KT2440,2,20,15.25,0.035839453,0.031359522,0.03
KT2440,2,20,15.5,0.035839453,0.031359522,0.03
KT2440,2,20,15.75,0.035839453,0.031359522,0.03
KT2440,2,20,16.0,0.035839453,0.031359522,0.03
KT2440,2,20,16.25,0.035839453,0.031359522,0.03
KT2440,2,20,16.5,0.035839453,0.031359522,0.03
KT2440,2,20,16.75,0.035839453,0.031359522,0.03
KT2440,2,20,17.0,0.035839453,0.031359522,0.03
KT2440,2,20,17.25,0.035839453,0.031359522,0.03
KT2440,2,20,17.5,0.035839453,0.031359522,0.03
KT2440,2,20,17.75,0.035839453,0.031359522,0.03
KT2440,2,20,18.0,0.035839453,0.031359522,0.03
KT2440,2,20,18.25,0.035839453,0.031359522,0.03
KT2440,2,20,18.5,0.035839453,0.031359522,0.03
KT2440,2,20,18.75,0.035839453,0.031359522,0.03
KT2440,2,20,19.0,0.035839453,0.031359522,0.03
KT2440,2,20,19.25,0.035839453,0.031359522,0.03
KT2440,2,20,19.5,0.035839453,0.031359522,0.03
KT2440,2,20,19.75,0.035839453,0.031359522,0.03
KT2440,2,20,20.0,0.035839453,0.031359522,0.03
KT2440,2,20,20.25,0.035839453,0.031359522,0.03
KT2440,2,20,20.5,0.040319385,0.031359522,0.03
KT2440,2,20,20.75,0.035839453,0.031359522,0.03
KT2440,2,20,21.0,0.035839453,0.031359522,0.03
KT2440,2,20,21.25,0.035839453,0.031359522,0.03
KT2440,2,20,21.5,0.040319385,0.031359522,0.03
KT2440,2,20,21.75,0.035839453,0.031359522,0.03
KT2440,2,20,22.0,0.040319385,0.031359522,0.03
KT2440,2,20,22.25,0.035839453,0.031359522,0.03
KT2440,2,20,22.5,0.040319385,0.031359522,0.03
KT2440,2,20,22.75,0.040319385,0.031359522,0.03
KT2440,2,20,23.0,0.040319385,0.031359522,0.03
KT2440,2,20,23.25,0.040319385,0.031359522,0.03
KT2440,2,20,23.5,0.040319385,0.031359522,0.03
KT2440,2,20,23.75,0.044799317,0.031359522,0.03
KT2440,2,20,24.0,0.040319385,0.031359522,0.03
KT2440,2,20,24.25,0.040319385,0.031359522,0.03
KT2440,2,20,24.5,0.044799317,0.031359522,0.03
KT2440,2,20,24.75,0.044799317,0.031359522,0.03
KT2440,2,20,25.0,0.044799317,0.031359522,0.03
KT2440,2,20,25.25,0.044799317,0.031359522,0.03
KT2440,2,20,25.5,0.044799317,0.031359522,0.03
KT2440,2,20,25.75,0.044799317,0.031359522,0.03
KT2440,2,20,26.0,0.044799317,0.031359522,0.03
KT2440,2,20,26.25,0.044799317,0.031359522,0.03
KT2440,2,20,26.5,0.044799317,0.031359522,0.03
KT2440,2,20,26.75,0.044799317,0.031359522,0.03
KT2440,2,20,27.0,0.049279249,0.031359522,0.03
KT2440,2,20,27.25,0.049279249,0.031359522,0.03
KT2440,2,20,27.5,0.05375918,0.031359522,0.03
KT2440,2,20,27.75,0.049279249,0.031359522,0.03
KT2440,2,20,28.0,0.049279249,0.031359522,0.03
KT2440,2,20,28.25,0.049279249,0.031359522,0.03
KT2440,2,20,28.5,0.05375918,0.031359522,0.03
KT2440,2,20,28.75,0.05375918,0.031359522,0.03
KT2440,2,20,29.0,0.05375918,0.031359522,0.03
KT2440,2,20,29.25,0.05375918,0.031359522,0.03
KT2440,2,20,29.5,0.058239112,0.031359522,0.03
KT2440,2,20,29.75,0.058239112,0.031359522,0.03
KT2440,2,20,30.0,0.062719044,0.031359522,0.031359522
KT2440,2,20,30.25,0.062719044,0.031359522,0.031359522
KT2440,2,20,30.5,0.067198975,0.031359522,0.03583945299999999
KT2440,2,20,30.75,0.067198975,0.031359522,0.03583945299999999
KT2440,2,20,31.0,0.067198975,0.031359522,0.03583945299999999
KT2440,2,20,31.25,0.071678907,0.031359522,0.040319385
KT2440,2,20,31.5,0.071678907,0.031359522,0.040319385
KT2440,2,20,31.75,0.076158839,0.031359522,0.044799317000000005
KT2440,2,20,32.0,0.076158839,0.031359522,0.044799317000000005
KT2440,2,20,32.25,0.08063877,0.031359522,0.049279248
KT2440,2,20,32.5,0.08063877,0.031359522,0.049279248
KT2440,2,20,32.75,0.085118702,0.031359522,0.053759180000000004
KT2440,2,20,33.0,0.089598634,0.031359522,0.058239111999999996
KT2440,2,20,33.25,0.094078565,0.031359522,0.062719043
KT2440,2,20,33.5,0.094078565,0.031359522,0.062719043
KT2440,2,20,33.75,0.098558497,0.031359522,0.067198975
KT2440,2,20,34.0,0.103038429,0.031359522,0.071678907
KT2440,2,20,34.25,0.10751836,0.031359522,0.07615883799999999
KT2440,2,20,34.5,0.111998292,0.031359522,0.08063877
KT2440,2,20,34.75,0.120958155,0.031359522,0.089598633
KT2440,2,20,35.0,0.125438087,0.031359522,0.094078565
KT2440,2,20,35.25,0.129918019,0.031359522,0.098558497
KT2440,2,20,35.5,0.138877882,0.031359522,0.10751836000000001
KT2440,2,20,35.75,0.143357814,0.031359522,0.111998292
KT2440,2,20,36.0,0.147837746,0.031359522,0.11647822399999999
KT2440,2,20,36.25,0.156797609,0.031359522,0.125438087
KT2440,2,20,36.5,0.165757472,0.031359522,0.13439795
KT2440,2,20,36.75,0.174717336,0.031359522,0.143357814
KT2440,2,20,37.0,0.183677199,0.031359522,0.152317677
KT2440,2,20,37.25,0.192637062,0.031359522,0.16127754
KT2440,2,20,37.5,0.206076857,0.031359522,0.174717335
KT2440,2,20,37.75,0.219516652,0.031359522,0.18815713
KT2440,2,20,38.0,0.232956447,0.031359522,0.201596925
KT2440,2,20,38.25,0.246396243,0.031359522,0.215036721
KT2440,2,20,38.5,0.259836038,0.031359522,0.228476516
KT2440,2,20,38.75,0.277755764,0.031359522,0.24639624200000002
KT2440,2,20,39.0,0.295675491,0.031359522,0.264315969
KT2440,2,20,39.25,0.313595218,0.031359522,0.282235696
KT2440,2,20,39.5,0.331514944,0.031359522,0.300155422
KT2440,2,20,39.75,0.349434671,0.031359522,0.318075149
KT2440,2,20,40.0,0.37183433,0.031359522,0.34047480799999996
KT2440,3,20,0.0,0.040319385,0.031359522,0.03
KT2440,3,20,0.25,0.044799317,0.031359522,0.03
KT2440,3,20,0.5,0.044799317,0.031359522,0.03
KT2440,3,20,0.75,0.049279249,0.031359522,0.03
KT2440,3,20,1.0,0.05375918,0.031359522,0.03
KT2440,3,20,1.25,0.049279249,0.031359522,0.03
KT2440,3,20,1.5,0.058239112,0.031359522,0.03
KT2440,3,20,1.75,0.058239112,0.031359522,0.03
KT2440,3,20,2.0,0.05375918,0.031359522,0.03
KT2440,3,20,2.25,0.058239112,0.031359522,0.03
KT2440,3,20,2.5,0.05375918,0.031359522,0.03
KT2440,3,20,2.75,0.05375918,0.031359522,0.03
KT2440,3,20,3.0,0.05375918,0.031359522,0.03
KT2440,3,20,3.25,0.05375918,0.031359522,0.03
KT2440,3,20,3.5,0.05375918,0.031359522,0.03
KT2440,3,20,3.75,0.049279249,0.031359522,0.03
KT2440,3,20,4.0,0.049279249,0.031359522,0.03
KT2440,3,20,4.25,0.049279249,0.031359522,0.03
KT2440,3,20,4.5,0.049279249,0.031359522,0.03
KT2440,3,20,4.75,0.049279249,0.031359522,0.03
KT2440,3,20,5.0,0.049279249,0.031359522,0.03
KT2440,3,20,5.25,0.049279249,0.031359522,0.03
KT2440,3,20,5.5,0.049279249,0.031359522,0.03
KT2440,3,20,5.75,0.044799317,0.031359522,0.03
KT2440,3,20,6.0,0.044799317,0.031359522,0.03
KT2440,3,20,6.25,0.044799317,0.031359522,0.03
KT2440,3,20,6.5,0.044799317,0.031359522,0.03
KT2440,3,20,6.75,0.040319385,0.031359522,0.03
KT2440,3,20,7.0,0.044799317,0.031359522,0.03
KT2440,3,20,7.25,0.040319385,0.031359522,0.03
KT2440,3,20,7.5,0.040319385,0.031359522,0.03
KT2440,3,20,7.75,0.040319385,0.031359522,0.03
KT2440,3,20,8.0,0.044799317,0.031359522,0.03
KT2440,3,20,8.25,0.040319385,0.031359522,0.03
KT2440,3,20,8.5,0.044799317,0.031359522,0.03
KT2440,3,20,8.75,0.044799317,0.031359522,0.03
KT2440,3,20,9.0,0.044799317,0.031359522,0.03
KT2440,3,20,9.25,0.040319385,0.031359522,0.03
KT2440,3,20,9.5,0.040319385,0.031359522,0.03
KT2440,3,20,9.75,0.035839453,0.031359522,0.03
KT2440,3,20,10.0,0.040319385,0.031359522,0.03
KT2440,3,20,10.25,0.035839453,0.031359522,0.03
KT2440,3,20,10.5,0.040319385,0.031359522,0.03
KT2440,3,20,10.75,0.040319385,0.031359522,0.03
KT2440,3,20,11.0,0.040319385,0.031359522,0.03
KT2440,3,20,11.25,0.040319385,0.031359522,0.03
KT2440,3,20,11.5,0.035839453,0.031359522,0.03
KT2440,3,20,11.75,0.035839453,0.031359522,0.03
KT2440,3,20,12.0,0.040319385,0.031359522,0.03
KT2440,3,20,12.25,0.035839453,0.031359522,0.03
KT2440,3,20,12.5,0.035839453,0.031359522,0.03
KT2440,3,20,12.75,0.035839453,0.031359522,0.03
KT2440,3,20,13.0,0.035839453,0.031359522,0.03
KT2440,3,20,13.25,0.035839453,0.031359522,0.03
KT2440,3,20,13.5,0.035839453,0.031359522,0.03
KT2440,3,20,13.75,0.035839453,0.031359522,0.03
KT2440,3,20,14.0,0.035839453,0.031359522,0.03
KT2440,3,20,14.25,0.035839453,0.031359522,0.03
KT2440,3,20,14.5,0.035839453,0.031359522,0.03
KT2440,3,20,14.75,0.035839453,0.031359522,0.03
KT2440,3,20,15.0,0.035839453,0.031359522,0.03
KT2440,3,20,15.25,0.035839453,0.031359522,0.03
KT2440,3,20,15.5,0.035839453,0.031359522,0.03
KT2440,3,20,15.75,0.035839453,0.031359522,0.03
KT2440,3,20,16.0,0.040319385,0.031359522,0.03
KT2440,3,20,16.25,0.040319385,0.031359522,0.03
KT2440,3,20,16.5,0.040319385,0.031359522,0.03
KT2440,3,20,16.75,0.040319385,0.031359522,0.03
KT2440,3,20,17.0,0.040319385,0.031359522,0.03
KT2440,3,20,17.25,0.044799317,0.031359522,0.03
KT2440,3,20,17.5,0.040319385,0.031359522,0.03
KT2440,3,20,17.75,0.044799317,0.031359522,0.03
KT2440,3,20,18.0,0.035839453,0.031359522,0.03
KT2440,3,20,18.25,0.044799317,0.031359522,0.03
KT2440,3,20,18.5,0.040319385,0.031359522,0.03
KT2440,3,20,18.75,0.044799317,0.031359522,0.03
KT2440,3,20,19.0,0.040319385,0.031359522,0.03
KT2440,3,20,19.25,0.044799317,0.031359522,0.03
KT2440,3,20,19.5,0.040319385,0.031359522,0.03
KT2440,3,20,19.75,0.049279249,0.031359522,0.03
KT2440,3,20,20.0,0.040319385,0.031359522,0.03
KT2440,3,20,20.25,0.044799317,0.031359522,0.03
KT2440,3,20,20.5,0.040319385,0.031359522,0.03
KT2440,3,20,20.75,0.044799317,0.031359522,0.03
KT2440,3,20,21.0,0.044799317,0.031359522,0.03
KT2440,3,20,21.25,0.044799317,0.031359522,0.03
KT2440,3,20,21.5,0.040319385,0.031359522,0.03
KT2440,3,20,21.75,0.049279249,0.031359522,0.03
KT2440,3,20,22.0,0.040319385,0.031359522,0.03
KT2440,3,20,22.25,0.044799317,0.031359522,0.03
KT2440,3,20,22.5,0.040319385,0.031359522,0.03
KT2440,3,20,22.75,0.040319385,0.031359522,0.03
KT2440,3,20,23.0,0.044799317,0.031359522,0.03
KT2440,3,20,23.25,0.049279249,0.031359522,0.03
KT2440,3,20,23.5,0.044799317,0.031359522,0.03
KT2440,3,20,23.75,0.044799317,0.031359522,0.03
KT2440,3,20,24.0,0.044799317,0.031359522,0.03
KT2440,3,20,24.25,0.044799317,0.031359522,0.03
KT2440,3,20,24.5,0.044799317,0.031359522,0.03
KT2440,3,20,24.75,0.044799317,0.031359522,0.03
KT2440,3,20,25.0,0.044799317,0.031359522,0.03
KT2440,3,20,25.25,0.044799317,0.031359522,0.03
KT2440,3,20,25.5,0.044799317,0.031359522,0.03
KT2440,3,20,25.75,0.049279249,0.031359522,0.03
KT2440,3,20,26.0,0.044799317,0.031359522,0.03
KT2440,3,20,26.25,0.049279249,0.031359522,0.03
KT2440,3,20,26.5,0.049279249,0.031359522,0.03
KT2440,3,20,26.75,0.049279249,0.031359522,0.03
KT2440,3,20,27.0,0.049279249,0.031359522,0.03
KT2440,3,20,27.25,0.049279249,0.031359522,0.03
KT2440,3,20,27.5,0.049279249,0.031359522,0.03
KT2440,3,20,27.75,0.049279249,0.031359522,0.03
KT2440,3,20,28.0,0.049279249,0.031359522,0.03
KT2440,3,20,28.25,0.049279249,0.031359522,0.03
KT2440,3,20,28.5,0.049279249,0.031359522,0.03
KT2440,3,20,28.75,0.058239112,0.031359522,0.03
KT2440,3,20,29.0,0.05375918,0.031359522,0.03
KT2440,3,20,29.25,0.05375918,0.031359522,0.03
KT2440,3,20,29.5,0.05375918,0.031359522,0.03
KT2440,3,20,29.75,0.05375918,0.031359522,0.03
KT2440,3,20,30.0,0.05375918,0.031359522,0.03
KT2440,3,20,30.25,0.05375918,0.031359522,0.03
KT2440,3,20,30.5,0.058239112,0.031359522,0.03
KT2440,3,20,30.75,0.058239112,0.031359522,0.03
KT2440,3,20,31.0,0.062719044,0.031359522,0.031359522
KT2440,3,20,31.25,0.062719044,0.031359522,0.031359522
KT2440,3,20,31.5,0.067198975,0.031359522,0.03583945299999999
KT2440,3,20,31.75,0.067198975,0.031359522,0.03583945299999999
KT2440,3,20,32.0,0.067198975,0.031359522,0.03583945299999999
KT2440,3,20,32.25,0.067198975,0.031359522,0.03583945299999999
KT2440,3,20,32.5,0.067198975,0.031359522,0.03583945299999999
KT2440,3,20,32.75,0.071678907,0.031359522,0.040319385
KT2440,3,20,33.0,0.071678907,0.031359522,0.040319385
KT2440,3,20,33.25,0.076158839,0.031359522,0.044799317000000005
KT2440,3,20,33.5,0.076158839,0.031359522,0.044799317000000005
KT2440,3,20,33.75,0.08063877,0.031359522,0.049279248
KT2440,3,20,34.0,0.08063877,0.031359522,0.049279248
KT2440,3,20,34.25,0.085118702,0.031359522,0.053759180000000004
KT2440,3,20,34.5,0.089598634,0.031359522,0.058239111999999996
KT2440,3,20,34.75,0.089598634,0.031359522,0.058239111999999996
KT2440,3,20,35.0,0.094078565,0.031359522,0.062719043
KT2440,3,20,35.25,0.098558497,0.031359522,0.067198975
KT2440,3,20,35.5,0.103038429,0.031359522,0.071678907
KT2440,3,20,35.75,0.10751836,0.031359522,0.07615883799999999
KT2440,3,20,36.0,0.10751836,0.031359522,0.07615883799999999
KT2440,3,20,36.25,0.111998292,0.031359522,0.08063877
KT2440,3,20,36.5,0.116478224,0.031359522,0.085118702
KT2440,3,20,36.75,0.125438087,0.031359522,0.094078565
KT2440,3,20,37.0,0.125438087,0.031359522,0.094078565
KT2440,3,20,37.25,0.13439795,0.031359522,0.10303842799999999
KT2440,3,20,37.5,0.138877882,0.031359522,0.10751836000000001
KT2440,3,20,37.75,0.147837746,0.031359522,0.11647822399999999
KT2440,3,20,38.0,0.152317677,0.031359522,0.12095815500000001
KT2440,3,20,38.25,0.156797609,0.031359522,0.125438087
KT2440,3,20,38.5,0.165757472,0.031359522,0.13439795
KT2440,3,20,38.75,0.174717336,0.031359522,0.143357814
KT2440,3,20,39.0,0.179197267,0.031359522,0.147837745
KT2440,3,20,39.25,0.188157131,0.031359522,0.156797609
KT2440,3,20,39.5,0.197116994,0.031359522,0.165757472
KT2440,3,20,39.75,0.210556789,0.031359522,0.179197267
KT2440,3,20,40.0,0.219516652,0.031359522,0.18815713
KT2440,1,25,0.0,0.056307224,0.027356811,0.03
KT2440,1,25,0.25,0.055908823,0.027356811,0.03
KT2440,1,25,0.5,0.055908823,0.027356811,0.03
KT2440,1,25,0.75,0.055776023,0.027356811,0.03
KT2440,1,25,1.0,0.055908823,0.027356811,0.03
KT2440,1,25,1.25,0.055776023,0.027356811,0.03
KT2440,1,25,1.5,0.051924822,0.027356811,0.03
KT2440,1,25,1.75,0.052190422,0.027356811,0.03
KT2440,1,25,2.0,0.052190422,0.027356811,0.03
KT2440,1,25,2.25,0.052057622,0.027356811,0.03
KT2440,1,25,2.5,0.052456022,0.027356811,0.03
KT2440,1,25,2.75,0.051924822,0.027356811,0.03
KT2440,1,25,3.0,0.052057622,0.027356811,0.03
KT2440,1,25,3.25,0.051924822,0.027356811,0.03
KT2440,1,25,3.5,0.051924822,0.027356811,0.03
KT2440,1,25,3.75,0.052190422,0.027356811,0.03
KT2440,1,25,4.0,0.04820642,0.027356811,0.03
KT2440,1,25,4.25,0.04820642,0.027356811,0.03
KT2440,1,25,4.5,0.04833922,0.027356811,0.03
KT2440,1,25,4.75,0.04820642,0.027356811,0.03
KT2440,1,25,5.0,0.04833922,0.027356811,0.03
KT2440,1,25,5.25,0.04833922,0.027356811,0.03
KT2440,1,25,5.5,0.04807362,0.027356811,0.03
KT2440,1,25,5.75,0.04833922,0.027356811,0.03
KT2440,1,25,6.0,0.04820642,0.027356811,0.03
KT2440,1,25,6.25,0.044620819,0.027356811,0.03
KT2440,1,25,6.5,0.044488019,0.027356811,0.03
KT2440,1,25,6.75,0.044488019,0.027356811,0.03
KT2440,1,25,7.0,0.044488019,0.027356811,0.03
KT2440,1,25,7.25,0.044355219,0.027356811,0.03
KT2440,1,25,7.5,0.044488019,0.027356811,0.03
KT2440,1,25,7.75,0.044620819,0.027356811,0.03
KT2440,1,25,8.0,0.044620819,0.027356811,0.03
KT2440,1,25,8.25,0.044620819,0.027356811,0.03
KT2440,1,25,8.5,0.044355219,0.027356811,0.03
KT2440,1,25,8.75,0.044355219,0.027356811,0.03
KT2440,1,25,9.0,0.044620819,0.027356811,0.03
KT2440,1,25,9.25,0.040636817,0.027356811,0.03
KT2440,1,25,9.5,0.040769617,0.027356811,0.03
KT2440,1,25,9.75,0.040636817,0.027356811,0.03
KT2440,1,25,10.0,0.040504017,0.027356811,0.03
KT2440,1,25,10.25,0.040504017,0.027356811,0.03
KT2440,1,25,10.5,0.040902417,0.027356811,0.03
KT2440,1,25,10.75,0.040902417,0.027356811,0.03
KT2440,1,25,11.0,0.040769617,0.027356811,0.03
KT2440,1,25,11.25,0.040636817,0.027356811,0.03
KT2440,1,25,11.5,0.040636817,0.027356811,0.03
KT2440,1,25,11.75,0.040769617,0.027356811,0.03
KT2440,1,25,12.0,0.040902417,0.027356811,0.03
KT2440,1,25,12.25,0.040769617,0.027356811,0.03
KT2440,1,25,12.5,0.041035217,0.027356811,0.03
KT2440,1,25,12.75,0.040504017,0.027356811,0.03
KT2440,1,25,13.0,0.040902417,0.027356811,0.03
KT2440,1,25,13.25,0.037184016,0.027356811,0.03
KT2440,1,25,13.5,0.037051215,0.027356811,0.03
KT2440,1,25,13.75,0.037184016,0.027356811,0.03
KT2440,1,25,14.0,0.036918415,0.027356811,0.03
KT2440,1,25,14.25,0.037184016,0.027356811,0.03
KT2440,1,25,14.5,0.037051215,0.027356811,0.03
KT2440,1,25,14.75,0.036785615,0.027356811,0.03
KT2440,1,25,15.0,0.037316816,0.027356811,0.03
KT2440,1,25,15.25,0.052057622,0.027356811,0.03
KT2440,1,25,15.5,0.036652815,0.027356811,0.03
KT2440,1,25,15.75,0.037184016,0.027356811,0.03
KT2440,1,25,16.0,0.037184016,0.027356811,0.03
KT2440,1,25,16.25,0.037184016,0.027356811,0.03
KT2440,1,25,16.5,0.037184016,0.027356811,0.03
KT2440,1,25,16.75,0.037316816,0.027356811,0.03
KT2440,1,25,17.0,0.037449616,0.027356811,0.03
KT2440,1,25,17.25,0.037449616,0.027356811,0.03
KT2440,1,25,17.5,0.037449616,0.027356811,0.03
KT2440,1,25,17.75,0.037449616,0.027356811,0.03
KT2440,1,25,18.0,0.037449616,0.027356811,0.03
KT2440,1,25,18.25,0.037184016,0.027356811,0.03
KT2440,1,25,18.5,0.036918415,0.027356811,0.03
KT2440,1,25,18.75,0.037184016,0.027356811,0.03
KT2440,1,25,19.0,0.037316816,0.027356811,0.03
KT2440,1,25,19.25,0.037316816,0.027356811,0.03
KT2440,1,25,19.5,0.037316816,0.027356811,0.03
KT2440,1,25,19.75,0.037184016,0.027356811,0.03
KT2440,1,25,20.0,0.037316816,0.027356811,0.03
KT2440,1,25,20.25,0.037184016,0.027356811,0.03
KT2440,1,25,20.5,0.037316816,0.027356811,0.03
KT2440,1,25,20.75,0.037184016,0.027356811,0.03
KT2440,1,25,21.0,0.037184016,0.027356811,0.03
KT2440,1,25,21.25,0.037051215,0.027356811,0.03
KT2440,1,25,21.5,0.037449616,0.027356811,0.03
KT2440,1,25,21.75,0.037316816,0.027356811,0.03
KT2440,1,25,22.0,0.037184016,0.027356811,0.03
KT2440,1,25,22.25,0.037316816,0.027356811,0.03
KT2440,1,25,22.5,0.037449616,0.027356811,0.03
KT2440,1,25,22.75,0.037582416,0.027356811,0.03
KT2440,1,25,23.0,0.037582416,0.027356811,0.03
KT2440,1,25,23.25,0.037449616,0.027356811,0.03
KT2440,1,25,23.5,0.037184016,0.027356811,0.03
KT2440,1,25,23.75,0.037051215,0.027356811,0.03
KT2440,1,25,24.0,0.037184016,0.027356811,0.03
KT2440,1,25,24.25,0.037316816,0.027356811,0.03
KT2440,1,25,24.5,0.037051215,0.027356811,0.03
KT2440,1,25,24.75,0.037316816,0.027356811,0.03
KT2440,1,25,25.0,0.037184016,0.027356811,0.03
KT2440,1,25,25.25,0.037184016,0.027356811,0.03
KT2440,1,25,25.5,0.036918415,0.027356811,0.03
KT2440,1,25,25.75,0.037051215,0.027356811,0.03
KT2440,1,25,26.0,0.037316816,0.027356811,0.03
KT2440,1,25,26.25,0.037184016,0.027356811,0.03
KT2440,1,25,26.5,0.037316816,0.027356811,0.03
KT2440,1,25,26.75,0.037184016,0.027356811,0.03
KT2440,1,25,27.0,0.036918415,0.027356811,0.03
KT2440,1,25,27.25,0.037184016,0.027356811,0.03
KT2440,1,25,27.5,0.037184016,0.027356811,0.03
KT2440,1,25,27.75,0.037316816,0.027356811,0.03
KT2440,1,25,28.0,0.037184016,0.027356811,0.03
KT2440,1,25,28.25,0.037051215,0.027356811,0.03
KT2440,1,25,28.5,0.036652815,0.027356811,0.03
KT2440,1,25,28.75,0.036918415,0.027356811,0.03
KT2440,1,25,29.0,0.036918415,0.027356811,0.03
KT2440,1,25,29.25,0.036918415,0.027356811,0.03
KT2440,1,25,29.5,0.036918415,0.027356811,0.03
KT2440,1,25,29.75,0.037051215,0.027356811,0.03
KT2440,1,25,30.0,0.036918415,0.027356811,0.03
KT2440,1,25,30.25,0.037316816,0.027356811,0.03
KT2440,1,25,30.5,0.037051215,0.027356811,0.03
KT2440,1,25,30.75,0.033332814,0.027356811,0.03
KT2440,1,25,31.0,0.033200014,0.027356811,0.03
KT2440,1,25,31.25,0.037051215,0.027356811,0.03
KT2440,1,25,31.5,0.033332814,0.027356811,0.03
KT2440,1,25,31.75,0.033332814,0.027356811,0.03
KT2440,1,25,32.0,0.037184016,0.027356811,0.03
KT2440,1,25,32.25,0.033332814,0.027356811,0.03
KT2440,1,25,32.5,0.037316816,0.027356811,0.03
KT2440,1,25,32.75,0.033200014,0.027356811,0.03
KT2440,1,25,33.0,0.036918415,0.027356811,0.03
KT2440,1,25,33.25,0.033598414,0.027356811,0.03
KT2440,1,25,33.5,0.037316816,0.027356811,0.03
KT2440,1,25,33.75,0.033465614,0.027356811,0.03
KT2440,1,25,34.0,0.033332814,0.027356811,0.03
KT2440,1,25,34.25,0.037316816,0.027356811,0.03
KT2440,1,25,34.5,0.033465614,0.027356811,0.03
KT2440,1,25,34.75,0.033465614,0.027356811,0.03
KT2440,1,25,35.0,0.033332814,0.027356811,0.03
KT2440,1,25,35.25,0.033200014,0.027356811,0.03
KT2440,1,25,35.5,0.033465614,0.027356811,0.03
KT2440,1,25,35.75,0.033465614,0.027356811,0.03
KT2440,1,25,36.0,0.033465614,0.027356811,0.03
KT2440,1,25,36.25,0.033332814,0.027356811,0.03
KT2440,1,25,36.5,0.033332814,0.027356811,0.03
KT2440,1,25,36.75,0.033731214,0.027356811,0.03
KT2440,1,25,37.0,0.033996814,0.027356811,0.03
KT2440,1,25,37.25,0.033731214,0.027356811,0.03
KT2440,1,25,37.5,0.033598414,0.027356811,0.03
KT2440,1,25,37.75,0.033598414,0.027356811,0.03
KT2440,1,25,38.0,0.033067214,0.027356811,0.03
KT2440,1,25,38.25,0.032403214,0.027356811,0.03
KT2440,1,25,38.5,0.032934414,0.027356811,0.03
KT2440,1,25,38.75,0.032536014,0.027356811,0.03
KT2440,1,25,39.0,0.032270413,0.027356811,0.03
KT2440,1,25,39.25,0.032270413,0.027356811,0.03
KT2440,1,25,39.5,0.031872013,0.027356811,0.03
KT2440,1,25,39.75,0.032004813,0.027356811,0.03
KT2440,1,25,40.0,0.031208013,0.027356811,0.03
KT2440,2,25,0.0,0.04860482,0.027356811,0.03
KT2440,2,25,0.25,0.044355219,0.027356811,0.03
KT2440,2,25,0.5,0.044355219,0.027356811,0.03
KT2440,2,25,0.75,0.044222418,0.027356811,0.03
KT2440,2,25,1.0,0.04820642,0.027356811,0.03
KT2440,2,25,1.25,0.044222418,0.027356811,0.03
KT2440,2,25,1.5,0.044222418,0.027356811,0.03
KT2440,2,25,1.75,0.044488019,0.027356811,0.03
KT2440,2,25,2.0,0.040636817,0.027356811,0.03
KT2440,2,25,2.25,0.040504017,0.027356811,0.03
KT2440,2,25,2.5,0.040902417,0.027356811,0.03
KT2440,2,25,2.75,0.040371217,0.027356811,0.03
KT2440,2,25,3.0,0.044355219,0.027356811,0.03
KT2440,2,25,3.25,0.040371217,0.027356811,0.03
KT2440,2,25,3.5,0.040371217,0.027356811,0.03
KT2440,2,25,3.75,0.040636817,0.027356811,0.03
KT2440,2,25,4.0,0.040504017,0.027356811,0.03
KT2440,2,25,4.25,0.040504017,0.027356811,0.03
KT2440,2,25,4.5,0.036785615,0.027356811,0.03
KT2440,2,25,4.75,0.036652815,0.027356811,0.03
KT2440,2,25,5.0,0.036785615,0.027356811,0.03
KT2440,2,25,5.25,0.036785615,0.027356811,0.03
KT2440,2,25,5.5,0.036520015,0.027356811,0.03
KT2440,2,25,5.75,0.036785615,0.027356811,0.03
KT2440,2,25,6.0,0.036652815,0.027356811,0.03
KT2440,2,25,6.25,0.036918415,0.027356811,0.03
KT2440,2,25,6.5,0.036785615,0.027356811,0.03
KT2440,2,25,6.75,0.036785615,0.027356811,0.03
KT2440,2,25,7.0,0.036785615,0.027356811,0.03
KT2440,2,25,7.25,0.036652815,0.027356811,0.03
KT2440,2,25,7.5,0.036785615,0.027356811,0.03
KT2440,2,25,7.75,0.036918415,0.027356811,0.03
KT2440,2,25,8.0,0.033067214,0.027356811,0.03
KT2440,2,25,8.25,0.033067214,0.027356811,0.03
KT2440,2,25,8.5,0.036652815,0.027356811,0.03
KT2440,2,25,8.75,0.036652815,0.027356811,0.03
KT2440,2,25,9.0,0.033067214,0.027356811,0.03
KT2440,2,25,9.25,0.032934414,0.027356811,0.03
KT2440,2,25,9.5,0.033067214,0.027356811,0.03
KT2440,2,25,9.75,0.032934414,0.027356811,0.03
KT2440,2,25,10.0,0.032801614,0.027356811,0.03
KT2440,2,25,10.25,0.032801614,0.027356811,0.03
KT2440,2,25,10.5,0.033200014,0.027356811,0.03
KT2440,2,25,10.75,0.033200014,0.027356811,0.03
KT2440,2,25,11.0,0.033067214,0.027356811,0.03
KT2440,2,25,11.25,0.032934414,0.027356811,0.03
KT2440,2,25,11.5,0.032934414,0.027356811,0.03
KT2440,2,25,11.75,0.033067214,0.027356811,0.03
KT2440,2,25,12.0,0.033200014,0.027356811,0.03
KT2440,2,25,12.25,0.033067214,0.027356811,0.03
KT2440,2,25,12.5,0.033332814,0.027356811,0.03
KT2440,2,25,12.75,0.032801614,0.027356811,0.03
KT2440,2,25,13.0,0.033200014,0.027356811,0.03
KT2440,2,25,13.25,0.033332814,0.027356811,0.03
KT2440,2,25,13.5,0.033200014,0.027356811,0.03
KT2440,2,25,13.75,0.033332814,0.027356811,0.03
KT2440,2,25,14.0,0.033067214,0.027356811,0.03
KT2440,2,25,14.25,0.033332814,0.027356811,0.03
KT2440,2,25,14.5,0.033200014,0.027356811,0.03
KT2440,2,25,14.75,0.032934414,0.027356811,0.03
KT2440,2,25,15.0,0.033465614,0.027356811,0.03
KT2440,2,25,15.25,0.044355219,0.027356811,0.03
KT2440,2,25,15.5,0.028950412,0.027356811,0.03
KT2440,2,25,15.75,0.029481612,0.027356811,0.03
KT2440,2,25,16.0,0.029481612,0.027356811,0.03
KT2440,2,25,16.25,0.029481612,0.027356811,0.03
KT2440,2,25,16.5,0.029481612,0.027356811,0.03
KT2440,2,25,16.75,0.029614412,0.027356811,0.03
KT2440,2,25,17.0,0.029747212,0.027356811,0.03
KT2440,2,25,17.25,0.029747212,0.027356811,0.03
KT2440,2,25,17.5,0.029747212,0.027356811,0.03
KT2440,2,25,17.75,0.029747212,0.027356811,0.03
KT2440,2,25,18.0,0.029747212,0.027356811,0.03
KT2440,2,25,18.25,0.029481612,0.027356811,0.03
KT2440,2,25,18.5,0.029216012,0.027356811,0.03
KT2440,2,25,18.75,0.029481612,0.027356811,0.03
KT2440,2,25,19.0,0.029614412,0.027356811,0.03
KT2440,2,25,19.25,0.029614412,0.027356811,0.03
KT2440,2,25,19.5,0.029614412,0.027356811,0.03
KT2440,2,25,19.75,0.029481612,0.027356811,0.03
KT2440,2,25,20.0,0.029614412,0.027356811,0.03
KT2440,2,25,20.25,0.029481612,0.027356811,0.03
KT2440,2,25,20.5,0.029614412,0.027356811,0.03
KT2440,2,25,20.75,0.029481612,0.027356811,0.03
KT2440,2,25,21.0,0.029481612,0.027356811,0.03
KT2440,2,25,21.25,0.029348812,0.027356811,0.03
KT2440,2,25,21.5,0.029747212,0.027356811,0.03
KT2440,2,25,21.75,0.029614412,0.027356811,0.03
KT2440,2,25,22.0,0.029481612,0.027356811,0.03
KT2440,2,25,22.25,0.029614412,0.027356811,0.03
KT2440,2,25,22.5,0.029747212,0.027356811,0.03
KT2440,2,25,22.75,0.029880012,0.027356811,0.03
KT2440,2,25,23.0,0.029880012,0.027356811,0.03
KT2440,2,25,23.25,0.029747212,0.027356811,0.03
KT2440,2,25,23.5,0.029481612,0.027356811,0.03
KT2440,2,25,23.75,0.029348812,0.027356811,0.03
KT2440,2,25,24.0,0.029481612,0.027356811,0.03
KT2440,2,25,24.25,0.029614412,0.027356811,0.03
KT2440,2,25,24.5,0.033200014,0.027356811,0.03
KT2440,2,25,24.75,0.029614412,0.027356811,0.03
KT2440,2,25,25.0,0.029481612,0.027356811,0.03
KT2440,2,25,25.25,0.029481612,0.027356811,0.03
KT2440,2,25,25.5,0.029216012,0.027356811,0.03
KT2440,2,25,25.75,0.029348812,0.027356811,0.03
KT2440,2,25,26.0,0.029614412,0.027356811,0.03
KT2440,2,25,26.25,0.029481612,0.027356811,0.03
KT2440,2,25,26.5,0.029614412,0.027356811,0.03
KT2440,2,25,26.75,0.029481612,0.027356811,0.03
KT2440,2,25,27.0,0.029216012,0.027356811,0.03
KT2440,2,25,27.25,0.029481612,0.027356811,0.03
KT2440,2,25,27.5,0.029481612,0.027356811,0.03
KT2440,2,25,27.75,0.029614412,0.027356811,0.03
KT2440,2,25,28.0,0.029481612,0.027356811,0.03
KT2440,2,25,28.25,0.029348812,0.027356811,0.03
KT2440,2,25,28.5,0.028950412,0.027356811,0.03
KT2440,2,25,28.75,0.029216012,0.027356811,0.03
KT2440,2,25,29.0,0.029216012,0.027356811,0.03
KT2440,2,25,29.25,0.029216012,0.027356811,0.03
KT2440,2,25,29.5,0.029216012,0.027356811,0.03
KT2440,2,25,29.75,0.033200014,0.027356811,0.03
KT2440,2,25,30.0,0.029216012,0.027356811,0.03
KT2440,2,25,30.25,0.029614412,0.027356811,0.03
KT2440,2,25,30.5,0.029348812,0.027356811,0.03
KT2440,2,25,30.75,0.029481612,0.027356811,0.03
KT2440,2,25,31.0,0.029348812,0.027356811,0.03
KT2440,2,25,31.25,0.029348812,0.027356811,0.03
KT2440,2,25,31.5,0.029481612,0.027356811,0.03
KT2440,2,25,31.75,0.029481612,0.027356811,0.03
KT2440,2,25,32.0,0.029481612,0.027356811,0.03
KT2440,2,25,32.25,0.029481612,0.027356811,0.03
KT2440,2,25,32.5,0.029614412,0.027356811,0.03
KT2440,2,25,32.75,0.029348812,0.027356811,0.03
KT2440,2,25,33.0,0.029216012,0.027356811,0.03
KT2440,2,25,33.25,0.029747212,0.027356811,0.03
KT2440,2,25,33.5,0.029614412,0.027356811,0.03
KT2440,2,25,33.75,0.029614412,0.027356811,0.03
KT2440,2,25,34.0,0.029481612,0.027356811,0.03
KT2440,2,25,34.25,0.029614412,0.027356811,0.03
KT2440,2,25,34.5,0.029614412,0.027356811,0.03
KT2440,2,25,34.75,0.029614412,0.027356811,0.03
KT2440,2,25,35.0,0.029481612,0.027356811,0.03
KT2440,2,25,35.25,0.029348812,0.027356811,0.03
KT2440,2,25,35.5,0.029614412,0.027356811,0.03
KT2440,2,25,35.75,0.029614412,0.027356811,0.03
KT2440,2,25,36.0,0.029614412,0.027356811,0.03
KT2440,2,25,36.25,0.029481612,0.027356811,0.03
KT2440,2,25,36.5,0.029481612,0.027356811,0.03
KT2440,2,25,36.75,0.029880012,0.027356811,0.03
KT2440,2,25,37.0,0.030145613,0.027356811,0.03
KT2440,2,25,37.25,0.029880012,0.027356811,0.03
KT2440,2,25,37.5,0.029747212,0.027356811,0.03
KT2440,2,25,37.75,0.029747212,0.027356811,0.03
KT2440,2,25,38.0,0.029216012,0.027356811,0.03
KT2440,2,25,38.25,0.028552012,0.027356811,0.03
KT2440,2,25,38.5,0.029083212,0.027356811,0.03
KT2440,2,25,38.75,0.028684812,0.027356811,0.03
KT2440,2,25,39.0,0.028419212,0.027356811,0.03
KT2440,2,25,39.25,0.028419212,0.027356811,0.03
KT2440,2,25,39.5,0.028020812,0.027356811,0.03
KT2440,2,25,39.75,0.028153612,0.027356811,0.03
KT2440,2,25,40.0,0.027356811,0.027356811,0.03
KT2440,3,25,0.0,0.056307224,0.027356811,0.03
KT2440,3,25,0.25,0.055908823,0.027356811,0.03
KT2440,3,25,0.5,0.055908823,0.027356811,0.03
KT2440,3,25,0.75,0.055776023,0.027356811,0.03
KT2440,3,25,1.0,0.052057622,0.027356811,0.03
KT2440,3,25,1.25,0.051924822,0.027356811,0.03
KT2440,3,25,1.5,0.051924822,0.027356811,0.03
KT2440,3,25,1.75,0.052190422,0.027356811,0.03
KT2440,3,25,2.0,0.04833922,0.027356811,0.03
KT2440,3,25,2.25,0.04820642,0.027356811,0.03
KT2440,3,25,2.5,0.04860482,0.027356811,0.03
KT2440,3,25,2.75,0.04807362,0.027356811,0.03
KT2440,3,25,3.0,0.04820642,0.027356811,0.03
KT2440,3,25,3.25,0.04807362,0.027356811,0.03
KT2440,3,25,3.5,0.04807362,0.027356811,0.03
KT2440,3,25,3.75,0.04833922,0.027356811,0.03
KT2440,3,25,4.0,0.04820642,0.027356811,0.03
KT2440,3,25,4.25,0.04820642,0.027356811,0.03
KT2440,3,25,4.5,0.04833922,0.027356811,0.03
KT2440,3,25,4.75,0.04820642,0.027356811,0.03
KT2440,3,25,5.0,0.04833922,0.027356811,0.03
KT2440,3,25,5.25,0.04833922,0.027356811,0.03
KT2440,3,25,5.5,0.044222418,0.027356811,0.03
KT2440,3,25,5.75,0.044488019,0.027356811,0.03
KT2440,3,25,6.0,0.044355219,0.027356811,0.03
KT2440,3,25,6.25,0.044620819,0.027356811,0.03
KT2440,3,25,6.5,0.044488019,0.027356811,0.03
KT2440,3,25,6.75,0.044488019,0.027356811,0.03
KT2440,3,25,7.0,0.044488019,0.027356811,0.03
KT2440,3,25,7.25,0.044355219,0.027356811,0.03
KT2440,3,25,7.5,0.044488019,0.027356811,0.03
KT2440,3,25,7.75,0.044620819,0.027356811,0.03
KT2440,3,25,8.0,0.044620819,0.027356811,0.03
KT2440,3,25,8.25,0.044620819,0.027356811,0.03
KT2440,3,25,8.5,0.044355219,0.027356811,0.03
KT2440,3,25,8.75,0.044355219,0.027356811,0.03
KT2440,3,25,9.0,0.040769617,0.027356811,0.03
KT2440,3,25,9.25,0.044488019,0.027356811,0.03
KT2440,3,25,9.5,0.040769617,0.027356811,0.03
KT2440,3,25,9.75,0.040636817,0.027356811,0.03
KT2440,3,25,10.0,0.040504017,0.027356811,0.03
KT2440,3,25,10.25,0.040504017,0.027356811,0.03
KT2440,3,25,10.5,0.040902417,0.027356811,0.03
KT2440,3,25,10.75,0.040902417,0.027356811,0.03
KT2440,3,25,11.0,0.040769617,0.027356811,0.03
KT2440,3,25,11.25,0.040636817,0.027356811,0.03
KT2440,3,25,11.5,0.040636817,0.027356811,0.03
KT2440,3,25,11.75,0.044620819,0.027356811,0.03
KT2440,3,25,12.0,0.040902417,0.027356811,0.03
KT2440,3,25,12.25,0.044620819,0.027356811,0.03
KT2440,3,25,12.5,0.04873762,0.027356811,0.03
KT2440,3,25,12.75,0.044355219,0.027356811,0.03
KT2440,3,25,13.0,0.044753619,0.027356811,0.03
KT2440,3,25,13.25,0.044886419,0.027356811,0.03
KT2440,3,25,13.5,0.04860482,0.027356811,0.03
KT2440,3,25,13.75,0.041035217,0.027356811,0.03
KT2440,3,25,14.0,0.040769617,0.027356811,0.03
KT2440,3,25,14.25,0.041035217,0.027356811,0.03
KT2440,3,25,14.5,0.040902417,0.027356811,0.03
KT2440,3,25,14.75,0.040636817,0.027356811,0.03
KT2440,3,25,15.0,0.041168017,0.027356811,0.03
KT2440,3,25,15.25,0.055908823,0.027356811,0.03
KT2440,3,25,15.5,0.040504017,0.027356811,0.03
KT2440,3,25,15.75,0.041035217,0.027356811,0.03
KT2440,3,25,16.0,0.041035217,0.027356811,0.03
KT2440,3,25,16.25,0.041035217,0.027356811,0.03
KT2440,3,25,16.5,0.044886419,0.027356811,0.03
KT2440,3,25,16.75,0.041168017,0.027356811,0.03
KT2440,3,25,17.0,0.037449616,0.027356811,0.03
KT2440,3,25,17.25,0.041300817,0.027356811,0.03
KT2440,3,25,17.5,0.037449616,0.027356811,0.03
KT2440,3,25,17.75,0.041300817,0.027356811,0.03
KT2440,3,25,18.0,0.04900322,0.027356811,0.03
KT2440,3,25,18.25,0.041035217,0.027356811,0.03
KT2440,3,25,18.5,0.044620819,0.027356811,0.03
KT2440,3,25,18.75,0.041035217,0.027356811,0.03
KT2440,3,25,19.0,0.041168017,0.027356811,0.03
KT2440,3,25,19.25,0.041168017,0.027356811,0.03
KT2440,3,25,19.5,0.045019219,0.027356811,0.03
KT2440,3,25,19.75,0.041035217,0.027356811,0.03
KT2440,3,25,20.0,0.045019219,0.027356811,0.03
KT2440,3,25,20.25,0.041035217,0.027356811,0.03
KT2440,3,25,20.5,0.041168017,0.027356811,0.03
KT2440,3,25,20.75,0.044886419,0.027356811,0.03
KT2440,3,25,21.0,0.044886419,0.027356811,0.03
KT2440,3,25,21.25,0.040902417,0.027356811,0.03
KT2440,3,25,21.5,0.045152019,0.027356811,0.03
KT2440,3,25,21.75,0.04887042,0.027356811,0.03
KT2440,3,25,22.0,0.04873762,0.027356811,0.03
KT2440,3,25,22.25,0.045019219,0.027356811,0.03
KT2440,3,25,22.5,0.045152019,0.027356811,0.03
KT2440,3,25,22.75,0.045284819,0.027356811,0.03
KT2440,3,25,23.0,0.045284819,0.027356811,0.03
KT2440,3,25,23.25,0.045152019,0.027356811,0.03
KT2440,3,25,23.5,0.044886419,0.027356811,0.03
KT2440,3,25,23.75,0.040902417,0.027356811,0.03
KT2440,3,25,24.0,0.044886419,0.027356811,0.03
KT2440,3,25,24.25,0.041168017,0.027356811,0.03
KT2440,3,25,24.5,0.044753619,0.027356811,0.03
KT2440,3,25,24.75,0.045019219,0.027356811,0.03
KT2440,3,25,25.0,0.044886419,0.027356811,0.03
KT2440,3,25,25.25,0.044886419,0.027356811,0.03
KT2440,3,25,25.5,0.044620819,0.027356811,0.03
KT2440,3,25,25.75,0.044753619,0.027356811,0.03
KT2440,3,25,26.0,0.045019219,0.027356811,0.03
KT2440,3,25,26.25,0.041035217,0.027356811,0.03
KT2440,3,25,26.5,0.045019219,0.027356811,0.03
KT2440,3,25,26.75,0.041035217,0.027356811,0.03
KT2440,3,25,27.0,0.040769617,0.027356811,0.03
KT2440,3,25,27.25,0.041035217,0.027356811,0.03
KT2440,3,25,27.5,0.041035217,0.027356811,0.03
KT2440,3,25,27.75,0.045019219,0.027356811,0.03
KT2440,3,25,28.0,0.041035217,0.027356811,0.03
KT2440,3,25,28.25,0.040902417,0.027356811,0.03
KT2440,3,25,28.5,0.040504017,0.027356811,0.03
KT2440,3,25,28.75,0.040769617,0.027356811,0.03
KT2440,3,25,29.0,0.040769617,0.027356811,0.03
KT2440,3,25,29.25,0.040769617,0.027356811,0.03
KT2440,3,25,29.5,0.040769617,0.027356811,0.03
KT2440,3,25,29.75,0.044753619,0.027356811,0.03
KT2440,3,25,30.0,0.040769617,0.027356811,0.03
KT2440,3,25,30.25,0.041168017,0.027356811,0.03
KT2440,3,25,30.5,0.040902417,0.027356811,0.03
KT2440,3,25,30.75,0.044886419,0.027356811,0.03
KT2440,3,25,31.0,0.040902417,0.027356811,0.03
KT2440,3,25,31.25,0.040902417,0.027356811,0.03
KT2440,3,25,31.5,0.041035217,0.027356811,0.03
KT2440,3,25,31.75,0.041035217,0.027356811,0.03
KT2440,3,25,32.0,0.041035217,0.027356811,0.03
KT2440,3,25,32.25,0.041035217,0.027356811,0.03
KT2440,3,25,32.5,0.045019219,0.027356811,0.03
KT2440,3,25,32.75,0.040902417,0.027356811,0.03
KT2440,3,25,33.0,0.040769617,0.027356811,0.03
KT2440,3,25,33.25,0.045152019,0.027356811,0.03
KT2440,3,25,33.5,0.041168017,0.027356811,0.03
KT2440,3,25,33.75,0.041168017,0.027356811,0.03
KT2440,3,25,34.0,0.041035217,0.027356811,0.03
KT2440,3,25,34.25,0.041168017,0.027356811,0.03
KT2440,3,25,34.5,0.041168017,0.027356811,0.03
KT2440,3,25,34.75,0.041168017,0.027356811,0.03
KT2440,3,25,35.0,0.041035217,0.027356811,0.03
KT2440,3,25,35.25,0.040902417,0.027356811,0.03
KT2440,3,25,35.5,0.041168017,0.027356811,0.03
KT2440,3,25,35.75,0.041168017,0.027356811,0.03
KT2440,3,25,36.0,0.041168017,0.027356811,0.03
KT2440,3,25,36.25,0.041035217,0.027356811,0.03
KT2440,3,25,36.5,0.044886419,0.027356811,0.03
KT2440,3,25,36.75,0.041433617,0.027356811,0.03
KT2440,3,25,37.0,0.041699217,0.027356811,0.03
KT2440,3,25,37.25,0.041433617,0.027356811,0.03
KT2440,3,25,37.5,0.041300817,0.027356811,0.03
KT2440,3,25,37.75,0.045152019,0.027356811,0.03
KT2440,3,25,38.0,0.040769617,0.027356811,0.03
KT2440,3,25,38.25,0.040105617,0.027356811,0.03
KT2440,3,25,38.5,0.040636817,0.027356811,0.03
KT2440,3,25,38.75,0.036387215,0.027356811,0.03
KT2440,3,25,39.0,0.039972817,0.027356811,0.03
KT2440,3,25,39.25,0.036121615,0.027356811,0.03
KT2440,3,25,39.5,0.039574417,0.027356811,0.03
KT2440,3,25,39.75,0.035856015,0.027356811,0.03
KT2440,3,25,40.0,0.035059215,0.027356811,0.03
KT2440,1,50,0.0,0.07171203,0.044355219,0.03
KT2440,1,50,0.25,0.075164831,0.044355219,0.030809612
KT2440,1,50,0.5,0.07131363,0.044355219,0.03
KT2440,1,50,0.75,0.07118083,0.044355219,0.03
KT2440,1,50,1.0,0.07131363,0.044355219,0.03
KT2440,1,50,1.25,0.07118083,0.044355219,0.03
KT2440,1,50,1.5,0.07118083,0.044355219,0.03
KT2440,1,50,1.75,0.07144643,0.044355219,0.03
KT2440,1,50,2.0,0.07144643,0.044355219,0.03
KT2440,1,50,2.25,0.067462428,0.044355219,0.03
KT2440,1,50,2.5,0.067860828,0.044355219,0.03
KT2440,1,50,2.75,0.07118083,0.044355219,0.03
KT2440,1,50,3.0,0.067462428,0.044355219,0.03
KT2440,1,50,3.25,0.067329628,0.044355219,0.03
KT2440,1,50,3.5,0.067329628,0.044355219,0.03
KT2440,1,50,3.75,0.063744027,0.044355219,0.03
KT2440,1,50,4.0,0.063611227,0.044355219,0.03
KT2440,1,50,4.25,0.063611227,0.044355219,0.03
KT2440,1,50,4.5,0.063744027,0.044355219,0.03
KT2440,1,50,4.75,0.063611227,0.044355219,0.03
KT2440,1,50,5.0,0.063744027,0.044355219,0.03
KT2440,1,50,5.25,0.063744027,0.044355219,0.03
KT2440,1,50,5.5,0.063478427,0.044355219,0.03
KT2440,1,50,5.75,0.063744027,0.044355219,0.03
KT2440,1,50,6.0,0.059760025,0.044355219,0.03
KT2440,1,50,6.25,0.060025625,0.044355219,0.03
KT2440,1,50,6.5,0.059892825,0.044355219,0.03
KT2440,1,50,6.75,0.059892825,0.044355219,0.03
KT2440,1,50,7.0,0.059892825,0.044355219,0.03
KT2440,1,50,7.25,0.059760025,0.044355219,0.03
KT2440,1,50,7.5,0.059892825,0.044355219,0.03
KT2440,1,50,7.75,0.060025625,0.044355219,0.03
KT2440,1,50,8.0,0.060025625,0.044355219,0.03
KT2440,1,50,8.25,0.060025625,0.044355219,0.03
KT2440,1,50,8.5,0.059760025,0.044355219,0.03
KT2440,1,50,8.75,0.059760025,0.044355219,0.03
KT2440,1,50,9.0,0.060025625,0.044355219,0.03
KT2440,1,50,9.25,0.059892825,0.044355219,0.03
KT2440,1,50,9.5,0.060025625,0.044355219,0.03
KT2440,1,50,9.75,0.059892825,0.044355219,0.03
KT2440,1,50,10.0,0.059760025,0.044355219,0.03
KT2440,1,50,10.25,0.059760025,0.044355219,0.03
KT2440,1,50,10.5,0.060158425,0.044355219,0.03
KT2440,1,50,10.75,0.060158425,0.044355219,0.03
KT2440,1,50,11.0,0.060025625,0.044355219,0.03
KT2440,1,50,11.25,0.059892825,0.044355219,0.03
KT2440,1,50,11.5,0.059892825,0.044355219,0.03
KT2440,1,50,11.75,0.060025625,0.044355219,0.03
KT2440,1,50,12.0,0.060158425,0.044355219,0.03
KT2440,1,50,12.25,0.060025625,0.044355219,0.03
KT2440,1,50,12.5,0.060291225,0.044355219,0.03
KT2440,1,50,12.75,0.059760025,0.044355219,0.03
KT2440,1,50,13.0,0.060158425,0.044355219,0.03
KT2440,1,50,13.25,0.060291225,0.044355219,0.03
KT2440,1,50,13.5,0.060158425,0.044355219,0.03
KT2440,1,50,13.75,0.060291225,0.044355219,0.03
KT2440,1,50,14.0,0.060025625,0.044355219,0.03
KT2440,1,50,14.25,0.060291225,0.044355219,0.03
KT2440,1,50,14.5,0.060158425,0.044355219,0.03
KT2440,1,50,14.75,0.059892825,0.044355219,0.03
KT2440,1,50,15.0,0.060424025,0.044355219,0.03
KT2440,1,50,15.25,0.086718436,0.044355219,0.042363216999999995
KT2440,1,50,15.5,0.055908823,0.044355219,0.03
KT2440,1,50,15.75,0.056440024,0.044355219,0.03
KT2440,1,50,16.0,0.056440024,0.044355219,0.03
KT2440,1,50,16.25,0.056440024,0.044355219,0.03
KT2440,1,50,16.5,0.056440024,0.044355219,0.03
KT2440,1,50,16.75,0.056572824,0.044355219,0.03
KT2440,1,50,17.0,0.056705624,0.044355219,0.03
KT2440,1,50,17.25,0.060556825,0.044355219,0.03
KT2440,1,50,17.5,0.060556825,0.044355219,0.03
KT2440,1,50,17.75,0.056705624,0.044355219,0.03
KT2440,1,50,18.0,0.056705624,0.044355219,0.03
KT2440,1,50,18.25,0.060291225,0.044355219,0.03
KT2440,1,50,18.5,0.060025625,0.044355219,0.03
KT2440,1,50,18.75,0.060291225,0.044355219,0.03
KT2440,1,50,19.0,0.056572824,0.044355219,0.03
KT2440,1,50,19.25,0.060424025,0.044355219,0.03
KT2440,1,50,19.5,0.056572824,0.044355219,0.03
KT2440,1,50,19.75,0.060291225,0.044355219,0.03
KT2440,1,50,20.0,0.056572824,0.044355219,0.03
KT2440,1,50,20.25,0.060291225,0.044355219,0.03
KT2440,1,50,20.5,0.060424025,0.044355219,0.03
KT2440,1,50,20.75,0.060291225,0.044355219,0.03
KT2440,1,50,21.0,0.056440024,0.044355219,0.03
KT2440,1,50,21.25,0.056307224,0.044355219,0.03
KT2440,1,50,21.5,0.056705624,0.044355219,0.03
KT2440,1,50,21.75,0.056572824,0.044355219,0.03
KT2440,1,50,22.0,0.056440024,0.044355219,0.03
KT2440,1,50,22.25,0.056572824,0.044355219,0.03
KT2440,1,50,22.5,0.060556825,0.044355219,0.03
KT2440,1,50,22.75,0.056838424,0.044355219,0.03
KT2440,1,50,23.0,0.056838424,0.044355219,0.03
KT2440,1,50,23.25,0.064408027,0.044355219,0.03
KT2440,1,50,23.5,0.060291225,0.044355219,0.03
KT2440,1,50,23.75,0.056307224,0.044355219,0.03
KT2440,1,50,24.0,0.056440024,0.044355219,0.03
KT2440,1,50,24.25,0.056572824,0.044355219,0.03
KT2440,1,50,24.5,0.056307224,0.044355219,0.03
KT2440,1,50,24.75,0.060424025,0.044355219,0.03
KT2440,1,50,25.0,0.060291225,0.044355219,0.03
KT2440,1,50,25.25,0.060291225,0.044355219,0.03
KT2440,1,50,25.5,0.056174423,0.044355219,0.03
KT2440,1,50,25.75,0.056307224,0.044355219,0.03
KT2440,1,50,26.0,0.056572824,0.044355219,0.03
KT2440,1,50,26.25,0.056440024,0.044355219,0.03
KT2440,1,50,26.5,0.056572824,0.044355219,0.03
KT2440,1,50,26.75,0.056440024,0.044355219,0.03
KT2440,1,50,27.0,0.056174423,0.044355219,0.03
KT2440,1,50,27.25,0.056440024,0.044355219,0.03
KT2440,1,50,27.5,0.056440024,0.044355219,0.03
KT2440,1,50,27.75,0.056572824,0.044355219,0.03
KT2440,1,50,28.0,0.056440024,0.044355219,0.03
KT2440,1,50,28.25,0.056307224,0.044355219,0.03
KT2440,1,50,28.5,0.055908823,0.044355219,0.03
KT2440,1,50,28.75,0.056174423,0.044355219,0.03
KT2440,1,50,29.0,0.060025625,0.044355219,0.03
KT2440,1,50,29.25,0.056174423,0.044355219,0.03
KT2440,1,50,29.5,0.056174423,0.044355219,0.03
KT2440,1,50,29.75,0.056307224,0.044355219,0.03
KT2440,1,50,30.0,0.060025625,0.044355219,0.03
KT2440,1,50,30.25,0.056572824,0.044355219,0.03
KT2440,1,50,30.5,0.056307224,0.044355219,0.03
KT2440,1,50,30.75,0.056440024,0.044355219,0.03
KT2440,1,50,31.0,0.060158425,0.044355219,0.03
KT2440,1,50,31.25,0.056307224,0.044355219,0.03
KT2440,1,50,31.5,0.060291225,0.044355219,0.03
KT2440,1,50,31.75,0.056440024,0.044355219,0.03
KT2440,1,50,32.0,0.056440024,0.044355219,0.03
KT2440,1,50,32.25,0.056440024,0.044355219,0.03
KT2440,1,50,32.5,0.064275227,0.044355219,0.03
KT2440,1,50,32.75,0.056307224,0.044355219,0.03
KT2440,1,50,33.0,0.056174423,0.044355219,0.03
KT2440,1,50,33.25,0.056705624,0.044355219,0.03
KT2440,1,50,33.5,0.060424025,0.044355219,0.03
KT2440,1,50,33.75,0.056572824,0.044355219,0.03
KT2440,1,50,34.0,0.060291225,0.044355219,0.03
KT2440,1,50,34.25,0.060424025,0.044355219,0.03
KT2440,1,50,34.5,0.056572824,0.044355219,0.03
KT2440,1,50,34.75,0.060424025,0.044355219,0.03
KT2440,1,50,35.0,0.056440024,0.044355219,0.03
KT2440,1,50,35.25,0.056307224,0.044355219,0.03
KT2440,1,50,35.5,0.056572824,0.044355219,0.03
KT2440,1,50,35.75,0.060424025,0.044355219,0.03
KT2440,1,50,36.0,0.060424025,0.044355219,0.03
KT2440,1,50,36.25,0.060291225,0.044355219,0.03
KT2440,1,50,36.5,0.060291225,0.044355219,0.03
KT2440,1,50,36.75,0.064540827,0.044355219,0.03
KT2440,1,50,37.0,0.060955225,0.044355219,0.03
KT2440,1,50,37.25,0.060689625,0.044355219,0.03
KT2440,1,50,37.5,0.060556825,0.044355219,0.03
KT2440,1,50,37.75,0.060556825,0.044355219,0.03
KT2440,1,50,38.0,0.060025625,0.044355219,0.03
KT2440,1,50,38.25,0.059361625,0.044355219,0.03
KT2440,1,50,38.5,0.056041623,0.044355219,0.03
KT2440,1,50,38.75,0.055643223,0.044355219,0.03
KT2440,1,50,39.0,0.055377623,0.044355219,0.03
KT2440,1,50,39.25,0.059228825,0.044355219,0.03
KT2440,1,50,39.5,0.054979223,0.044355219,0.03
KT2440,1,50,39.75,0.058963225,0.044355219,0.03
KT2440,1,50,40.0,0.054315223,0.044355219,0.03
KT2440,2,50,0.0,0.056307224,0.044355219,0.03
KT2440,2,50,0.25,0.055908823,0.044355219,0.03
KT2440,2,50,0.5,0.055908823,0.044355219,0.03
KT2440,2,50,0.75,0.055776023,0.044355219,0.03
KT2440,2,50,1.0,0.052057622,0.044355219,0.03
KT2440,2,50,1.25,0.051924822,0.044355219,0.03
KT2440,2,50,1.5,0.051924822,0.044355219,0.03
KT2440,2,50,1.75,0.052190422,0.044355219,0.03
KT2440,2,50,2.0,0.052190422,0.044355219,0.03
KT2440,2,50,2.25,0.052057622,0.044355219,0.03
KT2440,2,50,2.5,0.052456022,0.044355219,0.03
KT2440,2,50,2.75,0.051924822,0.044355219,0.03
KT2440,2,50,3.0,0.052057622,0.044355219,0.03
KT2440,2,50,3.25,0.051924822,0.044355219,0.03
KT2440,2,50,3.5,0.04807362,0.044355219,0.03
KT2440,2,50,3.75,0.04833922,0.044355219,0.03
KT2440,2,50,4.0,0.04820642,0.044355219,0.03
KT2440,2,50,4.25,0.04820642,0.044355219,0.03
KT2440,2,50,4.5,0.04833922,0.044355219,0.03
KT2440,2,50,4.75,0.04820642,0.044355219,0.03
KT2440,2,50,5.0,0.04833922,0.044355219,0.03
KT2440,2,50,5.25,0.04833922,0.044355219,0.03
KT2440,2,50,5.5,0.04807362,0.044355219,0.03
KT2440,2,50,5.75,0.04833922,0.044355219,0.03
KT2440,2,50,6.0,0.04820642,0.044355219,0.03
KT2440,2,50,6.25,0.04847202,0.044355219,0.03
KT2440,2,50,6.5,0.044488019,0.044355219,0.03
KT2440,2,50,6.75,0.044488019,0.044355219,0.03
KT2440,2,50,7.0,0.044488019,0.044355219,0.03
KT2440,2,50,7.25,0.044355219,0.044355219,0.03
KT2440,2,50,7.5,0.044488019,0.044355219,0.03
KT2440,2,50,7.75,0.044620819,0.044355219,0.03
KT2440,2,50,8.0,0.04847202,0.044355219,0.03
KT2440,2,50,8.25,0.044620819,0.044355219,0.03
KT2440,2,50,8.5,0.044355219,0.044355219,0.03
KT2440,2,50,8.75,0.044355219,0.044355219,0.03
KT2440,2,50,9.0,0.044620819,0.044355219,0.03
KT2440,2,50,9.25,0.044488019,0.044355219,0.03
KT2440,2,50,9.5,0.044620819,0.044355219,0.03
KT2440,2,50,9.75,0.044488019,0.044355219,0.03
KT2440,2,50,10.0,0.044355219,0.044355219,0.03
KT2440,2,50,10.25,0.044355219,0.044355219,0.03
KT2440,2,50,10.5,0.044753619,0.044355219,0.03
KT2440,2,50,10.75,0.044753619,0.044355219,0.03
KT2440,2,50,11.0,0.044620819,0.044355219,0.03
KT2440,2,50,11.25,0.044488019,0.044355219,0.03
KT2440,2,50,11.5,0.044488019,0.044355219,0.03
KT2440,2,50,11.75,0.044620819,0.044355219,0.03
KT2440,2,50,12.0,0.044753619,0.044355219,0.03
KT2440,2,50,12.25,0.044620819,0.044355219,0.03
KT2440,2,50,12.5,0.044886419,0.044355219,0.03
KT2440,2,50,12.75,0.044355219,0.044355219,0.03
KT2440,2,50,13.0,0.044753619,0.044355219,0.03
KT2440,2,50,13.25,0.044886419,0.044355219,0.03
KT2440,2,50,13.5,0.044753619,0.044355219,0.03
KT2440,2,50,13.75,0.044886419,0.044355219,0.03
KT2440,2,50,14.0,0.044620819,0.044355219,0.03
KT2440,2,50,14.25,0.044886419,0.044355219,0.03
KT2440,2,50,14.5,0.044753619,0.044355219,0.03
KT2440,2,50,14.75,0.044488019,0.044355219,0.03
KT2440,2,50,15.0,0.045019219,0.044355219,0.03
KT2440,2,50,15.25,0.075164831,0.044355219,0.030809612
KT2440,2,50,15.5,0.044355219,0.044355219,0.03
KT2440,2,50,15.75,0.044886419,0.044355219,0.03
KT2440,2,50,16.0,0.052588822,0.044355219,0.03
KT2440,2,50,16.25,0.044886419,0.044355219,0.03
KT2440,2,50,16.5,0.044886419,0.044355219,0.03
KT2440,2,50,16.75,0.045019219,0.044355219,0.03
KT2440,2,50,17.0,0.045152019,0.044355219,0.03
KT2440,2,50,17.25,0.045152019,0.044355219,0.03
KT2440,2,50,17.5,0.045152019,0.044355219,0.03
KT2440,2,50,17.75,0.045152019,0.044355219,0.03
KT2440,2,50,18.0,0.04900322,0.044355219,0.03
KT2440,2,50,18.25,0.04873762,0.044355219,0.03
KT2440,2,50,18.5,0.044620819,0.044355219,0.03
KT2440,2,50,18.75,0.044886419,0.044355219,0.03
KT2440,2,50,19.0,0.04887042,0.044355219,0.03
KT2440,2,50,19.25,0.056572824,0.044355219,0.03
KT2440,2,50,19.5,0.04887042,0.044355219,0.03
KT2440,2,50,19.75,0.04873762,0.044355219,0.03
KT2440,2,50,20.0,0.052721622,0.044355219,0.03
KT2440,2,50,20.25,0.052588822,0.044355219,0.03
KT2440,2,50,20.5,0.052721622,0.044355219,0.03
KT2440,2,50,20.75,0.052588822,0.044355219,0.03
KT2440,2,50,21.0,0.056440024,0.044355219,0.03
KT2440,2,50,21.25,0.052456022,0.044355219,0.03
KT2440,2,50,21.5,0.04900322,0.044355219,0.03
KT2440,2,50,21.75,0.052721622,0.044355219,0.03
KT2440,2,50,22.0,0.052588822,0.044355219,0.03
KT2440,2,50,22.25,0.04887042,0.044355219,0.03
KT2440,2,50,22.5,0.04900322,0.044355219,0.03
KT2440,2,50,22.75,0.049136021,0.044355219,0.03
KT2440,2,50,23.0,0.052987222,0.044355219,0.03
KT2440,2,50,23.25,0.052854422,0.044355219,0.03
KT2440,2,50,23.5,0.056440024,0.044355219,0.03
KT2440,2,50,23.75,0.052456022,0.044355219,0.03
KT2440,2,50,24.0,0.056440024,0.044355219,0.03
KT2440,2,50,24.25,0.052721622,0.044355219,0.03
KT2440,2,50,24.5,0.060158425,0.044355219,0.03
KT2440,2,50,24.75,0.060424025,0.044355219,0.03
KT2440,2,50,25.0,0.052588822,0.044355219,0.03
KT2440,2,50,25.25,0.056440024,0.044355219,0.03
KT2440,2,50,25.5,0.056174423,0.044355219,0.03
KT2440,2,50,25.75,0.052456022,0.044355219,0.03
KT2440,2,50,26.0,0.04887042,0.044355219,0.03
KT2440,2,50,26.25,0.04873762,0.044355219,0.03
KT2440,2,50,26.5,0.056572824,0.044355219,0.03
KT2440,2,50,26.75,0.052588822,0.044355219,0.03
KT2440,2,50,27.0,0.052323222,0.044355219,0.03
KT2440,2,50,27.25,0.056440024,0.044355219,0.03
KT2440,2,50,27.5,0.052588822,0.044355219,0.03
KT2440,2,50,27.75,0.052721622,0.044355219,0.03
KT2440,2,50,28.0,0.052588822,0.044355219,0.03
KT2440,2,50,28.25,0.052456022,0.044355219,0.03
KT2440,2,50,28.5,0.04820642,0.044355219,0.03
KT2440,2,50,28.75,0.04847202,0.044355219,0.03
KT2440,2,50,29.0,0.052323222,0.044355219,0.03
KT2440,2,50,29.25,0.052323222,0.044355219,0.03
KT2440,2,50,29.5,0.060025625,0.044355219,0.03
KT2440,2,50,29.75,0.052456022,0.044355219,0.03
KT2440,2,50,30.0,0.04847202,0.044355219,0.03
KT2440,2,50,30.25,0.04887042,0.044355219,0.03
KT2440,2,50,30.5,0.04860482,0.044355219,0.03
KT2440,2,50,30.75,0.04873762,0.044355219,0.03
KT2440,2,50,31.0,0.052456022,0.044355219,0.03
KT2440,2,50,31.25,0.052456022,0.044355219,0.03
KT2440,2,50,31.5,0.052588822,0.044355219,0.03
KT2440,2,50,31.75,0.04873762,0.044355219,0.03
KT2440,2,50,32.0,0.056440024,0.044355219,0.03
KT2440,2,50,32.25,0.04873762,0.044355219,0.03
KT2440,2,50,32.5,0.052721622,0.044355219,0.03
KT2440,2,50,32.75,0.052456022,0.044355219,0.03
KT2440,2,50,33.0,0.052323222,0.044355219,0.03
KT2440,2,50,33.25,0.04900322,0.044355219,0.03
KT2440,2,50,33.5,0.052721622,0.044355219,0.03
KT2440,2,50,33.75,0.04887042,0.044355219,0.03
KT2440,2,50,34.0,0.04873762,0.044355219,0.03
KT2440,2,50,34.25,0.056572824,0.044355219,0.03
KT2440,2,50,34.5,0.052721622,0.044355219,0.03
KT2440,2,50,34.75,0.052721622,0.044355219,0.03
KT2440,2,50,35.0,0.04873762,0.044355219,0.03
KT2440,2,50,35.25,0.052456022,0.044355219,0.03
KT2440,2,50,35.5,0.04887042,0.044355219,0.03
KT2440,2,50,35.75,0.052721622,0.044355219,0.03
KT2440,2,50,36.0,0.052721622,0.044355219,0.03
KT2440,2,50,36.25,0.052588822,0.044355219,0.03
KT2440,2,50,36.5,0.052588822,0.044355219,0.03
KT2440,2,50,36.75,0.049136021,0.044355219,0.03
KT2440,2,50,37.0,0.049401621,0.044355219,0.03
KT2440,2,50,37.25,0.049136021,0.044355219,0.03
KT2440,2,50,37.5,0.04900322,0.044355219,0.03
KT2440,2,50,37.75,0.052854422,0.044355219,0.03
KT2440,2,50,38.0,0.04847202,0.044355219,0.03
KT2440,2,50,38.25,0.051659222,0.044355219,0.03
KT2440,2,50,38.5,0.04833922,0.044355219,0.03
KT2440,2,50,38.75,0.04794082,0.044355219,0.03
KT2440,2,50,39.0,0.04767522,0.044355219,0.03
KT2440,2,50,39.25,0.051526422,0.044355219,0.03
KT2440,2,50,39.5,0.051128021,0.044355219,0.03
KT2440,2,50,39.75,0.051260821,0.044355219,0.03
KT2440,2,50,40.0,0.050464021,0.044355219,0.03
KT2440,3,50,0.0,0.060158425,0.044355219,0.03
KT2440,3,50,0.25,0.063611227,0.044355219,0.03
KT2440,3,50,0.5,0.063611227,0.044355219,0.03
KT2440,3,50,0.75,0.063478427,0.044355219,0.03
KT2440,3,50,1.0,0.059760025,0.044355219,0.03
KT2440,3,50,1.25,0.059627225,0.044355219,0.03
KT2440,3,50,1.5,0.059627225,0.044355219,0.03
KT2440,3,50,1.75,0.059892825,0.044355219,0.03
KT2440,3,50,2.0,0.056041623,0.044355219,0.03
KT2440,3,50,2.25,0.059760025,0.044355219,0.03
KT2440,3,50,2.5,0.056307224,0.044355219,0.03
KT2440,3,50,2.75,0.055776023,0.044355219,0.03
KT2440,3,50,3.0,0.059760025,0.044355219,0.03
KT2440,3,50,3.25,0.055776023,0.044355219,0.03
KT2440,3,50,3.5,0.055776023,0.044355219,0.03
KT2440,3,50,3.75,0.056041623,0.044355219,0.03
KT2440,3,50,4.0,0.055908823,0.044355219,0.03
KT2440,3,50,4.25,0.055908823,0.044355219,0.03
KT2440,3,50,4.5,0.052190422,0.044355219,0.03
KT2440,3,50,4.75,0.052057622,0.044355219,0.03
KT2440,3,50,5.0,0.052190422,0.044355219,0.03
KT2440,3,50,5.25,0.052190422,0.044355219,0.03
KT2440,3,50,5.5,0.055776023,0.044355219,0.03
KT2440,3,50,5.75,0.056041623,0.044355219,0.03
KT2440,3,50,6.0,0.063611227,0.044355219,0.03
KT2440,3,50,6.25,0.056174423,0.044355219,0.03
KT2440,3,50,6.5,0.063744027,0.044355219,0.03
KT2440,3,50,6.75,0.056041623,0.044355219,0.03
KT2440,3,50,7.0,0.059892825,0.044355219,0.03
KT2440,3,50,7.25,0.059760025,0.044355219,0.03
KT2440,3,50,7.5,0.07144643,0.044355219,0.03
KT2440,3,50,7.75,0.060025625,0.044355219,0.03
KT2440,3,50,8.0,0.075430432,0.044355219,0.031075213000000004
KT2440,3,50,8.25,0.063876827,0.044355219,0.03
KT2440,3,50,8.5,0.075164831,0.044355219,0.030809612
KT2440,3,50,8.75,0.059760025,0.044355219,0.03
KT2440,3,50,9.0,0.063876827,0.044355219,0.03
KT2440,3,50,9.25,0.059892825,0.044355219,0.03
KT2440,3,50,9.5,0.075430432,0.044355219,0.031075213000000004
KT2440,3,50,9.75,0.063744027,0.044355219,0.03
KT2440,3,50,10.0,0.067462428,0.044355219,0.03
KT2440,3,50,10.25,0.07131363,0.044355219,0.03
KT2440,3,50,10.5,0.07171203,0.044355219,0.03
KT2440,3,50,10.75,0.079414433,0.044355219,0.035059214000000005
KT2440,3,50,11.0,0.07157923,0.044355219,0.03
KT2440,3,50,11.25,0.075297631,0.044355219,0.030942412000000002
KT2440,3,50,11.5,0.075297631,0.044355219,0.030942412000000002
KT2440,3,50,11.75,0.07157923,0.044355219,0.03
KT2440,3,50,12.0,0.083265635,0.044355219,0.038910416
KT2440,3,50,12.25,0.07157923,0.044355219,0.03
KT2440,3,50,12.5,0.067993628,0.044355219,0.03
KT2440,3,50,12.75,0.075164831,0.044355219,0.030809612
KT2440,3,50,13.0,0.079414433,0.044355219,0.035059214000000005
KT2440,3,50,13.25,0.067993628,0.044355219,0.03
KT2440,3,50,13.5,0.07171203,0.044355219,0.03
KT2440,3,50,13.75,0.075696032,0.044355219,0.031340812999999995
KT2440,3,50,14.0,0.067728028,0.044355219,0.03
KT2440,3,50,14.25,0.079547233,0.044355219,0.035192013999999994
KT2440,3,50,14.5,0.067860828,0.044355219,0.03
KT2440,3,50,14.75,0.07144643,0.044355219,0.03
KT2440,3,50,15.0,0.075828832,0.044355219,0.031473613
KT2440,3,50,15.25,0.079016033,0.044355219,0.034660814
KT2440,3,50,15.5,0.082867235,0.044355219,0.038512015999999996
KT2440,3,50,15.75,0.083398435,0.044355219,0.039043216000000006
KT2440,3,50,16.0,0.091100838,0.044355219,0.046745619
KT2440,3,50,16.25,0.083398435,0.044355219,0.039043216000000006
KT2440,3,50,16.5,0.091100838,0.044355219,0.046745619
KT2440,3,50,16.75,0.087382437,0.044355219,0.04302721799999999
KT2440,3,50,17.0,0.083664035,0.044355219,0.039308815999999996
KT2440,3,50,17.25,0.09521764,0.044355219,0.050862421000000005
KT2440,3,50,17.5,0.087515237,0.044355219,0.043160017999999994
KT2440,3,50,17.75,0.075961632,0.044355219,0.031606413
KT2440,3,50,18.0,0.091366438,0.044355219,0.04701121899999999
KT2440,3,50,18.25,0.087249636,0.044355219,0.042894417000000004
KT2440,3,50,18.5,0.079281633,0.044355219,0.034926414
KT2440,3,50,18.75,0.083398435,0.044355219,0.039043216000000006
KT2440,3,50,19.0,0.083531235,0.044355219,0.039176015999999994
KT2440,3,50,19.25,0.079680033,0.044355219,0.035324813999999996
KT2440,3,50,19.5,0.083531235,0.044355219,0.039176015999999994
KT2440,3,50,19.75,0.07184483,0.044355219,0.03
KT2440,3,50,20.0,0.079680033,0.044355219,0.035324813999999996
KT2440,3,50,20.25,0.087249636,0.044355219,0.042894417000000004
KT2440,3,50,20.5,0.087382437,0.044355219,0.04302721799999999
KT2440,3,50,20.75,0.079547233,0.044355219,0.035192013999999994
KT2440,3,50,21.0,0.083398435,0.044355219,0.039043216000000006
KT2440,3,50,21.25,0.075563232,0.044355219,0.031208012999999993
KT2440,3,50,21.5,0.091366438,0.044355219,0.04701121899999999
KT2440,3,50,21.75,0.083531235,0.044355219,0.039176015999999994
KT2440,3,50,22.0,0.064142427,0.044355219,0.03
KT2440,3,50,22.25,0.087382437,0.044355219,0.04302721799999999
KT2440,3,50,22.5,0.079812833,0.044355219,0.035457614
KT2440,3,50,22.75,0.087648037,0.044355219,0.043292818
KT2440,3,50,23.0,0.091499238,0.044355219,0.047144018999999995
KT2440,3,50,23.25,0.083664035,0.044355219,0.039308815999999996
KT2440,3,50,23.5,0.075696032,0.044355219,0.031340812999999995
KT2440,3,50,23.75,0.083265635,0.044355219,0.038910416
KT2440,3,50,24.0,0.079547233,0.044355219,0.035192013999999994
KT2440,3,50,24.25,0.075828832,0.044355219,0.031473613
KT2440,3,50,24.5,0.079414433,0.044355219,0.035059214000000005
KT2440,3,50,24.75,0.091233638,0.044355219,0.046878419000000005
KT2440,3,50,25.0,0.07184483,0.044355219,0.03
KT2440,3,50,25.25,0.079547233,0.044355219,0.035192013999999994
KT2440,3,50,25.5,0.075430432,0.044355219,0.031075213000000004
KT2440,3,50,25.75,0.07171203,0.044355219,0.03
KT2440,3,50,26.0,0.075828832,0.044355219,0.031473613
KT2440,3,50,26.25,0.087249636,0.044355219,0.042894417000000004
KT2440,3,50,26.5,0.075828832,0.044355219,0.031473613
KT2440,3,50,26.75,0.083398435,0.044355219,0.039043216000000006
KT2440,3,50,27.0,0.079281633,0.044355219,0.034926414
KT2440,3,50,27.25,0.07184483,0.044355219,0.03
KT2440,3,50,27.5,0.075696032,0.044355219,0.031340812999999995
KT2440,3,50,27.75,0.079680033,0.044355219,0.035324813999999996
KT2440,3,50,28.0,0.079547233,0.044355219,0.035192013999999994
KT2440,3,50,28.25,0.07171203,0.044355219,0.03
KT2440,3,50,28.5,0.082867235,0.044355219,0.038512015999999996
KT2440,3,50,28.75,0.083132835,0.044355219,0.038777616
KT2440,3,50,29.0,0.079281633,0.044355219,0.034926414
KT2440,3,50,29.25,0.079281633,0.044355219,0.034926414
KT2440,3,50,29.5,0.07157923,0.044355219,0.03
KT2440,3,50,29.75,0.075563232,0.044355219,0.031208012999999993
KT2440,3,50,30.0,0.086984036,0.044355219,0.042628817
KT2440,3,50,30.25,0.083531235,0.044355219,0.039176015999999994
KT2440,3,50,30.5,0.075563232,0.044355219,0.031208012999999993
KT2440,3,50,30.75,0.087249636,0.044355219,0.042894417000000004
KT2440,3,50,31.0,0.075563232,0.044355219,0.031208012999999993
KT2440,3,50,31.25,0.075563232,0.044355219,0.031208012999999993
KT2440,3,50,31.5,0.083398435,0.044355219,0.039043216000000006
KT2440,3,50,31.75,0.07184483,0.044355219,0.03
KT2440,3,50,32.0,0.079547233,0.044355219,0.035192013999999994
KT2440,3,50,32.25,0.083398435,0.044355219,0.039043216000000006
KT2440,3,50,32.5,0.087382437,0.044355219,0.04302721799999999
KT2440,3,50,32.75,0.079414433,0.044355219,0.035059214000000005
KT2440,3,50,33.0,0.086984036,0.044355219,0.042628817
KT2440,3,50,33.25,0.083664035,0.044355219,0.039308815999999996
KT2440,3,50,33.5,0.083531235,0.044355219,0.039176015999999994
KT2440,3,50,33.75,0.083531235,0.044355219,0.039176015999999994
KT2440,3,50,34.0,0.083398435,0.044355219,0.039043216000000006
KT2440,3,50,34.25,0.083531235,0.044355219,0.039176015999999994
KT2440,3,50,34.5,0.087382437,0.044355219,0.04302721799999999
KT2440,3,50,34.75,0.079680033,0.044355219,0.035324813999999996
KT2440,3,50,35.0,0.079547233,0.044355219,0.035192013999999994
KT2440,3,50,35.25,0.079414433,0.044355219,0.035059214000000005
KT2440,3,50,35.5,0.07197763,0.044355219,0.03
KT2440,3,50,35.75,0.075828832,0.044355219,0.031473613
KT2440,3,50,36.0,0.075828832,0.044355219,0.031473613
KT2440,3,50,36.25,0.075696032,0.044355219,0.031340812999999995
KT2440,3,50,36.5,0.075696032,0.044355219,0.031340812999999995
KT2440,3,50,36.75,0.079945633,0.044355219,0.035590414
KT2440,3,50,37.0,0.07250883,0.044355219,0.03
KT2440,3,50,37.25,0.083796835,0.044355219,0.039441616
KT2440,3,50,37.5,0.07211043,0.044355219,0.03
KT2440,3,50,37.75,0.075961632,0.044355219,0.031606413
KT2440,3,50,38.0,0.079281633,0.044355219,0.034926414
KT2440,3,50,38.25,0.074766431,0.044355219,0.030411211999999993
KT2440,3,50,38.5,0.07144643,0.044355219,0.03
KT2440,3,50,38.75,0.078750433,0.044355219,0.03439521399999999
KT2440,3,50,39.0,0.082336034,0.044355219,0.037980815
KT2440,3,50,39.25,0.066931228,0.044355219,0.03
KT2440,3,50,39.5,0.070384029,0.044355219,0.03
KT2440,3,50,39.75,0.074368031,0.044355219,0.030012812
KT2440,3,50,40.0,0.069720029,0.044355219,0.03
KT2440,1,70,0.0,0.064009627,0.038910416,0.03
KT2440,1,70,0.25,0.067462428,0.038910416,0.03
KT2440,1,70,0.5,0.067462428,0.038910416,0.03
KT2440,1,70,0.75,0.063478427,0.038910416,0.03
KT2440,1,70,1.0,0.059760025,0.038910416,0.03
KT2440,1,70,1.25,0.063478427,0.038910416,0.03
KT2440,1,70,1.5,0.059627225,0.038910416,0.03
KT2440,1,70,1.75,0.056041623,0.038910416,0.03
KT2440,1,70,2.0,0.056041623,0.038910416,0.03
KT2440,1,70,2.25,0.055908823,0.038910416,0.03
KT2440,1,70,2.5,0.056307224,0.038910416,0.03
KT2440,1,70,2.75,0.055776023,0.038910416,0.03
KT2440,1,70,3.0,0.052057622,0.038910416,0.03
KT2440,1,70,3.25,0.051924822,0.038910416,0.03
KT2440,1,70,3.5,0.051924822,0.038910416,0.03
KT2440,1,70,3.75,0.052190422,0.038910416,0.03
KT2440,1,70,4.0,0.052057622,0.038910416,0.03
KT2440,1,70,4.25,0.052057622,0.038910416,0.03
KT2440,1,70,4.5,0.052190422,0.038910416,0.03
KT2440,1,70,4.75,0.052057622,0.038910416,0.03
KT2440,1,70,5.0,0.052190422,0.038910416,0.03
KT2440,1,70,5.25,0.052190422,0.038910416,0.03
KT2440,1,70,5.5,0.051924822,0.038910416,0.03
KT2440,1,70,5.75,0.04833922,0.038910416,0.03
KT2440,1,70,6.0,0.04820642,0.038910416,0.03
KT2440,1,70,6.25,0.04847202,0.038910416,0.03
KT2440,1,70,6.5,0.04833922,0.038910416,0.03
KT2440,1,70,6.75,0.04833922,0.038910416,0.03
KT2440,1,70,7.0,0.04833922,0.038910416,0.03
KT2440,1,70,7.25,0.04820642,0.038910416,0.03
KT2440,1,70,7.5,0.04833922,0.038910416,0.03
KT2440,1,70,7.75,0.04847202,0.038910416,0.03
KT2440,1,70,8.0,0.04847202,0.038910416,0.03
KT2440,1,70,8.25,0.04847202,0.038910416,0.03
KT2440,1,70,8.5,0.04820642,0.038910416,0.03
KT2440,1,70,8.75,0.04820642,0.038910416,0.03
KT2440,1,70,9.0,0.04847202,0.038910416,0.03
KT2440,1,70,9.25,0.04833922,0.038910416,0.03
KT2440,1,70,9.5,0.04847202,0.038910416,0.03
KT2440,1,70,9.75,0.04833922,0.038910416,0.03
KT2440,1,70,10.0,0.04820642,0.038910416,0.03
KT2440,1,70,10.25,0.04820642,0.038910416,0.03
KT2440,1,70,10.5,0.04860482,0.038910416,0.03
KT2440,1,70,10.75,0.04860482,0.038910416,0.03
KT2440,1,70,11.0,0.04847202,0.038910416,0.03
KT2440,1,70,11.25,0.04833922,0.038910416,0.03
KT2440,1,70,11.5,0.04833922,0.038910416,0.03
KT2440,1,70,11.75,0.04847202,0.038910416,0.03
KT2440,1,70,12.0,0.04860482,0.038910416,0.03
KT2440,1,70,12.25,0.04847202,0.038910416,0.03
KT2440,1,70,12.5,0.04873762,0.038910416,0.03
KT2440,1,70,12.75,0.04820642,0.038910416,0.03
KT2440,1,70,13.0,0.04860482,0.038910416,0.03
KT2440,1,70,13.25,0.04873762,0.038910416,0.03
KT2440,1,70,13.5,0.04860482,0.038910416,0.03
KT2440,1,70,13.75,0.04873762,0.038910416,0.03
KT2440,1,70,14.0,0.04847202,0.038910416,0.03
KT2440,1,70,14.25,0.04873762,0.038910416,0.03
KT2440,1,70,14.5,0.04860482,0.038910416,0.03
KT2440,1,70,14.75,0.04833922,0.038910416,0.03
KT2440,1,70,15.0,0.04887042,0.038910416,0.03
KT2440,1,70,15.25,0.098272041,0.038910416,0.059361625
KT2440,1,70,15.5,0.04820642,0.038910416,0.03
KT2440,1,70,15.75,0.04873762,0.038910416,0.03
KT2440,1,70,16.0,0.04873762,0.038910416,0.03
KT2440,1,70,16.25,0.04873762,0.038910416,0.03
KT2440,1,70,16.5,0.04873762,0.038910416,0.03
KT2440,1,70,16.75,0.04887042,0.038910416,0.03
KT2440,1,70,17.0,0.04900322,0.038910416,0.03
KT2440,1,70,17.25,0.04900322,0.038910416,0.03
KT2440,1,70,17.5,0.04900322,0.038910416,0.03
KT2440,1,70,17.75,0.04900322,0.038910416,0.03
KT2440,1,70,18.0,0.04900322,0.038910416,0.03
KT2440,1,70,18.25,0.04873762,0.038910416,0.03
KT2440,1,70,18.5,0.04847202,0.038910416,0.03
KT2440,1,70,18.75,0.04873762,0.038910416,0.03
KT2440,1,70,19.0,0.04887042,0.038910416,0.03
KT2440,1,70,19.25,0.04887042,0.038910416,0.03
KT2440,1,70,19.5,0.04887042,0.038910416,0.03
KT2440,1,70,19.75,0.04873762,0.038910416,0.03
KT2440,1,70,20.0,0.04887042,0.038910416,0.03
KT2440,1,70,20.25,0.04873762,0.038910416,0.03
KT2440,1,70,20.5,0.04887042,0.038910416,0.03
KT2440,1,70,20.75,0.04873762,0.038910416,0.03
KT2440,1,70,21.0,0.04873762,0.038910416,0.03
KT2440,1,70,21.25,0.04860482,0.038910416,0.03
KT2440,1,70,21.5,0.04900322,0.038910416,0.03
KT2440,1,70,21.75,0.04887042,0.038910416,0.03
KT2440,1,70,22.0,0.04873762,0.038910416,0.03
KT2440,1,70,22.25,0.04887042,0.038910416,0.03
KT2440,1,70,22.5,0.04900322,0.038910416,0.03
KT2440,1,70,22.75,0.049136021,0.038910416,0.03
KT2440,1,70,23.0,0.049136021,0.038910416,0.03
KT2440,1,70,23.25,0.04900322,0.038910416,0.03
KT2440,1,70,23.5,0.04873762,0.038910416,0.03
KT2440,1,70,23.75,0.04860482,0.038910416,0.03
KT2440,1,70,24.0,0.04873762,0.038910416,0.03
KT2440,1,70,24.25,0.04887042,0.038910416,0.03
KT2440,1,70,24.5,0.04860482,0.038910416,0.03
KT2440,1,70,24.75,0.04887042,0.038910416,0.03
KT2440,1,70,25.0,0.04873762,0.038910416,0.03
KT2440,1,70,25.25,0.04873762,0.038910416,0.03
KT2440,1,70,25.5,0.04847202,0.038910416,0.03
KT2440,1,70,25.75,0.04860482,0.038910416,0.03
KT2440,1,70,26.0,0.04887042,0.038910416,0.03
KT2440,1,70,26.25,0.04873762,0.038910416,0.03
KT2440,1,70,26.5,0.04887042,0.038910416,0.03
KT2440,1,70,26.75,0.04873762,0.038910416,0.03
KT2440,1,70,27.0,0.04847202,0.038910416,0.03
KT2440,1,70,27.25,0.04873762,0.038910416,0.03
KT2440,1,70,27.5,0.04873762,0.038910416,0.03
KT2440,1,70,27.75,0.04887042,0.038910416,0.03
KT2440,1,70,28.0,0.04873762,0.038910416,0.03
KT2440,1,70,28.25,0.04860482,0.038910416,0.03
KT2440,1,70,28.5,0.04820642,0.038910416,0.03
KT2440,1,70,28.75,0.04847202,0.038910416,0.03
KT2440,1,70,29.0,0.04847202,0.038910416,0.03
KT2440,1,70,29.25,0.04847202,0.038910416,0.03
KT2440,1,70,29.5,0.04847202,0.038910416,0.03
KT2440,1,70,29.75,0.04860482,0.038910416,0.03
KT2440,1,70,30.0,0.04847202,0.038910416,0.03
KT2440,1,70,30.25,0.04887042,0.038910416,0.03
KT2440,1,70,30.5,0.04860482,0.038910416,0.03
KT2440,1,70,30.75,0.04873762,0.038910416,0.03
KT2440,1,70,31.0,0.04860482,0.038910416,0.03
KT2440,1,70,31.25,0.04860482,0.038910416,0.03
KT2440,1,70,31.5,0.04873762,0.038910416,0.03
KT2440,1,70,31.75,0.04873762,0.038910416,0.03
KT2440,1,70,32.0,0.04873762,0.038910416,0.03
KT2440,1,70,32.25,0.04873762,0.038910416,0.03
KT2440,1,70,32.5,0.04887042,0.038910416,0.03
KT2440,1,70,32.75,0.04860482,0.038910416,0.03
KT2440,1,70,33.0,0.04847202,0.038910416,0.03
KT2440,1,70,33.25,0.04900322,0.038910416,0.03
KT2440,1,70,33.5,0.04887042,0.038910416,0.03
KT2440,1,70,33.75,0.04887042,0.038910416,0.03
KT2440,1,70,34.0,0.04873762,0.038910416,0.03
KT2440,1,70,34.25,0.04887042,0.038910416,0.03
KT2440,1,70,34.5,0.04887042,0.038910416,0.03
KT2440,1,70,34.75,0.04887042,0.038910416,0.03
KT2440,1,70,35.0,0.04873762,0.038910416,0.03
KT2440,1,70,35.25,0.04860482,0.038910416,0.03
KT2440,1,70,35.5,0.04887042,0.038910416,0.03
KT2440,1,70,35.75,0.04887042,0.038910416,0.03
KT2440,1,70,36.0,0.04887042,0.038910416,0.03
KT2440,1,70,36.25,0.04873762,0.038910416,0.03
KT2440,1,70,36.5,0.04873762,0.038910416,0.03
KT2440,1,70,36.75,0.049136021,0.038910416,0.03
KT2440,1,70,37.0,0.049401621,0.038910416,0.03
KT2440,1,70,37.25,0.049136021,0.038910416,0.03
KT2440,1,70,37.5,0.04900322,0.038910416,0.03
KT2440,1,70,37.75,0.04900322,0.038910416,0.03
KT2440,1,70,38.0,0.04847202,0.038910416,0.03
KT2440,1,70,38.25,0.04780802,0.038910416,0.03
KT2440,1,70,38.5,0.04833922,0.038910416,0.03
KT2440,1,70,38.75,0.04794082,0.038910416,0.03
KT2440,1,70,39.0,0.04767522,0.038910416,0.03
KT2440,1,70,39.25,0.04767522,0.038910416,0.03
KT2440,1,70,39.5,0.04727682,0.038910416,0.03
KT2440,1,70,39.75,0.04740962,0.038910416,0.03
KT2440,1,70,40.0,0.046612819,0.038910416,0.03
KT2440,2,70,0.0,0.056307224,0.038910416,0.03
KT2440,2,70,0.25,0.055908823,0.038910416,0.03
KT2440,2,70,0.5,0.052057622,0.038910416,0.03
KT2440,2,70,0.75,0.055776023,0.038910416,0.03
KT2440,2,70,1.0,0.052057622,0.038910416,0.03
KT2440,2,70,1.25,0.04807362,0.038910416,0.03
KT2440,2,70,1.5,0.04807362,0.038910416,0.03
KT2440,2,70,1.75,0.04833922,0.038910416,0.03
KT2440,2,70,2.0,0.044488019,0.038910416,0.03
KT2440,2,70,2.25,0.044355219,0.038910416,0.03
KT2440,2,70,2.5,0.044753619,0.038910416,0.03
KT2440,2,70,2.75,0.044222418,0.038910416,0.03
KT2440,2,70,3.0,0.04820642,0.038910416,0.03
KT2440,2,70,3.25,0.044222418,0.038910416,0.03
KT2440,2,70,3.5,0.044222418,0.038910416,0.03
KT2440,2,70,3.75,0.044488019,0.038910416,0.03
KT2440,2,70,4.0,0.044355219,0.038910416,0.03
KT2440,2,70,4.25,0.044355219,0.038910416,0.03
KT2440,2,70,4.5,0.044488019,0.038910416,0.03
KT2440,2,70,4.75,0.044355219,0.038910416,0.03
KT2440,2,70,5.0,0.040636817,0.038910416,0.03
KT2440,2,70,5.25,0.044488019,0.038910416,0.03
KT2440,2,70,5.5,0.044222418,0.038910416,0.03
KT2440,2,70,5.75,0.040636817,0.038910416,0.03
KT2440,2,70,6.0,0.040504017,0.038910416,0.03
KT2440,2,70,6.25,0.044620819,0.038910416,0.03
KT2440,2,70,6.5,0.040636817,0.038910416,0.03
KT2440,2,70,6.75,0.040636817,0.038910416,0.03
KT2440,2,70,7.0,0.040636817,0.038910416,0.03
KT2440,2,70,7.25,0.040504017,0.038910416,0.03
KT2440,2,70,7.5,0.040636817,0.038910416,0.03
KT2440,2,70,7.75,0.040769617,0.038910416,0.03
KT2440,2,70,8.0,0.040769617,0.038910416,0.03
KT2440,2,70,8.25,0.040769617,0.038910416,0.03
KT2440,2,70,8.5,0.040504017,0.038910416,0.03
KT2440,2,70,8.75,0.040504017,0.038910416,0.03
KT2440,2,70,9.0,0.040769617,0.038910416,0.03
KT2440,2,70,9.25,0.040636817,0.038910416,0.03
KT2440,2,70,9.5,0.040769617,0.038910416,0.03
KT2440,2,70,9.75,0.040636817,0.038910416,0.03
KT2440,2,70,10.0,0.040504017,0.038910416,0.03
KT2440,2,70,10.25,0.040504017,0.038910416,0.03
KT2440,2,70,10.5,0.040902417,0.038910416,0.03
KT2440,2,70,10.75,0.040902417,0.038910416,0.03
KT2440,2,70,11.0,0.040769617,0.038910416,0.03
KT2440,2,70,11.25,0.040636817,0.038910416,0.03
KT2440,2,70,11.5,0.040636817,0.038910416,0.03
KT2440,2,70,11.75,0.040769617,0.038910416,0.03
KT2440,2,70,12.0,0.040902417,0.038910416,0.03
KT2440,2,70,12.25,0.040769617,0.038910416,0.03
KT2440,2,70,12.5,0.041035217,0.038910416,0.03
KT2440,2,70,12.75,0.040504017,0.038910416,0.03
KT2440,2,70,13.0,0.040902417,0.038910416,0.03
KT2440,2,70,13.25,0.041035217,0.038910416,0.03
KT2440,2,70,13.5,0.040902417,0.038910416,0.03
KT2440,2,70,13.75,0.041035217,0.038910416,0.03
KT2440,2,70,14.0,0.040769617,0.038910416,0.03
KT2440,2,70,14.25,0.041035217,0.038910416,0.03
KT2440,2,70,14.5,0.040902417,0.038910416,0.03
KT2440,2,70,14.75,0.040636817,0.038910416,0.03
KT2440,2,70,15.0,0.041168017,0.038910416,0.03
KT2440,2,70,15.25,0.07131363,0.038910416,0.032403214
KT2440,2,70,15.5,0.040504017,0.038910416,0.03
KT2440,2,70,15.75,0.041035217,0.038910416,0.03
KT2440,2,70,16.0,0.044886419,0.038910416,0.03
KT2440,2,70,16.25,0.041035217,0.038910416,0.03
KT2440,2,70,16.5,0.041035217,0.038910416,0.03
KT2440,2,70,16.75,0.041168017,0.038910416,0.03
KT2440,2,70,17.0,0.041300817,0.038910416,0.03
KT2440,2,70,17.25,0.041300817,0.038910416,0.03
KT2440,2,70,17.5,0.041300817,0.038910416,0.03
KT2440,2,70,17.75,0.045152019,0.038910416,0.03
KT2440,2,70,18.0,0.041300817,0.038910416,0.03
KT2440,2,70,18.25,0.041035217,0.038910416,0.03
KT2440,2,70,18.5,0.040769617,0.038910416,0.03
KT2440,2,70,18.75,0.041035217,0.038910416,0.03
KT2440,2,70,19.0,0.045019219,0.038910416,0.03
KT2440,2,70,19.25,0.04887042,0.038910416,0.03
KT2440,2,70,19.5,0.045019219,0.038910416,0.03
KT2440,2,70,19.75,0.044886419,0.038910416,0.03
KT2440,2,70,20.0,0.04887042,0.038910416,0.03
KT2440,2,70,20.25,0.041035217,0.038910416,0.03
KT2440,2,70,20.5,0.045019219,0.038910416,0.03
KT2440,2,70,20.75,0.044886419,0.038910416,0.03
KT2440,2,70,21.0,0.044886419,0.038910416,0.03
KT2440,2,70,21.25,0.040902417,0.038910416,0.03
KT2440,2,70,21.5,0.045152019,0.038910416,0.03
KT2440,2,70,21.75,0.045019219,0.038910416,0.03
KT2440,2,70,22.0,0.044886419,0.038910416,0.03
KT2440,2,70,22.25,0.045019219,0.038910416,0.03
KT2440,2,70,22.5,0.045152019,0.038910416,0.03
KT2440,2,70,22.75,0.045284819,0.038910416,0.03
KT2440,2,70,23.0,0.049136021,0.038910416,0.03
KT2440,2,70,23.25,0.045152019,0.038910416,0.03
KT2440,2,70,23.5,0.044886419,0.038910416,0.03
KT2440,2,70,23.75,0.044753619,0.038910416,0.03
KT2440,2,70,24.0,0.044886419,0.038910416,0.03
KT2440,2,70,24.25,0.045019219,0.038910416,0.03
KT2440,2,70,24.5,0.044753619,0.038910416,0.03
KT2440,2,70,24.75,0.04887042,0.038910416,0.03
KT2440,2,70,25.0,0.044886419,0.038910416,0.03
KT2440,2,70,25.25,0.044886419,0.038910416,0.03
KT2440,2,70,25.5,0.044620819,0.038910416,0.03
KT2440,2,70,25.75,0.044753619,0.038910416,0.03
KT2440,2,70,26.0,0.045019219,0.038910416,0.03
KT2440,2,70,26.25,0.041035217,0.038910416,0.03
KT2440,2,70,26.5,0.045019219,0.038910416,0.03
KT2440,2,70,26.75,0.044886419,0.038910416,0.03
KT2440,2,70,27.0,0.044620819,0.038910416,0.03
KT2440,2,70,27.25,0.044886419,0.038910416,0.03
KT2440,2,70,27.5,0.044886419,0.038910416,0.03
KT2440,2,70,27.75,0.045019219,0.038910416,0.03
KT2440,2,70,28.0,0.044886419,0.038910416,0.03
KT2440,2,70,28.25,0.04860482,0.038910416,0.03
KT2440,2,70,28.5,0.044355219,0.038910416,0.03
KT2440,2,70,28.75,0.044620819,0.038910416,0.03
KT2440,2,70,29.0,0.044620819,0.038910416,0.03
KT2440,2,70,29.25,0.044620819,0.038910416,0.03
KT2440,2,70,29.5,0.044620819,0.038910416,0.03
KT2440,2,70,29.75,0.044753619,0.038910416,0.03
KT2440,2,70,30.0,0.044620819,0.038910416,0.03
KT2440,2,70,30.25,0.041168017,0.038910416,0.03
KT2440,2,70,30.5,0.044753619,0.038910416,0.03
KT2440,2,70,30.75,0.044886419,0.038910416,0.03
KT2440,2,70,31.0,0.040902417,0.038910416,0.03
KT2440,2,70,31.25,0.040902417,0.038910416,0.03
KT2440,2,70,31.5,0.041035217,0.038910416,0.03
KT2440,2,70,31.75,0.041035217,0.038910416,0.03
KT2440,2,70,32.0,0.041035217,0.038910416,0.03
KT2440,2,70,32.25,0.041035217,0.038910416,0.03
KT2440,2,70,32.5,0.045019219,0.038910416,0.03
KT2440,2,70,32.75,0.044753619,0.038910416,0.03
KT2440,2,70,33.0,0.040769617,0.038910416,0.03
KT2440,2,70,33.25,0.041300817,0.038910416,0.03
KT2440,2,70,33.5,0.041168017,0.038910416,0.03
KT2440,2,70,33.75,0.045019219,0.038910416,0.03
KT2440,2,70,34.0,0.041035217,0.038910416,0.03
KT2440,2,70,34.25,0.041168017,0.038910416,0.03
KT2440,2,70,34.5,0.041168017,0.038910416,0.03
KT2440,2,70,34.75,0.041168017,0.038910416,0.03
KT2440,2,70,35.0,0.041035217,0.038910416,0.03
KT2440,2,70,35.25,0.040902417,0.038910416,0.03
KT2440,2,70,35.5,0.041168017,0.038910416,0.03
KT2440,2,70,35.75,0.041168017,0.038910416,0.03
KT2440,2,70,36.0,0.041168017,0.038910416,0.03
KT2440,2,70,36.25,0.041035217,0.038910416,0.03
KT2440,2,70,36.5,0.041035217,0.038910416,0.03
KT2440,2,70,36.75,0.041433617,0.038910416,0.03
KT2440,2,70,37.0,0.041699217,0.038910416,0.03
KT2440,2,70,37.25,0.041433617,0.038910416,0.03
KT2440,2,70,37.5,0.041300817,0.038910416,0.03
KT2440,2,70,37.75,0.041300817,0.038910416,0.03
KT2440,2,70,38.0,0.040769617,0.038910416,0.03
KT2440,2,70,38.25,0.040105617,0.038910416,0.03
KT2440,2,70,38.5,0.040636817,0.038910416,0.03
KT2440,2,70,38.75,0.040238417,0.038910416,0.03
KT2440,2,70,39.0,0.039972817,0.038910416,0.03
KT2440,2,70,39.25,0.039972817,0.038910416,0.03
KT2440,2,70,39.5,0.039574417,0.038910416,0.03
KT2440,2,70,39.75,0.039707217,0.038910416,0.03
KT2440,2,70,40.0,0.038910416,0.038910416,0.03
KT2440,3,70,0.0,0.064009627,0.038910416,0.03
KT2440,3,70,0.25,0.067462428,0.038910416,0.03
KT2440,3,70,0.5,0.067462428,0.038910416,0.03
KT2440,3,70,0.75,0.063478427,0.038910416,0.03
KT2440,3,70,1.0,0.063611227,0.038910416,0.03
KT2440,3,70,1.25,0.063478427,0.038910416,0.03
KT2440,3,70,1.5,0.059627225,0.038910416,0.03
KT2440,3,70,1.75,0.07144643,0.038910416,0.032536014
KT2440,3,70,2.0,0.09455364,0.038910416,0.05564322399999999
KT2440,3,70,2.25,0.067462428,0.038910416,0.03
KT2440,3,70,2.5,0.079414433,0.038910416,0.040504017
KT2440,3,70,2.75,0.086585636,0.038910416,0.04767521999999999
KT2440,3,70,3.0,0.086718436,0.038910416,0.04780801999999999
KT2440,3,70,3.25,0.086585636,0.038910416,0.04767521999999999
KT2440,3,70,3.5,0.078883233,0.038910416,0.039972816999999994
KT2440,3,70,3.75,0.063744027,0.038910416,0.03
KT2440,3,70,4.0,0.07131363,0.038910416,0.032403214
KT2440,3,70,4.25,0.094420839,0.038910416,0.055510423
KT2440,3,70,4.5,0.083000035,0.038910416,0.044089619
KT2440,3,70,4.75,0.079016033,0.038910416,0.040105616999999996
KT2440,3,70,5.0,0.102256043,0.038910416,0.063345627
KT2440,3,70,5.25,0.090702438,0.038910416,0.05179202199999999
KT2440,3,70,5.5,0.113544047,0.038910416,0.07463363099999999
KT2440,3,70,5.75,0.090702438,0.038910416,0.05179202199999999
KT2440,3,70,6.0,0.086718436,0.038910416,0.04780801999999999
KT2440,3,70,6.25,0.098537641,0.038910416,0.05962722499999999
KT2440,3,70,6.5,0.113809648,0.038910416,0.074899232
KT2440,3,70,6.75,0.09455364,0.038910416,0.05564322399999999
KT2440,3,70,7.0,0.09455364,0.038910416,0.05564322399999999
KT2440,3,70,7.25,0.094420839,0.038910416,0.055510423
KT2440,3,70,7.5,0.09455364,0.038910416,0.05564322399999999
KT2440,3,70,7.75,0.079281633,0.038910416,0.040371217
KT2440,3,70,8.0,0.083132835,0.038910416,0.044222419
KT2440,3,70,8.25,0.063876827,0.038910416,0.03
KT2440,3,70,8.5,0.075164831,0.038910416,0.036254415
KT2440,3,70,8.75,0.079016033,0.038910416,0.040105616999999996
KT2440,3,70,9.0,0.098537641,0.038910416,0.05962722499999999
KT2440,3,70,9.25,0.086851236,0.038910416,0.047940819999999995
KT2440,3,70,9.5,0.083132835,0.038910416,0.044222419
KT2440,3,70,9.75,0.083000035,0.038910416,0.044089619
KT2440,3,70,10.0,0.075164831,0.038910416,0.036254415
KT2440,3,70,10.25,0.086718436,0.038910416,0.04780801999999999
KT2440,3,70,10.5,0.083265635,0.038910416,0.044355219
KT2440,3,70,10.75,0.079414433,0.038910416,0.040504017
KT2440,3,70,11.0,0.083132835,0.038910416,0.044222419
KT2440,3,70,11.25,0.07144643,0.038910416,0.032536014
KT2440,3,70,11.5,0.075297631,0.038910416,0.036387215
KT2440,3,70,11.75,0.067728028,0.038910416,0.03
KT2440,3,70,12.0,0.083265635,0.038910416,0.044355219
KT2440,3,70,12.25,0.067728028,0.038910416,0.03
KT2440,3,70,12.5,0.067993628,0.038910416,0.03
KT2440,3,70,12.75,0.07131363,0.038910416,0.032403214
KT2440,3,70,13.0,0.067860828,0.038910416,0.03
KT2440,3,70,13.25,0.07184483,0.038910416,0.032934413999999995
KT2440,3,70,13.5,0.060158425,0.038910416,0.03
KT2440,3,70,13.75,0.067993628,0.038910416,0.03
KT2440,3,70,14.0,0.067728028,0.038910416,0.03
KT2440,3,70,14.25,0.064142427,0.038910416,0.03
KT2440,3,70,14.5,0.064009627,0.038910416,0.03
KT2440,3,70,14.75,0.059892825,0.038910416,0.03
KT2440,3,70,15.0,0.060424025,0.038910416,0.03
KT2440,3,70,15.25,0.067462428,0.038910416,0.03
KT2440,3,70,15.5,0.090569638,0.038910416,0.05165922199999999
KT2440,3,70,15.75,0.07184483,0.038910416,0.032934413999999995
KT2440,3,70,16.0,0.083398435,0.038910416,0.044488019000000004
KT2440,3,70,16.25,0.064142427,0.038910416,0.03
KT2440,3,70,16.5,0.056440024,0.038910416,0.03
KT2440,3,70,16.75,0.052721622,0.038910416,0.03
KT2440,3,70,17.0,0.060556825,0.038910416,0.03
KT2440,3,70,17.25,0.056705624,0.038910416,0.03
KT2440,3,70,17.5,0.056705624,0.038910416,0.03
KT2440,3,70,17.75,0.056705624,0.038910416,0.03
KT2440,3,70,18.0,0.056705624,0.038910416,0.03
KT2440,3,70,18.25,0.052588822,0.038910416,0.03
KT2440,3,70,18.5,0.052323222,0.038910416,0.03
KT2440,3,70,18.75,0.056440024,0.038910416,0.03
KT2440,3,70,19.0,0.056572824,0.038910416,0.03
KT2440,3,70,19.25,0.056572824,0.038910416,0.03
KT2440,3,70,19.5,0.068126428,0.038910416,0.03
KT2440,3,70,19.75,0.060291225,0.038910416,0.03
KT2440,3,70,20.0,0.060424025,0.038910416,0.03
KT2440,3,70,20.25,0.064142427,0.038910416,0.03
KT2440,3,70,20.5,0.056572824,0.038910416,0.03
KT2440,3,70,20.75,0.060291225,0.038910416,0.03
KT2440,3,70,21.0,0.060291225,0.038910416,0.03
KT2440,3,70,21.25,0.064009627,0.038910416,0.03
KT2440,3,70,21.5,0.060556825,0.038910416,0.03
KT2440,3,70,21.75,0.064275227,0.038910416,0.03
KT2440,3,70,22.0,0.060291225,0.038910416,0.03
KT2440,3,70,22.25,0.068126428,0.038910416,0.03
KT2440,3,70,22.5,0.064408027,0.038910416,0.03
KT2440,3,70,22.75,0.060689625,0.038910416,0.03
KT2440,3,70,23.0,0.087648037,0.038910416,0.048737620999999995
KT2440,3,70,23.25,0.079812833,0.038910416,0.040902416999999996
KT2440,3,70,23.5,0.064142427,0.038910416,0.03
KT2440,3,70,23.75,0.083265635,0.038910416,0.044355219
KT2440,3,70,24.0,0.079547233,0.038910416,0.04063681699999999
KT2440,3,70,24.25,0.075828832,0.038910416,0.036918415999999996
KT2440,3,70,24.5,0.079414433,0.038910416,0.040504017
KT2440,3,70,24.75,0.07197763,0.038910416,0.033067214
KT2440,3,70,25.0,0.067993628,0.038910416,0.03
KT2440,3,70,25.25,0.083398435,0.038910416,0.044488019000000004
KT2440,3,70,25.5,0.063876827,0.038910416,0.03
KT2440,3,70,25.75,0.07171203,0.038910416,0.03280161399999999
KT2440,3,70,26.0,0.07197763,0.038910416,0.033067214
KT2440,3,70,26.25,0.07184483,0.038910416,0.032934413999999995
KT2440,3,70,26.5,0.060424025,0.038910416,0.03
KT2440,3,70,26.75,0.067993628,0.038910416,0.03
KT2440,3,70,27.0,0.079281633,0.038910416,0.040371217
KT2440,3,70,27.25,0.075696032,0.038910416,0.03678561599999999
KT2440,3,70,27.5,0.07184483,0.038910416,0.032934413999999995
KT2440,3,70,27.75,0.064275227,0.038910416,0.03
KT2440,3,70,28.0,0.067993628,0.038910416,0.03
KT2440,3,70,28.25,0.07171203,0.038910416,0.03280161399999999
KT2440,3,70,28.5,0.07131363,0.038910416,0.032403214
KT2440,3,70,28.75,0.07157923,0.038910416,0.03266881399999999
KT2440,3,70,29.0,0.079281633,0.038910416,0.040371217
KT2440,3,70,29.25,0.063876827,0.038910416,0.03
KT2440,3,70,29.5,0.075430432,0.038910416,0.036520016
KT2440,3,70,29.75,0.079414433,0.038910416,0.040504017
KT2440,3,70,30.0,0.067728028,0.038910416,0.03
KT2440,3,70,30.25,0.07197763,0.038910416,0.033067214
KT2440,3,70,30.5,0.067860828,0.038910416,0.03
KT2440,3,70,30.75,0.067993628,0.038910416,0.03
KT2440,3,70,31.0,0.07171203,0.038910416,0.03280161399999999
KT2440,3,70,31.25,0.083265635,0.038910416,0.044355219
KT2440,3,70,31.5,0.067993628,0.038910416,0.03
KT2440,3,70,31.75,0.07184483,0.038910416,0.032934413999999995
KT2440,3,70,32.0,0.067993628,0.038910416,0.03
KT2440,3,70,32.25,0.07184483,0.038910416,0.032934413999999995
KT2440,3,70,32.5,0.07197763,0.038910416,0.033067214
KT2440,3,70,32.75,0.067860828,0.038910416,0.03
KT2440,3,70,33.0,0.079281633,0.038910416,0.040371217
KT2440,3,70,33.25,0.075961632,0.038910416,0.037051216
KT2440,3,70,33.5,0.075828832,0.038910416,0.036918415999999996
KT2440,3,70,33.75,0.075828832,0.038910416,0.036918415999999996
KT2440,3,70,34.0,0.067993628,0.038910416,0.03
KT2440,3,70,34.25,0.064275227,0.038910416,0.03
KT2440,3,70,34.5,0.068126428,0.038910416,0.03
KT2440,3,70,34.75,0.07197763,0.038910416,0.033067214
KT2440,3,70,35.0,0.067993628,0.038910416,0.03
KT2440,3,70,35.25,0.067860828,0.038910416,0.03
KT2440,3,70,35.5,0.064275227,0.038910416,0.03
KT2440,3,70,35.75,0.064275227,0.038910416,0.03
KT2440,3,70,36.0,0.064275227,0.038910416,0.03
KT2440,3,70,36.25,0.060291225,0.038910416,0.03
KT2440,3,70,36.5,0.07184483,0.038910416,0.032934413999999995
KT2440,3,70,36.75,0.064540827,0.038910416,0.03
KT2440,3,70,37.0,0.060955225,0.038910416,0.03
KT2440,3,70,37.25,0.064540827,0.038910416,0.03
KT2440,3,70,37.5,0.064408027,0.038910416,0.03
KT2440,3,70,37.75,0.064408027,0.038910416,0.03
KT2440,3,70,38.0,0.063876827,0.038910416,0.03
KT2440,3,70,38.25,0.059361625,0.038910416,0.03
KT2440,3,70,38.5,0.063744027,0.038910416,0.03
KT2440,3,70,38.75,0.07104803,0.038910416,0.032137613999999995
KT2440,3,70,39.0,0.066931228,0.038910416,0.03
KT2440,3,70,39.25,0.059228825,0.038910416,0.03
KT2440,3,70,39.5,0.062681626,0.038910416,0.03
KT2440,3,70,39.75,0.070516829,0.038910416,0.031606413
KT2440,3,70,40.0,0.062017626,0.038910416,0.03
KT2440,1,90,0.0,0.087116836,0.038910416,0.04820642
KT2440,1,90,0.25,0.086718436,0.038910416,0.04780801999999999
KT2440,1,90,0.5,0.082867235,0.038910416,0.043956818999999994
KT2440,1,90,0.75,0.082734435,0.038910416,0.04382401899999999
KT2440,1,90,1.0,0.082867235,0.038910416,0.043956818999999994
KT2440,1,90,1.25,0.082734435,0.038910416,0.04382401899999999
KT2440,1,90,1.5,0.086585636,0.038910416,0.04767521999999999
KT2440,1,90,1.75,0.086851236,0.038910416,0.047940819999999995
KT2440,1,90,2.0,0.083000035,0.038910416,0.044089619
KT2440,1,90,2.25,0.082867235,0.038910416,0.043956818999999994
KT2440,1,90,2.5,0.083265635,0.038910416,0.044355219
KT2440,1,90,2.75,0.082734435,0.038910416,0.04382401899999999
KT2440,1,90,3.0,0.082867235,0.038910416,0.043956818999999994
KT2440,1,90,3.25,0.082734435,0.038910416,0.04382401899999999
KT2440,1,90,3.5,0.082734435,0.038910416,0.04382401899999999
KT2440,1,90,3.75,0.079148833,0.038910416,0.040238417
KT2440,1,90,4.0,0.082867235,0.038910416,0.043956818999999994
KT2440,1,90,4.25,0.082867235,0.038910416,0.043956818999999994
KT2440,1,90,4.5,0.083000035,0.038910416,0.044089619
KT2440,1,90,4.75,0.079016033,0.038910416,0.040105616999999996
KT2440,1,90,5.0,0.079148833,0.038910416,0.040238417
KT2440,1,90,5.25,0.083000035,0.038910416,0.044089619
KT2440,1,90,5.5,0.078883233,0.038910416,0.039972816999999994
KT2440,1,90,5.75,0.083000035,0.038910416,0.044089619
KT2440,1,90,6.0,0.079016033,0.038910416,0.040105616999999996
KT2440,1,90,6.25,0.079281633,0.038910416,0.040371217
KT2440,1,90,6.5,0.079148833,0.038910416,0.040238417
KT2440,1,90,6.75,0.083000035,0.038910416,0.044089619
KT2440,1,90,7.0,0.079148833,0.038910416,0.040238417
KT2440,1,90,7.25,0.075164831,0.038910416,0.036254415
KT2440,1,90,7.5,0.075297631,0.038910416,0.036387215
KT2440,1,90,7.75,0.075430432,0.038910416,0.036520016
KT2440,1,90,8.0,0.075430432,0.038910416,0.036520016
KT2440,1,90,8.25,0.079281633,0.038910416,0.040371217
KT2440,1,90,8.5,0.079016033,0.038910416,0.040105616999999996
KT2440,1,90,8.75,0.079016033,0.038910416,0.040105616999999996
KT2440,1,90,9.0,0.075430432,0.038910416,0.036520016
KT2440,1,90,9.25,0.079148833,0.038910416,0.040238417
KT2440,1,90,9.5,0.079281633,0.038910416,0.040371217
KT2440,1,90,9.75,0.079148833,0.038910416,0.040238417
KT2440,1,90,10.0,0.079016033,0.038910416,0.040105616999999996
KT2440,1,90,10.25,0.075164831,0.038910416,0.036254415
KT2440,1,90,10.5,0.075563232,0.038910416,0.03665281599999999
KT2440,1,90,10.75,0.075563232,0.038910416,0.03665281599999999
KT2440,1,90,11.0,0.079281633,0.038910416,0.040371217
KT2440,1,90,11.25,0.075297631,0.038910416,0.036387215
KT2440,1,90,11.5,0.075297631,0.038910416,0.036387215
KT2440,1,90,11.75,0.075430432,0.038910416,0.036520016
KT2440,1,90,12.0,0.075563232,0.038910416,0.03665281599999999
KT2440,1,90,12.25,0.075430432,0.038910416,0.036520016
KT2440,1,90,12.5,0.075696032,0.038910416,0.03678561599999999
KT2440,1,90,12.75,0.075164831,0.038910416,0.036254415
KT2440,1,90,13.0,0.075563232,0.038910416,0.03665281599999999
KT2440,1,90,13.25,0.075696032,0.038910416,0.03678561599999999
KT2440,1,90,13.5,0.075563232,0.038910416,0.03665281599999999
KT2440,1,90,13.75,0.079547233,0.038910416,0.04063681699999999
KT2440,1,90,14.0,0.075430432,0.038910416,0.036520016
KT2440,1,90,14.25,0.075696032,0.038910416,0.03678561599999999
KT2440,1,90,14.5,0.075563232,0.038910416,0.03665281599999999
KT2440,1,90,14.75,0.075297631,0.038910416,0.036387215
KT2440,1,90,15.0,0.075828832,0.038910416,0.036918415999999996
KT2440,1,90,15.25,0.075164831,0.038910416,0.036254415
KT2440,1,90,15.5,0.075164831,0.038910416,0.036254415
KT2440,1,90,15.75,0.075696032,0.038910416,0.03678561599999999
KT2440,1,90,16.0,0.075696032,0.038910416,0.03678561599999999
KT2440,1,90,16.25,0.075696032,0.038910416,0.03678561599999999
KT2440,1,90,16.5,0.079547233,0.038910416,0.04063681699999999
KT2440,1,90,16.75,0.075828832,0.038910416,0.036918415999999996
KT2440,1,90,17.0,0.075961632,0.038910416,0.037051216
KT2440,1,90,17.25,0.075961632,0.038910416,0.037051216
KT2440,1,90,17.5,0.07211043,0.038910416,0.033200014
KT2440,1,90,17.75,0.07211043,0.038910416,0.033200014
KT2440,1,90,18.0,0.07211043,0.038910416,0.033200014
KT2440,1,90,18.25,0.07184483,0.038910416,0.032934413999999995
KT2440,1,90,18.5,0.075430432,0.038910416,0.036520016
KT2440,1,90,18.75,0.07184483,0.038910416,0.032934413999999995
KT2440,1,90,19.0,0.07197763,0.038910416,0.033067214
KT2440,1,90,19.25,0.07197763,0.038910416,0.033067214
KT2440,1,90,19.5,0.07197763,0.038910416,0.033067214
KT2440,1,90,19.75,0.07184483,0.038910416,0.032934413999999995
KT2440,1,90,20.0,0.07197763,0.038910416,0.033067214
KT2440,1,90,20.25,0.07184483,0.038910416,0.032934413999999995
KT2440,1,90,20.5,0.07197763,0.038910416,0.033067214
KT2440,1,90,20.75,0.07184483,0.038910416,0.032934413999999995
KT2440,1,90,21.0,0.07184483,0.038910416,0.032934413999999995
KT2440,1,90,21.25,0.07171203,0.038910416,0.03280161399999999
KT2440,1,90,21.5,0.07211043,0.038910416,0.033200014
KT2440,1,90,21.75,0.07197763,0.038910416,0.033067214
KT2440,1,90,22.0,0.07184483,0.038910416,0.032934413999999995
KT2440,1,90,22.25,0.07197763,0.038910416,0.033067214
KT2440,1,90,22.5,0.07211043,0.038910416,0.033200014
KT2440,1,90,22.75,0.068392029,0.038910416,0.03
KT2440,1,90,23.0,0.068392029,0.038910416,0.03
KT2440,1,90,23.25,0.07211043,0.038910416,0.033200014
KT2440,1,90,23.5,0.067993628,0.038910416,0.03
KT2440,1,90,23.75,0.067860828,0.038910416,0.03
KT2440,1,90,24.0,0.067993628,0.038910416,0.03
KT2440,1,90,24.25,0.068126428,0.038910416,0.03
KT2440,1,90,24.5,0.067860828,0.038910416,0.03
KT2440,1,90,24.75,0.068126428,0.038910416,0.03
KT2440,1,90,25.0,0.067993628,0.038910416,0.03
KT2440,1,90,25.25,0.067993628,0.038910416,0.03
KT2440,1,90,25.5,0.063876827,0.038910416,0.03
KT2440,1,90,25.75,0.064009627,0.038910416,0.03
KT2440,1,90,26.0,0.064275227,0.038910416,0.03
KT2440,1,90,26.25,0.064142427,0.038910416,0.03
KT2440,1,90,26.5,0.064275227,0.038910416,0.03
KT2440,1,90,26.75,0.067993628,0.038910416,0.03
KT2440,1,90,27.0,0.063876827,0.038910416,0.03
KT2440,1,90,27.25,0.064142427,0.038910416,0.03
KT2440,1,90,27.5,0.064142427,0.038910416,0.03
KT2440,1,90,27.75,0.064275227,0.038910416,0.03
KT2440,1,90,28.0,0.064142427,0.038910416,0.03
KT2440,1,90,28.25,0.064009627,0.038910416,0.03
KT2440,1,90,28.5,0.063611227,0.038910416,0.03
KT2440,1,90,28.75,0.063876827,0.038910416,0.03
KT2440,1,90,29.0,0.063876827,0.038910416,0.03
KT2440,1,90,29.25,0.060025625,0.038910416,0.03
KT2440,1,90,29.5,0.060025625,0.038910416,0.03
KT2440,1,90,29.75,0.060158425,0.038910416,0.03
KT2440,1,90,30.0,0.060025625,0.038910416,0.03
KT2440,1,90,30.25,0.060424025,0.038910416,0.03
KT2440,1,90,30.5,0.060158425,0.038910416,0.03
KT2440,1,90,30.75,0.060291225,0.038910416,0.03
KT2440,1,90,31.0,0.064009627,0.038910416,0.03
KT2440,1,90,31.25,0.060158425,0.038910416,0.03
KT2440,1,90,31.5,0.060291225,0.038910416,0.03
KT2440,1,90,31.75,0.060291225,0.038910416,0.03
KT2440,1,90,32.0,0.060291225,0.038910416,0.03
KT2440,1,90,32.25,0.064142427,0.038910416,0.03
KT2440,1,90,32.5,0.064275227,0.038910416,0.03
KT2440,1,90,32.75,0.067860828,0.038910416,0.03
KT2440,1,90,33.0,0.063876827,0.038910416,0.03
KT2440,1,90,33.25,0.056705624,0.038910416,0.03
KT2440,1,90,33.5,0.060424025,0.038910416,0.03
KT2440,1,90,33.75,0.056572824,0.038910416,0.03
KT2440,1,90,34.0,0.056440024,0.038910416,0.03
KT2440,1,90,34.25,0.064275227,0.038910416,0.03
KT2440,1,90,34.5,0.064275227,0.038910416,0.03
KT2440,1,90,34.75,0.083531235,0.038910416,0.04462081899999999
KT2440,1,90,35.0,0.056440024,0.038910416,0.03
KT2440,1,90,35.25,0.052456022,0.038910416,0.03
KT2440,1,90,35.5,0.064275227,0.038910416,0.03
KT2440,1,90,35.75,0.102787243,0.038910416,0.063876827
KT2440,1,90,36.0,0.060424025,0.038910416,0.03
KT2440,1,90,36.25,0.060291225,0.038910416,0.03
KT2440,1,90,36.5,0.064142427,0.038910416,0.03
KT2440,1,90,36.75,0.056838424,0.038910416,0.03
KT2440,1,90,37.0,0.053252822,0.038910416,0.03
KT2440,1,90,37.25,0.056838424,0.038910416,0.03
KT2440,1,90,37.5,0.056705624,0.038910416,0.03
KT2440,1,90,37.75,0.04900322,0.038910416,0.03
KT2440,1,90,38.0,0.060025625,0.038910416,0.03
KT2440,1,90,38.25,0.051659222,0.038910416,0.03
KT2440,1,90,38.5,0.04833922,0.038910416,0.03
KT2440,1,90,38.75,0.04794082,0.038910416,0.03
KT2440,1,90,39.0,0.043824018,0.038910416,0.03
KT2440,1,90,39.25,0.043824018,0.038910416,0.03
KT2440,1,90,39.5,0.039574417,0.038910416,0.03
KT2440,1,90,39.75,0.039707217,0.038910416,0.03
KT2440,1,90,40.0,0.038910416,0.038910416,0.03
KT2440,2,90,0.0,0.079414433,0.038910416,0.040504017
KT2440,2,90,0.25,0.079016033,0.038910416,0.040105616999999996
KT2440,2,90,0.5,0.079016033,0.038910416,0.040105616999999996
KT2440,2,90,0.75,0.078883233,0.038910416,0.039972816999999994
KT2440,2,90,1.0,0.079016033,0.038910416,0.040105616999999996
KT2440,2,90,1.25,0.075032031,0.038910416,0.036121614999999996
KT2440,2,90,1.5,0.078883233,0.038910416,0.039972816999999994
KT2440,2,90,1.75,0.075297631,0.038910416,0.036387215
KT2440,2,90,2.0,0.075297631,0.038910416,0.036387215
KT2440,2,90,2.25,0.075164831,0.038910416,0.036254415
KT2440,2,90,2.5,0.075563232,0.038910416,0.03665281599999999
KT2440,2,90,2.75,0.075032031,0.038910416,0.036121614999999996
KT2440,2,90,3.0,0.075164831,0.038910416,0.036254415
KT2440,2,90,3.25,0.075032031,0.038910416,0.036121614999999996
KT2440,2,90,3.5,0.075032031,0.038910416,0.036121614999999996
KT2440,2,90,3.75,0.075297631,0.038910416,0.036387215
KT2440,2,90,4.0,0.075164831,0.038910416,0.036254415
KT2440,2,90,4.25,0.075164831,0.038910416,0.036254415
KT2440,2,90,4.5,0.075297631,0.038910416,0.036387215
KT2440,2,90,4.75,0.075164831,0.038910416,0.036254415
KT2440,2,90,5.0,0.079148833,0.038910416,0.040238417
KT2440,2,90,5.25,0.075297631,0.038910416,0.036387215
KT2440,2,90,5.5,0.078883233,0.038910416,0.039972816999999994
KT2440,2,90,5.75,0.075297631,0.038910416,0.036387215
KT2440,2,90,6.0,0.075164831,0.038910416,0.036254415
KT2440,2,90,6.25,0.075430432,0.038910416,0.036520016
KT2440,2,90,6.5,0.079148833,0.038910416,0.040238417
KT2440,2,90,6.75,0.079148833,0.038910416,0.040238417
KT2440,2,90,7.0,0.075297631,0.038910416,0.036387215
KT2440,2,90,7.25,0.075164831,0.038910416,0.036254415
KT2440,2,90,7.5,0.079148833,0.038910416,0.040238417
KT2440,2,90,7.75,0.075430432,0.038910416,0.036520016
KT2440,2,90,8.0,0.075430432,0.038910416,0.036520016
KT2440,2,90,8.25,0.07157923,0.038910416,0.03266881399999999
KT2440,2,90,8.5,0.075164831,0.038910416,0.036254415
KT2440,2,90,8.75,0.079016033,0.038910416,0.040105616999999996
KT2440,2,90,9.0,0.075430432,0.038910416,0.036520016
KT2440,2,90,9.25,0.075297631,0.038910416,0.036387215
KT2440,2,90,9.5,0.079281633,0.038910416,0.040371217
KT2440,2,90,9.75,0.075297631,0.038910416,0.036387215
KT2440,2,90,10.0,0.075164831,0.038910416,0.036254415
KT2440,2,90,10.25,0.075164831,0.038910416,0.036254415
KT2440,2,90,10.5,0.075563232,0.038910416,0.03665281599999999
KT2440,2,90,10.75,0.07171203,0.038910416,0.03280161399999999
KT2440,2,90,11.0,0.075430432,0.038910416,0.036520016
KT2440,2,90,11.25,0.075297631,0.038910416,0.036387215
KT2440,2,90,11.5,0.075297631,0.038910416,0.036387215
KT2440,2,90,11.75,0.07157923,0.038910416,0.03266881399999999
KT2440,2,90,12.0,0.075563232,0.038910416,0.03665281599999999
KT2440,2,90,12.25,0.075430432,0.038910416,0.036520016
KT2440,2,90,12.5,0.075696032,0.038910416,0.03678561599999999
KT2440,2,90,12.75,0.075164831,0.038910416,0.036254415
KT2440,2,90,13.0,0.07171203,0.038910416,0.03280161399999999
KT2440,2,90,13.25,0.075696032,0.038910416,0.03678561599999999
KT2440,2,90,13.5,0.07171203,0.038910416,0.03280161399999999
KT2440,2,90,13.75,0.075696032,0.038910416,0.03678561599999999
KT2440,2,90,14.0,0.075430432,0.038910416,0.036520016
KT2440,2,90,14.25,0.07184483,0.038910416,0.032934413999999995
KT2440,2,90,14.5,0.07171203,0.038910416,0.03280161399999999
KT2440,2,90,14.75,0.075297631,0.038910416,0.036387215
KT2440,2,90,15.0,0.075828832,0.038910416,0.036918415999999996
KT2440,2,90,15.25,0.079016033,0.038910416,0.040105616999999996
KT2440,2,90,15.5,0.079016033,0.038910416,0.040105616999999996
KT2440,2,90,15.75,0.075696032,0.038910416,0.03678561599999999
KT2440,2,90,16.0,0.075696032,0.038910416,0.03678561599999999
KT2440,2,90,16.25,0.075696032,0.038910416,0.03678561599999999
KT2440,2,90,16.5,0.075696032,0.038910416,0.03678561599999999
KT2440,2,90,16.75,0.075828832,0.038910416,0.036918415999999996
KT2440,2,90,17.0,0.075961632,0.038910416,0.037051216
KT2440,2,90,17.25,0.075961632,0.038910416,0.037051216
KT2440,2,90,17.5,0.075961632,0.038910416,0.037051216
KT2440,2,90,17.75,0.075961632,0.038910416,0.037051216
KT2440,2,90,18.0,0.075961632,0.038910416,0.037051216
KT2440,2,90,18.25,0.075696032,0.038910416,0.03678561599999999
KT2440,2,90,18.5,0.075430432,0.038910416,0.036520016
KT2440,2,90,18.75,0.075696032,0.038910416,0.03678561599999999
KT2440,2,90,19.0,0.075828832,0.038910416,0.036918415999999996
KT2440,2,90,19.25,0.075828832,0.038910416,0.036918415999999996
KT2440,2,90,19.5,0.075828832,0.038910416,0.036918415999999996
KT2440,2,90,19.75,0.075696032,0.038910416,0.03678561599999999
KT2440,2,90,20.0,0.075828832,0.038910416,0.036918415999999996
KT2440,2,90,20.25,0.075696032,0.038910416,0.03678561599999999
KT2440,2,90,20.5,0.075828832,0.038910416,0.036918415999999996
KT2440,2,90,20.75,0.075696032,0.038910416,0.03678561599999999
KT2440,2,90,21.0,0.075696032,0.038910416,0.03678561599999999
KT2440,2,90,21.25,0.07171203,0.038910416,0.03280161399999999
KT2440,2,90,21.5,0.075961632,0.038910416,0.037051216
KT2440,2,90,21.75,0.07197763,0.038910416,0.033067214
KT2440,2,90,22.0,0.07184483,0.038910416,0.032934413999999995
KT2440,2,90,22.25,0.075828832,0.038910416,0.036918415999999996
KT2440,2,90,22.5,0.07211043,0.038910416,0.033200014
KT2440,2,90,22.75,0.07224323,0.038910416,0.033332814
KT2440,2,90,23.0,0.07224323,0.038910416,0.033332814
KT2440,2,90,23.25,0.07211043,0.038910416,0.033200014
KT2440,2,90,23.5,0.07184483,0.038910416,0.032934413999999995
KT2440,2,90,23.75,0.07171203,0.038910416,0.03280161399999999
KT2440,2,90,24.0,0.07184483,0.038910416,0.032934413999999995
KT2440,2,90,24.25,0.07197763,0.038910416,0.033067214
KT2440,2,90,24.5,0.07171203,0.038910416,0.03280161399999999
KT2440,2,90,24.75,0.075828832,0.038910416,0.036918415999999996
KT2440,2,90,25.0,0.07184483,0.038910416,0.032934413999999995
KT2440,2,90,25.25,0.07184483,0.038910416,0.032934413999999995
KT2440,2,90,25.5,0.07157923,0.038910416,0.03266881399999999
KT2440,2,90,25.75,0.07171203,0.038910416,0.03280161399999999
KT2440,2,90,26.0,0.07197763,0.038910416,0.033067214
KT2440,2,90,26.25,0.07184483,0.038910416,0.032934413999999995
KT2440,2,90,26.5,0.07197763,0.038910416,0.033067214
KT2440,2,90,26.75,0.07184483,0.038910416,0.032934413999999995
KT2440,2,90,27.0,0.07157923,0.038910416,0.03266881399999999
KT2440,2,90,27.25,0.07184483,0.038910416,0.032934413999999995
KT2440,2,90,27.5,0.07184483,0.038910416,0.032934413999999995
KT2440,2,90,27.75,0.07197763,0.038910416,0.033067214
KT2440,2,90,28.0,0.07184483,0.038910416,0.032934413999999995
KT2440,2,90,28.25,0.07171203,0.038910416,0.03280161399999999
KT2440,2,90,28.5,0.07131363,0.038910416,0.032403214
KT2440,2,90,28.75,0.067728028,0.038910416,0.03
KT2440,2,90,29.0,0.07157923,0.038910416,0.03266881399999999
KT2440,2,90,29.25,0.067728028,0.038910416,0.03
KT2440,2,90,29.5,0.07157923,0.038910416,0.03266881399999999
KT2440,2,90,29.75,0.067860828,0.038910416,0.03
KT2440,2,90,30.0,0.067728028,0.038910416,0.03
KT2440,2,90,30.25,0.068126428,0.038910416,0.03
KT2440,2,90,30.5,0.07171203,0.038910416,0.03280161399999999
KT2440,2,90,30.75,0.067993628,0.038910416,0.03
KT2440,2,90,31.0,0.067860828,0.038910416,0.03
KT2440,2,90,31.25,0.067860828,0.038910416,0.03
KT2440,2,90,31.5,0.067993628,0.038910416,0.03
KT2440,2,90,31.75,0.067993628,0.038910416,0.03
KT2440,2,90,32.0,0.067993628,0.038910416,0.03
KT2440,2,90,32.25,0.067993628,0.038910416,0.03
KT2440,2,90,32.5,0.068126428,0.038910416,0.03
KT2440,2,90,32.75,0.067860828,0.038910416,0.03
KT2440,2,90,33.0,0.067728028,0.038910416,0.03
KT2440,2,90,33.25,0.064408027,0.038910416,0.03
KT2440,2,90,33.5,0.068126428,0.038910416,0.03
KT2440,2,90,33.75,0.064275227,0.038910416,0.03
KT2440,2,90,34.0,0.064142427,0.038910416,0.03
KT2440,2,90,34.25,0.064275227,0.038910416,0.03
KT2440,2,90,34.5,0.064275227,0.038910416,0.03
KT2440,2,90,34.75,0.064275227,0.038910416,0.03
KT2440,2,90,35.0,0.064142427,0.038910416,0.03
KT2440,2,90,35.25,0.064009627,0.038910416,0.03
KT2440,2,90,35.5,0.064275227,0.038910416,0.03
KT2440,2,90,35.75,0.064275227,0.038910416,0.03
KT2440,2,90,36.0,0.064275227,0.038910416,0.03
KT2440,2,90,36.25,0.064142427,0.038910416,0.03
KT2440,2,90,36.5,0.064142427,0.038910416,0.03
KT2440,2,90,36.75,0.064540827,0.038910416,0.03
KT2440,2,90,37.0,0.064806427,0.038910416,0.03
KT2440,2,90,37.25,0.064540827,0.038910416,0.03
KT2440,2,90,37.5,0.060556825,0.038910416,0.03
KT2440,2,90,37.75,0.064408027,0.038910416,0.03
KT2440,2,90,38.0,0.060025625,0.038910416,0.03
KT2440,2,90,38.25,0.059361625,0.038910416,0.03
KT2440,2,90,38.5,0.059892825,0.038910416,0.03
KT2440,2,90,38.75,0.059494425,0.038910416,0.03
KT2440,2,90,39.0,0.059228825,0.038910416,0.03
KT2440,2,90,39.25,0.059228825,0.038910416,0.03
KT2440,2,90,39.5,0.058830425,0.038910416,0.03
KT2440,2,90,39.75,0.058963225,0.038910416,0.03
KT2440,2,90,40.0,0.058166424,0.038910416,0.03
KT2440,3,90,0.0,0.090968038,0.038910416,0.052057622
KT2440,3,90,0.25,0.090569638,0.038910416,0.05165922199999999
KT2440,3,90,0.5,0.090569638,0.038910416,0.05165922199999999
KT2440,3,90,0.75,0.090436838,0.038910416,0.051526422
KT2440,3,90,1.0,0.090569638,0.038910416,0.05165922199999999
KT2440,3,90,1.25,0.090436838,0.038910416,0.051526422
KT2440,3,90,1.5,0.090436838,0.038910416,0.051526422
KT2440,3,90,1.75,0.090702438,0.038910416,0.05179202199999999
KT2440,3,90,2.0,0.090702438,0.038910416,0.05179202199999999
KT2440,3,90,2.25,0.090569638,0.038910416,0.05165922199999999
KT2440,3,90,2.5,0.090968038,0.038910416,0.052057622
KT2440,3,90,2.75,0.090436838,0.038910416,0.051526422
KT2440,3,90,3.0,0.090569638,0.038910416,0.05165922199999999
KT2440,3,90,3.25,0.090436838,0.038910416,0.051526422
KT2440,3,90,3.5,0.090436838,0.038910416,0.051526422
KT2440,3,90,3.75,0.090702438,0.038910416,0.05179202199999999
KT2440,3,90,4.0,0.090569638,0.038910416,0.05165922199999999
KT2440,3,90,4.25,0.090569638,0.038910416,0.05165922199999999
KT2440,3,90,4.5,0.090702438,0.038910416,0.05179202199999999
KT2440,3,90,4.75,0.090569638,0.038910416,0.05165922199999999
KT2440,3,90,5.0,0.090702438,0.038910416,0.05179202199999999
KT2440,3,90,5.25,0.090702438,0.038910416,0.05179202199999999
KT2440,3,90,5.5,0.094288039,0.038910416,0.055377623
KT2440,3,90,5.75,0.09455364,0.038910416,0.05564322399999999
KT2440,3,90,6.0,0.094420839,0.038910416,0.055510423
KT2440,3,90,6.25,0.09468644,0.038910416,0.055776023999999993
KT2440,3,90,6.5,0.09455364,0.038910416,0.05564322399999999
KT2440,3,90,6.75,0.09455364,0.038910416,0.05564322399999999
KT2440,3,90,7.0,0.09455364,0.038910416,0.05564322399999999
KT2440,3,90,7.25,0.094420839,0.038910416,0.055510423
KT2440,3,90,7.5,0.098404841,0.038910416,0.059494425000000004
KT2440,3,90,7.75,0.09468644,0.038910416,0.055776023999999993
KT2440,3,90,8.0,0.09468644,0.038910416,0.055776023999999993
KT2440,3,90,8.25,0.09468644,0.038910416,0.055776023999999993
KT2440,3,90,8.5,0.094420839,0.038910416,0.055510423
KT2440,3,90,8.75,0.094420839,0.038910416,0.055510423
KT2440,3,90,9.0,0.09468644,0.038910416,0.055776023999999993
KT2440,3,90,9.25,0.098404841,0.038910416,0.059494425000000004
KT2440,3,90,9.5,0.09468644,0.038910416,0.055776023999999993
KT2440,3,90,9.75,0.098404841,0.038910416,0.059494425000000004
KT2440,3,90,10.0,0.094420839,0.038910416,0.055510423
KT2440,3,90,10.25,0.094420839,0.038910416,0.055510423
KT2440,3,90,10.5,0.09481924,0.038910416,0.055908823999999996
KT2440,3,90,10.75,0.09481924,0.038910416,0.055908823999999996
KT2440,3,90,11.0,0.09468644,0.038910416,0.055776023999999993
KT2440,3,90,11.25,0.09455364,0.038910416,0.05564322399999999
KT2440,3,90,11.5,0.09455364,0.038910416,0.05564322399999999
KT2440,3,90,11.75,0.09468644,0.038910416,0.055776023999999993
KT2440,3,90,12.0,0.09481924,0.038910416,0.055908823999999996
KT2440,3,90,12.25,0.09468644,0.038910416,0.055776023999999993
KT2440,3,90,12.5,0.09495204,0.038910416,0.056041624
KT2440,3,90,12.75,0.094420839,0.038910416,0.055510423
KT2440,3,90,13.0,0.09481924,0.038910416,0.055908823999999996
KT2440,3,90,13.25,0.09495204,0.038910416,0.056041624
KT2440,3,90,13.5,0.09481924,0.038910416,0.055908823999999996
KT2440,3,90,13.75,0.09495204,0.038910416,0.056041624
KT2440,3,90,14.0,0.09468644,0.038910416,0.055776023999999993
KT2440,3,90,14.25,0.09495204,0.038910416,0.056041624
KT2440,3,90,14.5,0.09481924,0.038910416,0.055908823999999996
KT2440,3,90,14.75,0.09455364,0.038910416,0.05564322399999999
KT2440,3,90,15.0,0.09508484,0.038910416,0.056174424
KT2440,3,90,15.25,0.098272041,0.038910416,0.059361625
KT2440,3,90,15.5,0.098272041,0.038910416,0.059361625
KT2440,3,90,15.75,0.098803241,0.038910416,0.059892825
KT2440,3,90,16.0,0.098803241,0.038910416,0.059892825
KT2440,3,90,16.25,0.098803241,0.038910416,0.059892825
KT2440,3,90,16.5,0.098803241,0.038910416,0.059892825
KT2440,3,90,16.75,0.098936041,0.038910416,0.060025625
KT2440,3,90,17.0,0.099068841,0.038910416,0.060158425
KT2440,3,90,17.25,0.099068841,0.038910416,0.060158425
KT2440,3,90,17.5,0.099068841,0.038910416,0.060158425
KT2440,3,90,17.75,0.099068841,0.038910416,0.060158425
KT2440,3,90,18.0,0.099068841,0.038910416,0.060158425
KT2440,3,90,18.25,0.098803241,0.038910416,0.059892825
KT2440,3,90,18.5,0.098537641,0.038910416,0.05962722499999999
KT2440,3,90,18.75,0.098803241,0.038910416,0.059892825
KT2440,3,90,19.0,0.098936041,0.038910416,0.060025625
KT2440,3,90,19.25,0.098936041,0.038910416,0.060025625
KT2440,3,90,19.5,0.098936041,0.038910416,0.060025625
KT2440,3,90,19.75,0.09495204,0.038910416,0.056041624
KT2440,3,90,20.0,0.098936041,0.038910416,0.060025625
KT2440,3,90,20.25,0.09495204,0.038910416,0.056041624
KT2440,3,90,20.5,0.09508484,0.038910416,0.056174424
KT2440,3,90,20.75,0.09495204,0.038910416,0.056041624
KT2440,3,90,21.0,0.09495204,0.038910416,0.056041624
KT2440,3,90,21.25,0.09481924,0.038910416,0.055908823999999996
KT2440,3,90,21.5,0.09521764,0.038910416,0.056307224
KT2440,3,90,21.75,0.09508484,0.038910416,0.056174424
KT2440,3,90,22.0,0.098803241,0.038910416,0.059892825
KT2440,3,90,22.25,0.09508484,0.038910416,0.056174424
KT2440,3,90,22.5,0.09521764,0.038910416,0.056307224
KT2440,3,90,22.75,0.09535044,0.038910416,0.05644002399999999
KT2440,3,90,23.0,0.09535044,0.038910416,0.05644002399999999
KT2440,3,90,23.25,0.09521764,0.038910416,0.056307224
KT2440,3,90,23.5,0.09495204,0.038910416,0.056041624
KT2440,3,90,23.75,0.09481924,0.038910416,0.055908823999999996
KT2440,3,90,24.0,0.09495204,0.038910416,0.056041624
KT2440,3,90,24.25,0.09508484,0.038910416,0.056174424
KT2440,3,90,24.5,0.09481924,0.038910416,0.055908823999999996
KT2440,3,90,24.75,0.091233638,0.038910416,0.052323222
KT2440,3,90,25.0,0.091100838,0.038910416,0.052190422
KT2440,3,90,25.25,0.091100838,0.038910416,0.052190422
KT2440,3,90,25.5,0.090835238,0.038910416,0.051924821999999995
KT2440,3,90,25.75,0.090968038,0.038910416,0.052057622
KT2440,3,90,26.0,0.091233638,0.038910416,0.052323222
KT2440,3,90,26.25,0.091100838,0.038910416,0.052190422
KT2440,3,90,26.5,0.091233638,0.038910416,0.052323222
KT2440,3,90,26.75,0.091100838,0.038910416,0.052190422
KT2440,3,90,27.0,0.090835238,0.038910416,0.051924821999999995
KT2440,3,90,27.25,0.091100838,0.038910416,0.052190422
KT2440,3,90,27.5,0.091100838,0.038910416,0.052190422
KT2440,3,90,27.75,0.091233638,0.038910416,0.052323222
KT2440,3,90,28.0,0.091100838,0.038910416,0.052190422
KT2440,3,90,28.25,0.090968038,0.038910416,0.052057622
KT2440,3,90,28.5,0.090569638,0.038910416,0.05165922199999999
KT2440,3,90,28.75,0.090835238,0.038910416,0.051924821999999995
KT2440,3,90,29.0,0.090835238,0.038910416,0.051924821999999995
KT2440,3,90,29.25,0.090835238,0.038910416,0.051924821999999995
KT2440,3,90,29.5,0.086984036,0.038910416,0.04807362
KT2440,3,90,29.75,0.087116836,0.038910416,0.04820642
KT2440,3,90,30.0,0.086984036,0.038910416,0.04807362
KT2440,3,90,30.25,0.087382437,0.038910416,0.04847202099999999
KT2440,3,90,30.5,0.087116836,0.038910416,0.04820642
KT2440,3,90,30.75,0.087249636,0.038910416,0.04833922
KT2440,3,90,31.0,0.087116836,0.038910416,0.04820642
KT2440,3,90,31.25,0.087116836,0.038910416,0.04820642
KT2440,3,90,31.5,0.087249636,0.038910416,0.04833922
KT2440,3,90,31.75,0.087249636,0.038910416,0.04833922
KT2440,3,90,32.0,0.087249636,0.038910416,0.04833922
KT2440,3,90,32.25,0.087249636,0.038910416,0.04833922
KT2440,3,90,32.5,0.087382437,0.038910416,0.04847202099999999
KT2440,3,90,32.75,0.087116836,0.038910416,0.04820642
KT2440,3,90,33.0,0.086984036,0.038910416,0.04807362
KT2440,3,90,33.25,0.083664035,0.038910416,0.044753618999999994
KT2440,3,90,33.5,0.083531235,0.038910416,0.04462081899999999
KT2440,3,90,33.75,0.083531235,0.038910416,0.04462081899999999
KT2440,3,90,34.0,0.083398435,0.038910416,0.044488019000000004
KT2440,3,90,34.25,0.083531235,0.038910416,0.04462081899999999
KT2440,3,90,34.5,0.083531235,0.038910416,0.04462081899999999
KT2440,3,90,34.75,0.083531235,0.038910416,0.04462081899999999
KT2440,3,90,35.0,0.083398435,0.038910416,0.044488019000000004
KT2440,3,90,35.25,0.083265635,0.038910416,0.044355219
KT2440,3,90,35.5,0.083531235,0.038910416,0.04462081899999999
KT2440,3,90,35.75,0.083531235,0.038910416,0.04462081899999999
KT2440,3,90,36.0,0.083531235,0.038910416,0.04462081899999999
KT2440,3,90,36.25,0.083398435,0.038910416,0.044488019000000004
KT2440,3,90,36.5,0.083398435,0.038910416,0.044488019000000004
KT2440,3,90,36.75,0.079945633,0.038910416,0.041035217
KT2440,3,90,37.0,0.080211234,0.038910416,0.041300818
KT2440,3,90,37.25,0.079945633,0.038910416,0.041035217
KT2440,3,90,37.5,0.079812833,0.038910416,0.040902416999999996
KT2440,3,90,37.75,0.079812833,0.038910416,0.040902416999999996
KT2440,3,90,38.0,0.079281633,0.038910416,0.040371217
KT2440,3,90,38.25,0.078617633,0.038910416,0.039707217
KT2440,3,90,38.5,0.079148833,0.038910416,0.040238417
KT2440,3,90,38.75,0.078750433,0.038910416,0.03984001699999999
KT2440,3,90,39.0,0.078484833,0.038910416,0.039574417
KT2440,3,90,39.25,0.078484833,0.038910416,0.039574417
KT2440,3,90,39.5,0.074235231,0.038910416,0.035324814999999996
KT2440,3,90,39.75,0.074368031,0.038910416,0.035457615
KT2440,3,90,40.0,0.073571231,0.038910416,0.034660815
